[  137327ms] [LOG] 🎉 DV Training Module - Interactive features loaded successfully! @ http://semiconlab-staging-alb-124259420.ap-south-1.elb.amazonaws.com/assets/common/interactive.js:129
[  139391ms] [LOG] [AuthService] getToken() - token exists: false, token length: 0 @ http://semiconlab-staging-alb-124259420.ap-south-1.elb.amazonaws.com/main.dart.js:55885
[  139392ms] [LOG] [AuthProvider] _loadUser() - hasToken: false @ http://semiconlab-staging-alb-124259420.ap-south-1.elb.amazonaws.com/main.dart.js:55885
[  139392ms] [LOG] [AuthProvider] No token found, clearing user @ http://semiconlab-staging-alb-124259420.ap-south-1.elb.amazonaws.com/main.dart.js:55885
[  140341ms] [WARNING] [.WebGL-0x18407a51400]GL Driver Message (OpenGL, Performance, GL_CLOSE_PATH_NV, High): GPU stall due to ReadPixels @ http://semiconlab-staging-alb-124259420.ap-south-1.elb.amazonaws.com/:0
[  140531ms] [WARNING] [.WebGL-0x18407a51400]GL Driver Message (OpenGL, Performance, GL_CLOSE_PATH_NV, High): GPU stall due to ReadPixels @ http://semiconlab-staging-alb-124259420.ap-south-1.elb.amazonaws.com/:0
[  140792ms] [WARNING] [.WebGL-0x18407a51400]GL Driver Message (OpenGL, Performance, GL_CLOSE_PATH_NV, High): GPU stall due to ReadPixels @ http://semiconlab-staging-alb-124259420.ap-south-1.elb.amazonaws.com/:0
[  140986ms] [WARNING] [.WebGL-0x18407a51400]GL Driver Message (OpenGL, Performance, GL_CLOSE_PATH_NV, High): GPU stall due to ReadPixels (this message will no longer repeat) @ http://semiconlab-staging-alb-124259420.ap-south-1.elb.amazonaws.com/:0
[  701863ms] [LOG] [AuthService] Saved token to storage, length: 327 @ http://semiconlab-staging-alb-124259420.ap-south-1.elb.amazonaws.com/main.dart.js:55885
[  701863ms] [LOG] [AuthService] Verified token saved: true @ http://semiconlab-staging-alb-124259420.ap-south-1.elb.amazonaws.com/main.dart.js:55885
[  701864ms] [LOG] [AuthService] Saved user data: surya.n@semiconos.ai, role: Learner @ http://semiconlab-staging-alb-124259420.ap-south-1.elb.amazonaws.com/main.dart.js:55885
[  701865ms] [LOG] [AuthService] getToken() - token exists: true, token length: 327 @ http://semiconlab-staging-alb-124259420.ap-south-1.elb.amazonaws.com/main.dart.js:55885
[  701866ms] [LOG] [ApiService] GET Request: /users/profile/me @ http://semiconlab-staging-alb-124259420.ap-south-1.elb.amazonaws.com/main.dart.js:55885
[  701867ms] [LOG] [ApiService] Headers: {Authorization: Bearer eyJhbGciOiJIUzI1NiIsInR5cCI6IkpXVCJ9.eyJlbWFpbCI6InN1cnlhLm5Ac2VtaWNvbm9zLmFpIiwic3ViIjo5NSwicm9sZSI6IkxlYXJuZXIiLCJvcmdJZCI6bnVsbCwidGVhbUlkIjpudWxsLCJhdmFpbGFibGVSb2xlcyI6W10sInNpZCI6ImI5NGVjYzQ3LTQ2MDItNDE5Zi1iMmY0LTViOTk1ODhhZjc2MSIsImlhdCI6MTc4NDc5OTY3MSwiZXhwIjoxNzg1NDA0NDcxfQ.XtqvvgxYi_43mtsjpbElbbWChpvHhFSh_eG6XYLo8oU} @ http://semiconlab-staging-alb-124259420.ap-south-1.elb.amazonaws.com/main.dart.js:55885
[  702083ms] [LOG] [ApiService] Response Status: 200 @ http://semiconlab-staging-alb-124259420.ap-south-1.elb.amazonaws.com/main.dart.js:55885
[  702083ms] [LOG] [ApiService] Response URL: http://semiconlab-staging-alb-124259420.ap-south-1.elb.amazonaws.com:3000/v1/users/profile/me @ http://semiconlab-staging-alb-124259420.ap-south-1.elb.amazonaws.com/main.dart.js:55885
[  702095ms] [LOG] [LearnerRouteChecker] Checking pending payment for user 95... @ http://semiconlab-staging-alb-124259420.ap-south-1.elb.amazonaws.com/main.dart.js:55885
[  702116ms] [LOG] [AuthService] getToken() - token exists: true, token length: 327 @ http://semiconlab-staging-alb-124259420.ap-south-1.elb.amazonaws.com/main.dart.js:55885
[  702117ms] [LOG] [ApiService] GET Request: /users/95/pending-payment @ http://semiconlab-staging-alb-124259420.ap-south-1.elb.amazonaws.com/main.dart.js:55885
[  702117ms] [LOG] [ApiService] Headers: {Authorization: Bearer eyJhbGciOiJIUzI1NiIsInR5cCI6IkpXVCJ9.eyJlbWFpbCI6InN1cnlhLm5Ac2VtaWNvbm9zLmFpIiwic3ViIjo5NSwicm9sZSI6IkxlYXJuZXIiLCJvcmdJZCI6bnVsbCwidGVhbUlkIjpudWxsLCJhdmFpbGFibGVSb2xlcyI6W10sInNpZCI6ImI5NGVjYzQ3LTQ2MDItNDE5Zi1iMmY0LTViOTk1ODhhZjc2MSIsImlhdCI6MTc4NDc5OTY3MSwiZXhwIjoxNzg1NDA0NDcxfQ.XtqvvgxYi_43mtsjpbElbbWChpvHhFSh_eG6XYLo8oU} @ http://semiconlab-staging-alb-124259420.ap-south-1.elb.amazonaws.com/main.dart.js:55885
[  702393ms] [LOG] [ApiService] Response Status: 200 @ http://semiconlab-staging-alb-124259420.ap-south-1.elb.amazonaws.com/main.dart.js:55885
[  702393ms] [LOG] [ApiService] Response URL: http://semiconlab-staging-alb-124259420.ap-south-1.elb.amazonaws.com:3000/v1/users/95/pending-payment @ http://semiconlab-staging-alb-124259420.ap-south-1.elb.amazonaws.com/main.dart.js:55885
[  702394ms] [LOG] checkPendingPayment result for user 95: {hasPendingPayment: false} @ http://semiconlab-staging-alb-124259420.ap-south-1.elb.amazonaws.com/main.dart.js:55885
[  702394ms] [LOG] [LearnerRouteChecker] Pending payment check result: {hasPendingPayment: false} @ http://semiconlab-staging-alb-124259420.ap-south-1.elb.amazonaws.com/main.dart.js:55885
[  702394ms] [LOG] [LearnerRouteChecker] Has pending payment or needs subscription: false @ http://semiconlab-staging-alb-124259420.ap-south-1.elb.amazonaws.com/main.dart.js:55885
[  702395ms] [LOG] [LearnerRouteChecker] Checking enrollment status... @ http://semiconlab-staging-alb-124259420.ap-south-1.elb.amazonaws.com/main.dart.js:55885
[  702396ms] [LOG] [AuthService] getToken() - token exists: true, token length: 327 @ http://semiconlab-staging-alb-124259420.ap-south-1.elb.amazonaws.com/main.dart.js:55885
[  702397ms] [LOG] [ApiService] GET Request: /users/95/modules?limit=100 @ http://semiconlab-staging-alb-124259420.ap-south-1.elb.amazonaws.com/main.dart.js:55885
[  702397ms] [LOG] [ApiService] Headers: {Authorization: Bearer eyJhbGciOiJIUzI1NiIsInR5cCI6IkpXVCJ9.eyJlbWFpbCI6InN1cnlhLm5Ac2VtaWNvbm9zLmFpIiwic3ViIjo5NSwicm9sZSI6IkxlYXJuZXIiLCJvcmdJZCI6bnVsbCwidGVhbUlkIjpudWxsLCJhdmFpbGFibGVSb2xlcyI6W10sInNpZCI6ImI5NGVjYzQ3LTQ2MDItNDE5Zi1iMmY0LTViOTk1ODhhZjc2MSIsImlhdCI6MTc4NDc5OTY3MSwiZXhwIjoxNzg1NDA0NDcxfQ.XtqvvgxYi_43mtsjpbElbbWChpvHhFSh_eG6XYLo8oU} @ http://semiconlab-staging-alb-124259420.ap-south-1.elb.amazonaws.com/main.dart.js:55885
[  702398ms] [LOG] [AuthService] getToken() - token exists: true, token length: 327 @ http://semiconlab-staging-alb-124259420.ap-south-1.elb.amazonaws.com/main.dart.js:55885
[  702398ms] [LOG] [ApiService] GET Request: /users/95/skills @ http://semiconlab-staging-alb-124259420.ap-south-1.elb.amazonaws.com/main.dart.js:55885
[  702399ms] [LOG] [ApiService] Headers: {Authorization: Bearer eyJhbGciOiJIUzI1NiIsInR5cCI6IkpXVCJ9.eyJlbWFpbCI6InN1cnlhLm5Ac2VtaWNvbm9zLmFpIiwic3ViIjo5NSwicm9sZSI6IkxlYXJuZXIiLCJvcmdJZCI6bnVsbCwidGVhbUlkIjpudWxsLCJhdmFpbGFibGVSb2xlcyI6W10sInNpZCI6ImI5NGVjYzQ3LTQ2MDItNDE5Zi1iMmY0LTViOTk1ODhhZjc2MSIsImlhdCI6MTc4NDc5OTY3MSwiZXhwIjoxNzg1NDA0NDcxfQ.XtqvvgxYi_43mtsjpbElbbWChpvHhFSh_eG6XYLo8oU} @ http://semiconlab-staging-alb-124259420.ap-south-1.elb.amazonaws.com/main.dart.js:55885
[  702399ms] [LOG] [AuthService] getToken() - token exists: true, token length: 327 @ http://semiconlab-staging-alb-124259420.ap-south-1.elb.amazonaws.com/main.dart.js:55885
[  702400ms] [LOG] [ApiService] GET Request: /users/95 @ http://semiconlab-staging-alb-124259420.ap-south-1.elb.amazonaws.com/main.dart.js:55885
[  702400ms] [LOG] [ApiService] Headers: {Authorization: Bearer eyJhbGciOiJIUzI1NiIsInR5cCI6IkpXVCJ9.eyJlbWFpbCI6InN1cnlhLm5Ac2VtaWNvbm9zLmFpIiwic3ViIjo5NSwicm9sZSI6IkxlYXJuZXIiLCJvcmdJZCI6bnVsbCwidGVhbUlkIjpudWxsLCJhdmFpbGFibGVSb2xlcyI6W10sInNpZCI6ImI5NGVjYzQ3LTQ2MDItNDE5Zi1iMmY0LTViOTk1ODhhZjc2MSIsImlhdCI6MTc4NDc5OTY3MSwiZXhwIjoxNzg1NDA0NDcxfQ.XtqvvgxYi_43mtsjpbElbbWChpvHhFSh_eG6XYLo8oU} @ http://semiconlab-staging-alb-124259420.ap-south-1.elb.amazonaws.com/main.dart.js:55885
[  702587ms] [LOG] [ApiService] Response Status: 204 @ http://semiconlab-staging-alb-124259420.ap-south-1.elb.amazonaws.com/main.dart.js:55885
[  702587ms] [LOG] [ApiService] Response URL: http://semiconlab-staging-alb-124259420.ap-south-1.elb.amazonaws.com:3000/v1/users/95/modules?limit=100 @ http://semiconlab-staging-alb-124259420.ap-south-1.elb.amazonaws.com/main.dart.js:55885
[  702625ms] [LOG] [ApiService] Response Status: 200 @ http://semiconlab-staging-alb-124259420.ap-south-1.elb.amazonaws.com/main.dart.js:55885
[  702625ms] [LOG] [ApiService] Response URL: http://semiconlab-staging-alb-124259420.ap-south-1.elb.amazonaws.com:3000/v1/users/95 @ http://semiconlab-staging-alb-124259420.ap-south-1.elb.amazonaws.com/main.dart.js:55885
[  702625ms] [LOG] [ApiService] Response Status: 200 @ http://semiconlab-staging-alb-124259420.ap-south-1.elb.amazonaws.com/main.dart.js:55885
[  702626ms] [LOG] [ApiService] Response URL: http://semiconlab-staging-alb-124259420.ap-south-1.elb.amazonaws.com:3000/v1/users/95/skills @ http://semiconlab-staging-alb-124259420.ap-south-1.elb.amazonaws.com/main.dart.js:55885
[  702626ms] [LOG] [LearnerRouteChecker] ENROLLMENT CHECK RESULTS: @ http://semiconlab-staging-alb-124259420.ap-south-1.elb.amazonaws.com/main.dart.js:55885
[  702626ms] [LOG]   - Modules: 0 @ http://semiconlab-staging-alb-124259420.ap-south-1.elb.amazonaws.com/main.dart.js:55885
[  702627ms] [LOG]   - Skills: 0 @ http://semiconlab-staging-alb-124259420.ap-south-1.elb.amazonaws.com/main.dart.js:55885
[  702627ms] [LOG]   - Domain Access: true @ http://semiconlab-staging-alb-124259420.ap-south-1.elb.amazonaws.com/main.dart.js:55885
[  702627ms] [LOG]   - Has Enrollments: false @ http://semiconlab-staging-alb-124259420.ap-south-1.elb.amazonaws.com/main.dart.js:55885
[  702653ms] [LOG] [AuthService] getToken() - token exists: true, token length: 327 @ http://semiconlab-staging-alb-124259420.ap-south-1.elb.amazonaws.com/main.dart.js:55885
[  702653ms] [LOG] [ApiService] GET Request: /notifications/unread @ http://semiconlab-staging-alb-124259420.ap-south-1.elb.amazonaws.com/main.dart.js:55885
[  702653ms] [LOG] [ApiService] Headers: {Authorization: Bearer eyJhbGciOiJIUzI1NiIsInR5cCI6IkpXVCJ9.eyJlbWFpbCI6InN1cnlhLm5Ac2VtaWNvbm9zLmFpIiwic3ViIjo5NSwicm9sZSI6IkxlYXJuZXIiLCJvcmdJZCI6bnVsbCwidGVhbUlkIjpudWxsLCJhdmFpbGFibGVSb2xlcyI6W10sInNpZCI6ImI5NGVjYzQ3LTQ2MDItNDE5Zi1iMmY0LTViOTk1ODhhZjc2MSIsImlhdCI6MTc4NDc5OTY3MSwiZXhwIjoxNzg1NDA0NDcxfQ.XtqvvgxYi_43mtsjpbElbbWChpvHhFSh_eG6XYLo8oU} @ http://semiconlab-staging-alb-124259420.ap-south-1.elb.amazonaws.com/main.dart.js:55885
[  702654ms] [LOG] [AuthService] getToken() - token exists: true, token length: 327 @ http://semiconlab-staging-alb-124259420.ap-south-1.elb.amazonaws.com/main.dart.js:55885
[  702654ms] [LOG] [AuthService] getToken() - token exists: true, token length: 327 @ http://semiconlab-staging-alb-124259420.ap-south-1.elb.amazonaws.com/main.dart.js:55885
[  702655ms] [LOG] [ApiService] GET Request: /users/profile/me @ http://semiconlab-staging-alb-124259420.ap-south-1.elb.amazonaws.com/main.dart.js:55885
[  702655ms] [LOG] [ApiService] Headers: {Authorization: Bearer eyJhbGciOiJIUzI1NiIsInR5cCI6IkpXVCJ9.eyJlbWFpbCI6InN1cnlhLm5Ac2VtaWNvbm9zLmFpIiwic3ViIjo5NSwicm9sZSI6IkxlYXJuZXIiLCJvcmdJZCI6bnVsbCwidGVhbUlkIjpudWxsLCJhdmFpbGFibGVSb2xlcyI6W10sInNpZCI6ImI5NGVjYzQ3LTQ2MDItNDE5Zi1iMmY0LTViOTk1ODhhZjc2MSIsImlhdCI6MTc4NDc5OTY3MSwiZXhwIjoxNzg1NDA0NDcxfQ.XtqvvgxYi_43mtsjpbElbbWChpvHhFSh_eG6XYLo8oU} @ http://semiconlab-staging-alb-124259420.ap-south-1.elb.amazonaws.com/main.dart.js:55885
[  702670ms] [LOG] [AuthService] getToken() - token exists: true, token length: 327 @ http://semiconlab-staging-alb-124259420.ap-south-1.elb.amazonaws.com/main.dart.js:55885
[  702670ms] [LOG] [AuthService] getToken() - token exists: true, token length: 327 @ http://semiconlab-staging-alb-124259420.ap-south-1.elb.amazonaws.com/main.dart.js:55885
[  702671ms] [LOG] [ApiService] GET Request: labs-api/available-labs @ http://semiconlab-staging-alb-124259420.ap-south-1.elb.amazonaws.com/main.dart.js:55885
[  702671ms] [LOG] [ApiService] Headers: {Authorization: Bearer eyJhbGciOiJIUzI1NiIsInR5cCI6IkpXVCJ9.eyJlbWFpbCI6InN1cnlhLm5Ac2VtaWNvbm9zLmFpIiwic3ViIjo5NSwicm9sZSI6IkxlYXJuZXIiLCJvcmdJZCI6bnVsbCwidGVhbUlkIjpudWxsLCJhdmFpbGFibGVSb2xlcyI6W10sInNpZCI6ImI5NGVjYzQ3LTQ2MDItNDE5Zi1iMmY0LTViOTk1ODhhZjc2MSIsImlhdCI6MTc4NDc5OTY3MSwiZXhwIjoxNzg1NDA0NDcxfQ.XtqvvgxYi_43mtsjpbElbbWChpvHhFSh_eG6XYLo8oU} @ http://semiconlab-staging-alb-124259420.ap-south-1.elb.amazonaws.com/main.dart.js:55885
[  702672ms] [LOG] [AuthService] getToken() - token exists: true, token length: 327 @ http://semiconlab-staging-alb-124259420.ap-south-1.elb.amazonaws.com/main.dart.js:55885
[  702672ms] [LOG] [AuthService] getToken() - token exists: true, token length: 327 @ http://semiconlab-staging-alb-124259420.ap-south-1.elb.amazonaws.com/main.dart.js:55885
[  702672ms] [LOG] [ApiService] GET Request: /users/95 @ http://semiconlab-staging-alb-124259420.ap-south-1.elb.amazonaws.com/main.dart.js:55885
[  702672ms] [LOG] [ApiService] Headers: {Authorization: Bearer eyJhbGciOiJIUzI1NiIsInR5cCI6IkpXVCJ9.eyJlbWFpbCI6InN1cnlhLm5Ac2VtaWNvbm9zLmFpIiwic3ViIjo5NSwicm9sZSI6IkxlYXJuZXIiLCJvcmdJZCI6bnVsbCwidGVhbUlkIjpudWxsLCJhdmFpbGFibGVSb2xlcyI6W10sInNpZCI6ImI5NGVjYzQ3LTQ2MDItNDE5Zi1iMmY0LTViOTk1ODhhZjc2MSIsImlhdCI6MTc4NDc5OTY3MSwiZXhwIjoxNzg1NDA0NDcxfQ.XtqvvgxYi_43mtsjpbElbbWChpvHhFSh_eG6XYLo8oU} @ http://semiconlab-staging-alb-124259420.ap-south-1.elb.amazonaws.com/main.dart.js:55885
[  702960ms] [LOG] [ApiService] Response Status: 200 @ http://semiconlab-staging-alb-124259420.ap-south-1.elb.amazonaws.com/main.dart.js:55885
[  702960ms] [LOG] [ApiService] Response URL: http://semiconlab-staging-alb-124259420.ap-south-1.elb.amazonaws.com:3000/v1/users/95 @ http://semiconlab-staging-alb-124259420.ap-south-1.elb.amazonaws.com/main.dart.js:55885
[  702961ms] [LOG] [AuthService] getToken() - token exists: true, token length: 327 @ http://semiconlab-staging-alb-124259420.ap-south-1.elb.amazonaws.com/main.dart.js:55885
[  702962ms] [LOG] [ApiService] GET Request: /skills?page=1&limit=200&domainId=17 @ http://semiconlab-staging-alb-124259420.ap-south-1.elb.amazonaws.com/main.dart.js:55885
[  702962ms] [LOG] [ApiService] Headers: {Authorization: Bearer eyJhbGciOiJIUzI1NiIsInR5cCI6IkpXVCJ9.eyJlbWFpbCI6InN1cnlhLm5Ac2VtaWNvbm9zLmFpIiwic3ViIjo5NSwicm9sZSI6IkxlYXJuZXIiLCJvcmdJZCI6bnVsbCwidGVhbUlkIjpudWxsLCJhdmFpbGFibGVSb2xlcyI6W10sInNpZCI6ImI5NGVjYzQ3LTQ2MDItNDE5Zi1iMmY0LTViOTk1ODhhZjc2MSIsImlhdCI6MTc4NDc5OTY3MSwiZXhwIjoxNzg1NDA0NDcxfQ.XtqvvgxYi_43mtsjpbElbbWChpvHhFSh_eG6XYLo8oU} @ http://semiconlab-staging-alb-124259420.ap-south-1.elb.amazonaws.com/main.dart.js:55885
[  702963ms] [LOG] [ApiService] Response Status: 200 @ http://semiconlab-staging-alb-124259420.ap-south-1.elb.amazonaws.com/main.dart.js:55885
[  702963ms] [LOG] [ApiService] Response URL: http://semiconlab-staging-alb-124259420.ap-south-1.elb.amazonaws.com:3000/v1/users/profile/me @ http://semiconlab-staging-alb-124259420.ap-south-1.elb.amazonaws.com/main.dart.js:55885
[  702966ms] [LOG] [ApiService] GET Request: /subscriptions/available-domains @ http://semiconlab-staging-alb-124259420.ap-south-1.elb.amazonaws.com/main.dart.js:55885
[  702966ms] [LOG] [ApiService] Headers: {} @ http://semiconlab-staging-alb-124259420.ap-south-1.elb.amazonaws.com/main.dart.js:55885
[  702967ms] [LOG] [ApiService] Response Status: 200 @ http://semiconlab-staging-alb-124259420.ap-south-1.elb.amazonaws.com/main.dart.js:55885
[  702967ms] [LOG] [ApiService] Response URL: http://semiconlab-staging-alb-124259420.ap-south-1.elb.amazonaws.com:3000/v1/notifications/unread @ http://semiconlab-staging-alb-124259420.ap-south-1.elb.amazonaws.com/main.dart.js:55885
[  702976ms] [LOG] [AuthService] getToken() - token exists: true, token length: 327 @ http://semiconlab-staging-alb-124259420.ap-south-1.elb.amazonaws.com/main.dart.js:55885
[  703036ms] [LOG] [ApiService] Response Status: 200 @ http://semiconlab-staging-alb-124259420.ap-south-1.elb.amazonaws.com/main.dart.js:55885
[  703036ms] [LOG] [ApiService] Response URL: http://semiconlab-staging-alb-124259420.ap-south-1.elb.amazonaws.com:3000/v1/labs-api/available-labs @ http://semiconlab-staging-alb-124259420.ap-south-1.elb.amazonaws.com/main.dart.js:55885
[  703038ms] [LOG] [AuthService] getToken() - token exists: true, token length: 327 @ http://semiconlab-staging-alb-124259420.ap-south-1.elb.amazonaws.com/main.dart.js:55885
[  703039ms] [LOG] [AuthService] getToken() - token exists: true, token length: 327 @ http://semiconlab-staging-alb-124259420.ap-south-1.elb.amazonaws.com/main.dart.js:55885
[  703039ms] [LOG] [ApiService] GET Request: labs-api/available-labs @ http://semiconlab-staging-alb-124259420.ap-south-1.elb.amazonaws.com/main.dart.js:55885
[  703039ms] [LOG] [ApiService] Headers: {Authorization: Bearer eyJhbGciOiJIUzI1NiIsInR5cCI6IkpXVCJ9.eyJlbWFpbCI6InN1cnlhLm5Ac2VtaWNvbm9zLmFpIiwic3ViIjo5NSwicm9sZSI6IkxlYXJuZXIiLCJvcmdJZCI6bnVsbCwidGVhbUlkIjpudWxsLCJhdmFpbGFibGVSb2xlcyI6W10sInNpZCI6ImI5NGVjYzQ3LTQ2MDItNDE5Zi1iMmY0LTViOTk1ODhhZjc2MSIsImlhdCI6MTc4NDc5OTY3MSwiZXhwIjoxNzg1NDA0NDcxfQ.XtqvvgxYi_43mtsjpbElbbWChpvHhFSh_eG6XYLo8oU} @ http://semiconlab-staging-alb-124259420.ap-south-1.elb.amazonaws.com/main.dart.js:55885
[  703040ms] [LOG] [AuthService] getToken() - token exists: true, token length: 327 @ http://semiconlab-staging-alb-124259420.ap-south-1.elb.amazonaws.com/main.dart.js:55885
[  703040ms] [LOG] [ApiService] GET Request: users/me/ad-provisioning-status @ http://semiconlab-staging-alb-124259420.ap-south-1.elb.amazonaws.com/main.dart.js:55885
[  703041ms] [LOG] [ApiService] Headers: {Authorization: Bearer eyJhbGciOiJIUzI1NiIsInR5cCI6IkpXVCJ9.eyJlbWFpbCI6InN1cnlhLm5Ac2VtaWNvbm9zLmFpIiwic3ViIjo5NSwicm9sZSI6IkxlYXJuZXIiLCJvcmdJZCI6bnVsbCwidGVhbUlkIjpudWxsLCJhdmFpbGFibGVSb2xlcyI6W10sInNpZCI6ImI5NGVjYzQ3LTQ2MDItNDE5Zi1iMmY0LTViOTk1ODhhZjc2MSIsImlhdCI6MTc4NDc5OTY3MSwiZXhwIjoxNzg1NDA0NDcxfQ.XtqvvgxYi_43mtsjpbElbbWChpvHhFSh_eG6XYLo8oU} @ http://semiconlab-staging-alb-124259420.ap-south-1.elb.amazonaws.com/main.dart.js:55885
[  703179ms] [LOG] [ApiService] Response Status: 200 @ http://semiconlab-staging-alb-124259420.ap-south-1.elb.amazonaws.com/main.dart.js:55885
[  703179ms] [LOG] [ApiService] Response URL: http://semiconlab-staging-alb-124259420.ap-south-1.elb.amazonaws.com:3000/v1/skills?page=1&limit=200&domainId=17 @ http://semiconlab-staging-alb-124259420.ap-south-1.elb.amazonaws.com/main.dart.js:55885
[  703180ms] [LOG] [AuthService] getToken() - token exists: true, token length: 327 @ http://semiconlab-staging-alb-124259420.ap-south-1.elb.amazonaws.com/main.dart.js:55885
[  703180ms] [LOG] [ApiService] GET Request: /users/95/modules?limit=100 @ http://semiconlab-staging-alb-124259420.ap-south-1.elb.amazonaws.com/main.dart.js:55885
[  703180ms] [LOG] [ApiService] Headers: {Authorization: Bearer eyJhbGciOiJIUzI1NiIsInR5cCI6IkpXVCJ9.eyJlbWFpbCI6InN1cnlhLm5Ac2VtaWNvbm9zLmFpIiwic3ViIjo5NSwicm9sZSI6IkxlYXJuZXIiLCJvcmdJZCI6bnVsbCwidGVhbUlkIjpudWxsLCJhdmFpbGFibGVSb2xlcyI6W10sInNpZCI6ImI5NGVjYzQ3LTQ2MDItNDE5Zi1iMmY0LTViOTk1ODhhZjc2MSIsImlhdCI6MTc4NDc5OTY3MSwiZXhwIjoxNzg1NDA0NDcxfQ.XtqvvgxYi_43mtsjpbElbbWChpvHhFSh_eG6XYLo8oU} @ http://semiconlab-staging-alb-124259420.ap-south-1.elb.amazonaws.com/main.dart.js:55885
[  703229ms] [LOG] [ApiService] Response Status: 200 @ http://semiconlab-staging-alb-124259420.ap-south-1.elb.amazonaws.com/main.dart.js:55885
[  703229ms] [LOG] [ApiService] Response URL: http://semiconlab-staging-alb-124259420.ap-south-1.elb.amazonaws.com:3000/v1/subscriptions/available-domains @ http://semiconlab-staging-alb-124259420.ap-south-1.elb.amazonaws.com/main.dart.js:55885
[  703230ms] [LOG] [CoursesBody] Available domains raw response: [{id: 18, name: Analog Layout, description: al, image_url: null}, {id: 16, name: Design Verification, description: null, image_url: null}, {id: 17, name: Physical Design, description: null, image_url: null}] @ http://semiconlab-staging-alb-124259420.ap-south-1.elb.amazonaws.com/main.dart.js:55885
[  703231ms] [LOG] [CoursesBody] Parsed 3 domains from available-domains @ http://semiconlab-staging-alb-124259420.ap-south-1.elb.amazonaws.com/main.dart.js:55885
[  703231ms] [LOG] [AuthService] getToken() - token exists: true, token length: 327 @ http://semiconlab-staging-alb-124259420.ap-south-1.elb.amazonaws.com/main.dart.js:55885
[  703231ms] [LOG] [ApiService] GET Request: /users/95 @ http://semiconlab-staging-alb-124259420.ap-south-1.elb.amazonaws.com/main.dart.js:55885
[  703232ms] [LOG] [ApiService] Headers: {Authorization: Bearer eyJhbGciOiJIUzI1NiIsInR5cCI6IkpXVCJ9.eyJlbWFpbCI6InN1cnlhLm5Ac2VtaWNvbm9zLmFpIiwic3ViIjo5NSwicm9sZSI6IkxlYXJuZXIiLCJvcmdJZCI6bnVsbCwidGVhbUlkIjpudWxsLCJhdmFpbGFibGVSb2xlcyI6W10sInNpZCI6ImI5NGVjYzQ3LTQ2MDItNDE5Zi1iMmY0LTViOTk1ODhhZjc2MSIsImlhdCI6MTc4NDc5OTY3MSwiZXhwIjoxNzg1NDA0NDcxfQ.XtqvvgxYi_43mtsjpbElbbWChpvHhFSh_eG6XYLo8oU} @ http://semiconlab-staging-alb-124259420.ap-south-1.elb.amazonaws.com/main.dart.js:55885
[  703259ms] [LOG] [AuthService] getToken() - token exists: true, token length: 327 @ http://semiconlab-staging-alb-124259420.ap-south-1.elb.amazonaws.com/main.dart.js:55885
[  703303ms] [LOG] [ApiService] Response Status: 200 @ http://semiconlab-staging-alb-124259420.ap-south-1.elb.amazonaws.com/main.dart.js:55885
[  703304ms] [LOG] [ApiService] Response URL: http://semiconlab-staging-alb-124259420.ap-south-1.elb.amazonaws.com:3000/v1/labs-api/available-labs @ http://semiconlab-staging-alb-124259420.ap-south-1.elb.amazonaws.com/main.dart.js:55885
[  703304ms] [LOG] [AuthService] getToken() - token exists: true, token length: 327 @ http://semiconlab-staging-alb-124259420.ap-south-1.elb.amazonaws.com/main.dart.js:55885
[  703305ms] [LOG] [ApiService] GET Request: /users/95 @ http://semiconlab-staging-alb-124259420.ap-south-1.elb.amazonaws.com/main.dart.js:55885
[  703305ms] [LOG] [ApiService] Headers: {Authorization: Bearer eyJhbGciOiJIUzI1NiIsInR5cCI6IkpXVCJ9.eyJlbWFpbCI6InN1cnlhLm5Ac2VtaWNvbm9zLmFpIiwic3ViIjo5NSwicm9sZSI6IkxlYXJuZXIiLCJvcmdJZCI6bnVsbCwidGVhbUlkIjpudWxsLCJhdmFpbGFibGVSb2xlcyI6W10sInNpZCI6ImI5NGVjYzQ3LTQ2MDItNDE5Zi1iMmY0LTViOTk1ODhhZjc2MSIsImlhdCI6MTc4NDc5OTY3MSwiZXhwIjoxNzg1NDA0NDcxfQ.XtqvvgxYi_43mtsjpbElbbWChpvHhFSh_eG6XYLo8oU} @ http://semiconlab-staging-alb-124259420.ap-south-1.elb.amazonaws.com/main.dart.js:55885
[  703328ms] [LOG] [ApiService] Response Status: 200 @ http://semiconlab-staging-alb-124259420.ap-south-1.elb.amazonaws.com/main.dart.js:55885
[  703328ms] [LOG] [ApiService] Response URL: http://semiconlab-staging-alb-124259420.ap-south-1.elb.amazonaws.com:3000/v1/users/me/ad-provisioning-status @ http://semiconlab-staging-alb-124259420.ap-south-1.elb.amazonaws.com/main.dart.js:55885
[  703416ms] [LOG] [ApiService] Response Status: 204 @ http://semiconlab-staging-alb-124259420.ap-south-1.elb.amazonaws.com/main.dart.js:55885
[  703416ms] [LOG] [ApiService] Response URL: http://semiconlab-staging-alb-124259420.ap-south-1.elb.amazonaws.com:3000/v1/users/95/modules?limit=100 @ http://semiconlab-staging-alb-124259420.ap-south-1.elb.amazonaws.com/main.dart.js:55885
[  703466ms] [LOG] [ApiService] Response Status: 200 @ http://semiconlab-staging-alb-124259420.ap-south-1.elb.amazonaws.com/main.dart.js:55885
[  703466ms] [LOG] [ApiService] Response URL: http://semiconlab-staging-alb-124259420.ap-south-1.elb.amazonaws.com:3000/v1/users/95 @ http://semiconlab-staging-alb-124259420.ap-south-1.elb.amazonaws.com/main.dart.js:55885
[  703467ms] [LOG] [CoursesBody] Enrolled domains from profile: 1 @ http://semiconlab-staging-alb-124259420.ap-south-1.elb.amazonaws.com/main.dart.js:55885
[  703467ms] [LOG] [AuthService] getToken() - token exists: true, token length: 327 @ http://semiconlab-staging-alb-124259420.ap-south-1.elb.amazonaws.com/main.dart.js:55885
[  703467ms] [LOG] [ApiService] GET Request: /users/95/skills @ http://semiconlab-staging-alb-124259420.ap-south-1.elb.amazonaws.com/main.dart.js:55885
[  703467ms] [LOG] [ApiService] Headers: {Authorization: Bearer eyJhbGciOiJIUzI1NiIsInR5cCI6IkpXVCJ9.eyJlbWFpbCI6InN1cnlhLm5Ac2VtaWNvbm9zLmFpIiwic3ViIjo5NSwicm9sZSI6IkxlYXJuZXIiLCJvcmdJZCI6bnVsbCwidGVhbUlkIjpudWxsLCJhdmFpbGFibGVSb2xlcyI6W10sInNpZCI6ImI5NGVjYzQ3LTQ2MDItNDE5Zi1iMmY0LTViOTk1ODhhZjc2MSIsImlhdCI6MTc4NDc5OTY3MSwiZXhwIjoxNzg1NDA0NDcxfQ.XtqvvgxYi_43mtsjpbElbbWChpvHhFSh_eG6XYLo8oU} @ http://semiconlab-staging-alb-124259420.ap-south-1.elb.amazonaws.com/main.dart.js:55885
[  703487ms] [LOG] [ApiService] Response Status: 200 @ http://semiconlab-staging-alb-124259420.ap-south-1.elb.amazonaws.com/main.dart.js:55885
[  703487ms] [LOG] [ApiService] Response URL: http://semiconlab-staging-alb-124259420.ap-south-1.elb.amazonaws.com:3000/v1/users/95 @ http://semiconlab-staging-alb-124259420.ap-south-1.elb.amazonaws.com/main.dart.js:55885
[  703633ms] [LOG] [ApiService] Response Status: 200 @ http://semiconlab-staging-alb-124259420.ap-south-1.elb.amazonaws.com/main.dart.js:55885
[  703633ms] [LOG] [ApiService] Response URL: http://semiconlab-staging-alb-124259420.ap-south-1.elb.amazonaws.com:3000/v1/users/95/skills @ http://semiconlab-staging-alb-124259420.ap-south-1.elb.amazonaws.com/main.dart.js:55885
[  703636ms] [LOG] [AuthService] getToken() - token exists: true, token length: 327 @ http://semiconlab-staging-alb-124259420.ap-south-1.elb.amazonaws.com/main.dart.js:55885
[  703637ms] [LOG] [DiscoverService] GET /discover/learner-landing params={limit: 50, domainId: 17, domain_id: 17, sort-by: createdOn, sort-order: desc} @ http://semiconlab-staging-alb-124259420.ap-south-1.elb.amazonaws.com/main.dart.js:55885
[  703637ms] [LOG] [ApiService] GET Request: /discover/learner-landing?limit=50&domainId=17&domain_id=17&sort-by=createdOn&sort-order=desc @ http://semiconlab-staging-alb-124259420.ap-south-1.elb.amazonaws.com/main.dart.js:55885
[  703637ms] [LOG] [ApiService] Headers: {Authorization: Bearer eyJhbGciOiJIUzI1NiIsInR5cCI6IkpXVCJ9.eyJlbWFpbCI6InN1cnlhLm5Ac2VtaWNvbm9zLmFpIiwic3ViIjo5NSwicm9sZSI6IkxlYXJuZXIiLCJvcmdJZCI6bnVsbCwidGVhbUlkIjpudWxsLCJhdmFpbGFibGVSb2xlcyI6W10sInNpZCI6ImI5NGVjYzQ3LTQ2MDItNDE5Zi1iMmY0LTViOTk1ODhhZjc2MSIsImlhdCI6MTc4NDc5OTY3MSwiZXhwIjoxNzg1NDA0NDcxfQ.XtqvvgxYi_43mtsjpbElbbWChpvHhFSh_eG6XYLo8oU} @ http://semiconlab-staging-alb-124259420.ap-south-1.elb.amazonaws.com/main.dart.js:55885
[  703659ms] [LOG] [AuthService] getToken() - token exists: true, token length: 327 @ http://semiconlab-staging-alb-124259420.ap-south-1.elb.amazonaws.com/main.dart.js:55885
[  703660ms] [LOG] [ApiService] GET Request: labs-api/start-status?domain_id=17 @ http://semiconlab-staging-alb-124259420.ap-south-1.elb.amazonaws.com/main.dart.js:55885
[  703660ms] [LOG] [ApiService] Headers: {Authorization: Bearer eyJhbGciOiJIUzI1NiIsInR5cCI6IkpXVCJ9.eyJlbWFpbCI6InN1cnlhLm5Ac2VtaWNvbm9zLmFpIiwic3ViIjo5NSwicm9sZSI6IkxlYXJuZXIiLCJvcmdJZCI6bnVsbCwidGVhbUlkIjpudWxsLCJhdmFpbGFibGVSb2xlcyI6W10sInNpZCI6ImI5NGVjYzQ3LTQ2MDItNDE5Zi1iMmY0LTViOTk1ODhhZjc2MSIsImlhdCI6MTc4NDc5OTY3MSwiZXhwIjoxNzg1NDA0NDcxfQ.XtqvvgxYi_43mtsjpbElbbWChpvHhFSh_eG6XYLo8oU} @ http://semiconlab-staging-alb-124259420.ap-south-1.elb.amazonaws.com/main.dart.js:55885
[  703661ms] [LOG] [AuthService] getToken() - token exists: true, token length: 327 @ http://semiconlab-staging-alb-124259420.ap-south-1.elb.amazonaws.com/main.dart.js:55885
[  703661ms] [LOG] [ApiService] GET Request: labs-api/available-labs @ http://semiconlab-staging-alb-124259420.ap-south-1.elb.amazonaws.com/main.dart.js:55885
[  703661ms] [LOG] [ApiService] Headers: {Authorization: Bearer eyJhbGciOiJIUzI1NiIsInR5cCI6IkpXVCJ9.eyJlbWFpbCI6InN1cnlhLm5Ac2VtaWNvbm9zLmFpIiwic3ViIjo5NSwicm9sZSI6IkxlYXJuZXIiLCJvcmdJZCI6bnVsbCwidGVhbUlkIjpudWxsLCJhdmFpbGFibGVSb2xlcyI6W10sInNpZCI6ImI5NGVjYzQ3LTQ2MDItNDE5Zi1iMmY0LTViOTk1ODhhZjc2MSIsImlhdCI6MTc4NDc5OTY3MSwiZXhwIjoxNzg1NDA0NDcxfQ.XtqvvgxYi_43mtsjpbElbbWChpvHhFSh_eG6XYLo8oU} @ http://semiconlab-staging-alb-124259420.ap-south-1.elb.amazonaws.com/main.dart.js:55885
[  703822ms] [LOG] [ApiService] Response Status: 200 @ http://semiconlab-staging-alb-124259420.ap-south-1.elb.amazonaws.com/main.dart.js:55885
[  703822ms] [LOG] [ApiService] Response URL: http://semiconlab-staging-alb-124259420.ap-south-1.elb.amazonaws.com:3000/v1/labs-api/start-status?domain_id=17 @ http://semiconlab-staging-alb-124259420.ap-south-1.elb.amazonaws.com/main.dart.js:55885
[  703948ms] [LOG] [ApiService] Response Status: 200 @ http://semiconlab-staging-alb-124259420.ap-south-1.elb.amazonaws.com/main.dart.js:55885
[  703948ms] [LOG] [ApiService] Response URL: http://semiconlab-staging-alb-124259420.ap-south-1.elb.amazonaws.com:3000/v1/labs-api/available-labs @ http://semiconlab-staging-alb-124259420.ap-south-1.elb.amazonaws.com/main.dart.js:55885
[  703949ms] [LOG] [AuthService] getToken() - token exists: true, token length: 327 @ http://semiconlab-staging-alb-124259420.ap-south-1.elb.amazonaws.com/main.dart.js:55885
[  703950ms] [LOG] [AuthService] getToken() - token exists: true, token length: 327 @ http://semiconlab-staging-alb-124259420.ap-south-1.elb.amazonaws.com/main.dart.js:55885
[  703950ms] [LOG] [ApiService] GET Request: labs-api/available-labs @ http://semiconlab-staging-alb-124259420.ap-south-1.elb.amazonaws.com/main.dart.js:55885
[  703950ms] [LOG] [ApiService] Headers: {Authorization: Bearer eyJhbGciOiJIUzI1NiIsInR5cCI6IkpXVCJ9.eyJlbWFpbCI6InN1cnlhLm5Ac2VtaWNvbm9zLmFpIiwic3ViIjo5NSwicm9sZSI6IkxlYXJuZXIiLCJvcmdJZCI6bnVsbCwidGVhbUlkIjpudWxsLCJhdmFpbGFibGVSb2xlcyI6W10sInNpZCI6ImI5NGVjYzQ3LTQ2MDItNDE5Zi1iMmY0LTViOTk1ODhhZjc2MSIsImlhdCI6MTc4NDc5OTY3MSwiZXhwIjoxNzg1NDA0NDcxfQ.XtqvvgxYi_43mtsjpbElbbWChpvHhFSh_eG6XYLo8oU} @ http://semiconlab-staging-alb-124259420.ap-south-1.elb.amazonaws.com/main.dart.js:55885
[  703951ms] [LOG] [AuthService] getToken() - token exists: true, token length: 327 @ http://semiconlab-staging-alb-124259420.ap-south-1.elb.amazonaws.com/main.dart.js:55885
[  703951ms] [LOG] [ApiService] GET Request: users/me/ad-provisioning-status @ http://semiconlab-staging-alb-124259420.ap-south-1.elb.amazonaws.com/main.dart.js:55885
[  703951ms] [LOG] [ApiService] Headers: {Authorization: Bearer eyJhbGciOiJIUzI1NiIsInR5cCI6IkpXVCJ9.eyJlbWFpbCI6InN1cnlhLm5Ac2VtaWNvbm9zLmFpIiwic3ViIjo5NSwicm9sZSI6IkxlYXJuZXIiLCJvcmdJZCI6bnVsbCwidGVhbUlkIjpudWxsLCJhdmFpbGFibGVSb2xlcyI6W10sInNpZCI6ImI5NGVjYzQ3LTQ2MDItNDE5Zi1iMmY0LTViOTk1ODhhZjc2MSIsImlhdCI6MTc4NDc5OTY3MSwiZXhwIjoxNzg1NDA0NDcxfQ.XtqvvgxYi_43mtsjpbElbbWChpvHhFSh_eG6XYLo8oU} @ http://semiconlab-staging-alb-124259420.ap-south-1.elb.amazonaws.com/main.dart.js:55885
[  703976ms] [LOG] [ApiService] Response Status: 200 @ http://semiconlab-staging-alb-124259420.ap-south-1.elb.amazonaws.com/main.dart.js:55885
[  703977ms] [LOG] [ApiService] Response URL: http://semiconlab-staging-alb-124259420.ap-south-1.elb.amazonaws.com:3000/v1/discover/learner-landing?limit=50&domainId=17&domain_id=17&sort-by=createdOn&sort-order=desc @ http://semiconlab-staging-alb-124259420.ap-south-1.elb.amazonaws.com/main.dart.js:55885
[  703978ms] [LOG] [CoursesBody] Landing response: {data: {certifications: [{id: 67, title: testing, description: dfda, level_of_difficulty: Intermediate, image_url: null, domain_id: 17, domain_name: Physical Design, tool_id: 3, tool: {id: 3, name: Cadence}, modules_count: 0, practicals: 0, lab_testcases_count: 0, duration: null}, {id: 66, title: Basic STA - Synopsys, description: Static Timing Analysis including basic STA flow and DMSA-based ECO generation for logical and physical domains., level_of_difficulty: Advanced, image_url: null, domain_id: 17, domain_name: Physical Design, tool_id: 2, tool: {id: 2, name: Synopsys}, modules_count: 1, practicals: 2, lab_testcases_count: 2, duration: 3}, {id: 65, title: Basic STA - Cadence, description: Static Timing Analysis including basic STA flow and DMSA-based ECO generation for logical and physical domains., level_of_difficulty: Advanced, image_url: null, domain_id: 17, domain_name: Physical Design, tool_id: 3, tool: {id: 3, name: Cadence}, modules_count: 2, practicals: 4, lab_testcases_count: 4, duration: 6}, {id: 64, title: Basic PV - Synopsys, description: Physical Verification encompassing GDS merging and sign-off checks., level_of_difficulty: Intermediate, image_url: null, domain_id: 17, domain_name: Physical Design, tool_id: 2, tool: {id: 2, name: Synopsys}, modules_count: 1, practicals: 0, lab_testcases_count: 0, duration: 50}, {id: 63, title: Basic PV - Cadence, description: Physical Verification encompassing GDS merging and sign-off checks., level_of_difficulty: Intermediate, image_url: null, domain_id: 17, domain_name: Physical Design, tool_id: 3, tool: {id: 3, name: Cadence}, modules_count: 1, practicals: 0, lab_testcases_count: 0, duration: 50}, {id: 62, title: Basic PnR - Synopsys, description: Complete Place-and-Route flow covering design init, floorplan, placement, CTS, routing, post-route, chip finish, power planning, filler gaps, DRC/LVS, antenna, and dummy fill., level_of_difficulty: Advanced, image_url: null, domain_id: 17, domain_name: Physical Design, tool_id: 2, tool: {id: 2, name: Synopsys}, modules_count: 6, practicals: 12, lab_testcases_count: 12, duration: 12}, {id: 61, title: Basic PnR - Cadence, description: Complete Place-and-Route flow covering design init, floorplan, placement, CTS, routing, post-route, chip finish, power planning, filler gaps, DRC/LVS, antenna, and dummy fill., level_of_difficulty: Advanced, image_url: null, domain_id: 17, domain_name: Physical Design, tool_id: 3, tool: {id: 3, name: Cadence}, modules_count: 6, practicals: 12, lab_testcases_count: 12, duration: 12}, {id: 60, title: Basic LEC - Synopsys, description: Logical Equivalence Checking using Formality for RTL-to-netlist and netlist-to-netlist comparisons, including clock-gating app option issues., level_of_difficulty: Intermediate, image_url: null, domain_id: 17, domain_name: Physical Design, tool_id: 2, tool: {id: 2, name: Synopsys}, modules_count: 3, practicals: 7, lab_testcases_count: 7, duration: 6}, {id: 59, title: Basic LEC - Cadence, description: Logical Equivalence Checking using Formality for RTL-to-netlist and netlist-to-netlist comparisons, including clock-gating app option issues., level_of_difficulty: Intermediate, image_url: null, domain_id: 17, domain_name: Physical Design, tool_id: 3, tool: {id: 3, name: Cadence}, modules_count: 0, practicals: 0, lab_testcases_count: 0, duration: null}, {id: 58, title: Basic Synthesis - Synopsys, description: Covers RTL-to-netlist conversion including unresolved references, timing checks, logic-aware synthesis, and physical-aware synthesis flows., level_of_difficulty: Intermediate, image_url: null, domain_id: 17, domain_name: Physical Design, tool_id: 2, tool: {id: 2, name: Synopsys}, modules_count: 4, practicals: 8, lab_testcases_count: 8, duration: 8}, {id: 57, title: Basic Synthesis - Cadence, description: Covers RTL-to-netlist conversion including unresolved references, timing checks, logic-aware synthesis, and physical-aware synthesis flows., level_of_difficulty: Intermediate, image_url: null, domain_id: 17, domain_name: Physical Design, tool_id: 3, tool: {id: 3, name: Cadence}, modules_count: 4, practicals: 8, lab_testcases_count: 8, duration: 8}], top_picked_modules: [{type: module, id: 86, name: DRC Flow - Calibre, description: null, duration: 50, level: Beginner, image_url: null, enrolled_count: 1, lab_testcases_count: 0, practicals: 0}, {type: module, id: 82, name: Chip Finish (Synopsys), description: Execute chip-finish steps to prepare the design for tape-out. Tool: Synopsys., duration: 2, level: Advanced, image_url: null, enrolled_count: 1, lab_testcases_count: 2, practicals: 2}, {type: module, id: 81, name: Chip Finish (Cadence), description: Execute chip-finish steps to prepare the design for tape-out. Tool: Cadence., duration: 2, level: Advanced, image_url: null, enrolled_count: 1, lab_testcases_count: 2, practicals: 2}, {type: module, id: 80, name: Route (Synopsys), description: Execute global and detail routing while meeting DRC and timing constraints. Tool: Synopsys., duration: 2, level: Advanced, image_url: null, enrolled_count: 1, lab_testcases_count: 2, practicals: 2}, {type: module, id: 79, name: Route (Cadence), description: Execute global and detail routing while meeting DRC and timing constraints. Tool: Cadence., duration: 2, level: Advanced, image_url: null, enrolled_count: 1, lab_testcases_count: 2, practicals: 2}, {type: module, id: 78, name: CTS (Synopsys), description: Build and optimize the clock tree to meet skew and latency specifications. Tool: Synopsys., duration: 2, level: Advanced, image_url: null, enrolled_count: 1, lab_testcases_count: 2, practicals: 2}, {type: module, id: 77, name: CTS (Cadence), description: Build and optimize the clock tree to meet skew and latency specifications. Tool: Cadence., duration: 2, level: Advanced, image_url: null, enrolled_count: 1, lab_testcases_count: 2, practicals: 2}, {type: module, id: 76, name: Placement (Synopsys), description: Perform standard-cell placement optimizing for timing, congestion, and area. Tool: Synopsys., duration: 2, level: Advanced, image_url: null, enrolled_count: 1, lab_testcases_count: 2, practicals: 2}, {type: module, id: 75, name: Placement (Cadence), description: Perform standard-cell placement optimizing for timing, congestion, and area. Tool: Cadence., duration: 2, level: Advanced, image_url: null, enrolled_count: 1, lab_testcases_count: 2, practicals: 2}, {type: module, id: 74, name: Floorplan (Synopsys), description: Define die/core area, place hard macros, and create the floorplan for the design. Tool: Synopsys., duration: 2, level: Advanced, image_url: null, enrolled_count: 1, lab_testcases_count: 2, practicals: 2}, {type: module, id: 73, name: Floorplan (Cadence), description: Define die/core area, place hard macros, and create the floorplan for the design. Tool: Cadence., duration: 2, level: Advanced, image_url: null, enrolled_count: 1, lab_testcases_count: 2, practicals: 2}, {type: module, id: 72, name: Design Init (Synopsys), description: Initialize the PnR design database, load libraries, and verify design setup. Tool: Synopsys., duration: 2, level: Advanced, image_url: null, enrolled_count: 1, lab_testcases_count: 2, practicals: 2}, {type: module, id: 71, name: Design Init (Cadence), description: Initialize the PnR design database, load libraries, and verify design setup. Tool: Cadence., duration: 2, level: Advanced, image_url: null, enrolled_count: 1, lab_testcases_count: 2, practicals: 2}, {type: module, id: 67, name: Physical Aware Synthesis (Synopsys), description: Run physical-aware synthesis using placement constraints to improve timing and area. Tool: Synopsys., duration: 2, level: Intermediate, image_url: null, enrolled_count: 1, lab_testcases_count: 2, practicals: 2}, {type: module, id: 66, name: Physical Aware Synthesis (Cadence), description: Run physical-aware synthesis using placement constraints to improve timing and area. Tool: Cadence., duration: 2, level: Intermediate, image_url: null, enrolled_count: 1, lab_testcases_count: 2, practicals: 2}, {type: module, id: 65, name: Logic Aware Synthesis (Synopsys), description: Apply logic-aware synthesis optimizations to improve quality of results. Tool: Synopsys., duration: 2, level: Intermediate, image_url: null, enrolled_count: 1, lab_testcases_count: 2, practicals: 2}, {type: module, id: 64, name: Logic Aware Synthesis (Cadence), description: Apply logic-aware synthesis optimizations to improve quality of results. Tool: Cadence., duration: 2, level: Intermediate, image_url: null, enrolled_count: 1, lab_testcases_count: 2, practicals: 2}, {type: module, id: 63, name: Check Timing Issues (Synopsys), description: Analyze and resolve timing violations reported during the synthesis flow. Tool: Synopsys., duration: 2, level: Intermediate, image_url: null, enrolled_count: 1, lab_testcases_count: 2, practicals: 2}, {type: module, id: 62, name: Check Timing Issues (Cadence), description: Analyze and resolve timing violations reported during the synthesis flow. Tool: Cadence., duration: 2, level: Intermediate, image_url: null, enrolled_count: 1, lab_testcases_count: 2, practicals: 2}, {type: module, id: 61, name: Unresolved References (Synopsys), description: Identify and resolve unresolved reference errors encountered during synthesis. Tool: Synopsys., duration: 2, level: Intermediate, image_url: null, enrolled_count: 1, lab_testcases_count: 2, practicals: 2}, {type: module, id: 60, name: Unresolved References (Cadence), description: Identify and resolve unresolved reference errors encountered during synthesis. Tool: Cadence., duration: 2, level: Intermediate, image_url: null, enrolled_count: 1, lab_testcases_count: 2, practicals: 2}], top_picked: [{type: skill, id: 61, title: Basic PnR - Cadence, description: Complete Place-and-Route flow covering design init, floorplan, placement, CTS, routing, post-route, chip finish, power planning, filler gaps, DRC/LVS, antenna, and dummy fill., level_of_difficulty: Advanced, image_url: null, domain_id: 17, domain_name: Physical Design, enrolled_count: 1, tool_id: 3, tool: {id: 3, name: Cadence}, modules_count: 6, practicals: 12, lab_testcases_count: 12, duration: 12}, {type: skill, id: 62, title: Basic PnR - Synopsys, description: Complete Place-and-Route flow covering design init, floorplan, placement, CTS, routing, post-route, chip finish, power planning, filler gaps, DRC/LVS, antenna, and dummy fill., level_of_difficulty: Advanced, image_url: null, domain_id: 17, domain_name: Physical Design, enrolled_count: 1, tool_id: 2, tool: {id: 2, name: Synopsys}, modules_count: 6, practicals: 12, lab_testcases_count: 12, duration: 12}, {type: skill, id: 64, title: Basic PV - Synopsys, description: Physical Verification encompassing GDS merging and sign-off checks., level_of_difficulty: Intermediate, image_url: null, domain_id: 17, domain_name: Physical Design, enrolled_count: 1, tool_id: 2, tool: {id: 2, name: Synopsys}, modules_count: 1, practicals: 0, lab_testcases_count: 0, duration: 50}, {type: skill, id: 57, title: Basic Synthesis - Cadence, description: Covers RTL-to-netlist conversion including unresolved references, timing checks, logic-aware synthesis, and physical-aware synthesis flows., level_of_difficulty: Intermediate, image_url: null, domain_id: 17, domain_name: Physical Design, enrolled_count: 1, tool_id: 3, tool: {id: 3, name: Cadence}, modules_count: 4, practicals: 8, lab_testcases_count: 8, duration: 8}, {type: skill, id: 58, title: Basic Synthesis - Synopsys, description: Covers RTL-to-netlist conversion including unresolved references, timing checks, logic-aware synthesis, and physical-aware synthesis flows., level_of_difficulty: Intermediate, image_url: null, domain_id: 17, domain_name: Physical Design, enrolled_count: 1, tool_id: 2, tool: {id: 2, name: Synopsys}, modules_count: 4, practicals: 8, lab_testcases_count: 8, duration: 8}, {type: module, id: 62, name: Check Timing Issues (Cadence), description: Analyze and resolve timing violations reported during the synthesis flow. Tool: Cadence., duration: 2, level: Intermediate, image_url: null, enrolled_count: 1, lab_testcases_count: 2, practicals: 2}, {type: module, id: 63, name: Check Timing Issues (Synopsys), description: Analyze and resolve timing violations reported during the synthesis flow. Tool: Synopsys., duration: 2, level: Intermediate, image_url: null, enrolled_count: 1, lab_testcases_count: 2, practicals: 2}, {type: module, id: 81, name: Chip Finish (Cadence), description: Execute chip-finish steps to prepare the design for tape-out. Tool: Cadence., duration: 2, level: Advanced, image_url: null, enrolled_count: 1, lab_testcases_count: 2, practicals: 2}, {type: module, id: 82, name: Chip Finish (Synopsys), description: Execute chip-finish steps to prepare the design for tape-out. Tool: Synopsys., duration: 2, level: Advanced, image_url: null, enrolled_count: 1, lab_testcases_count: 2, practicals: 2}, {type: module, id: 77, name: CTS (Cadence), description: Build and optimize the clock tree to meet skew and latency specifications. Tool: Cadence., duration: 2, level: Advanced, image_url: null, enrolled_count: 1, lab_testcases_count: 2, practicals: 2}, {type: module, id: 78, name: CTS (Synopsys), description: Build and optimize the clock tree to meet skew and latency specifications. Tool: Synopsys., duration: 2, level: Advanced, image_url: null, enrolled_count: 1, lab_testcases_count: 2, practicals: 2}, {type: module, id: 71, name: Design Init (Cadence), description: Initialize the PnR design database, load libraries, and verify design setup. Tool: Cadence., duration: 2, level: Advanced, image_url: null, enrolled_count: 1, lab_testcases_count: 2, practicals: 2}, {type: module, id: 72, name: Design Init (Synopsys), description: Initialize the PnR design database, load libraries, and verify design setup. Tool: Synopsys., duration: 2, level: Advanced, image_url: null, enrolled_count: 1, lab_testcases_count: 2, practicals: 2}, {type: module, id: 86, name: DRC Flow - Calibre, description: null, duration: 50, level: Beginner, image_url: null, enrolled_count: 1, lab_testcases_count: 0, practicals: 0}, {type: module, id: 73, name: Floorplan (Cadence), description: Define die/core area, place hard macros, and create the floorplan for the design. Tool: Cadence., duration: 2, level: Advanced, image_url: null, enrolled_count: 1, lab_testcases_count: 2, practicals: 2}, {type: module, id: 74, name: Floorplan (Synopsys), description: Define die/core area, place hard macros, and create the floorplan for the design. Tool: Synopsys., duration: 2, level: Advanced, image_url: null, enrolled_count: 1, lab_testcases_count: 2, practicals: 2}, {type: module, id: 64, name: Logic Aware Synthesis (Cadence), description: Apply logic-aware synthesis optimizations to improve quality of results. Tool: Cadence., duration: 2, level: Intermediate, image_url: null, enrolled_count: 1, lab_testcases_count: 2, practicals: 2}, {type: module, id: 65, name: Logic Aware Synthesis (Synopsys), description: Apply logic-aware synthesis optimizations to improve quality of results. Tool: Synopsys., duration: 2, level: Intermediate, image_url: null, enrolled_count: 1, lab_testcases_count: 2, practicals: 2}, {type: module, id: 66, name: Physical Aware Synthesis (Cadence), description: Run physical-aware synthesis using placement constraints to improve timing and area. Tool: Cadence., duration: 2, level: Intermediate, image_url: null, enrolled_count: 1, lab_testcases_count: 2, practicals: 2}, {type: module, id: 67, name: Physical Aware Synthesis (Synopsys), description: Run physical-aware synthesis using placement constraints to improve timing and area. Tool: Synopsys., duration: 2, level: Intermediate, image_url: null, enrolled_count: 1, lab_testcases_count: 2, practicals: 2}, {type: module, id: 75, name: Placement (Cadence), description: Perform standard-cell placement optimizing for timing, congestion, and area. Tool: Cadence., duration: 2, level: Advanced, image_url: null, enrolled_count: 1, lab_testcases_count: 2, practicals: 2}, {type: module, id: 76, name: Placement (Synopsys), description: Perform standard-cell placement optimizing for timing, congestion, and area. Tool: Synopsys., duration: 2, level: Advanced, image_url: null, enrolled_count: 1, lab_testcases_count: 2, practicals: 2}, {type: module, id: 79, name: Route (Cadence), description: Execute global and detail routing while meeting DRC and timing constraints. Tool: Cadence., duration: 2, level: Advanced, image_url: null, enrolled_count: 1, lab_testcases_count: 2, practicals: 2}, {type: module, id: 80, name: Route (Synopsys), description: Execute global and detail routing while meeting DRC and timing constraints. Tool: Synopsys., duration: 2, level: Advanced, image_url: null, enrolled_count: 1, lab_testcases_count: 2, practicals: 2}, {type: module, id: 60, name: Unresolved References (Cadence), description: Identify and resolve unresolved reference errors encountered during synthesis. Tool: Cadence., duration: 2, level: Intermediate, image_url: null, enrolled_count: 1, lab_testcases_count: 2, practicals: 2}, {type: module, id: 61, name: Unresolved References (Synopsys), description: Identify and resolve unresolved reference errors encountered during synthesis. Tool: Synopsys., duration: 2, level: Intermediate, image_url: null, enrolled_count: 1, lab_testcases_count: 2, practicals: 2}], top_picked_skills: [{type: skill, id: 61, title: Basic PnR - Cadence, description: Complete Place-and-Route flow covering design init, floorplan, placement, CTS, routing, post-route, chip finish, power planning, filler gaps, DRC/LVS, antenna, and dummy fill., level_of_difficulty: Advanced, image_url: null, domain_id: 17, domain_name: Physical Design, enrolled_count: 1, tool_id: 3, tool: {id: 3, name: Cadence}, modules_count: 6, practicals: 12, lab_testcases_count: 12, duration: 12}, {type: skill, id: 62, title: Basic PnR - Synopsys, description: Complete Place-and-Route flow covering design init, floorplan, placement, CTS, routing, post-route, chip finish, power planning, filler gaps, DRC/LVS, antenna, and dummy fill., level_of_difficulty: Advanced, image_url: null, domain_id: 17, domain_name: Physical Design, enrolled_count: 1, tool_id: 2, tool: {id: 2, name: Synopsys}, modules_count: 6, practicals: 12, lab_testcases_count: 12, duration: 12}, {type: skill, id: 64, title: Basic PV - Synopsys, description: Physical Verification encompassing GDS merging and sign-off checks., level_of_difficulty: Intermediate, image_url: null, domain_id: 17, domain_name: Physical Design, enrolled_count: 1, tool_id: 2, tool: {id: 2, name: Synopsys}, modules_count: 1, practicals: 0, lab_testcases_count: 0, duration: 50}, {type: skill, id: 57, title: Basic Synthesis - Cadence, description: Covers RTL-to-netlist conversion including unresolved references, timing checks, logic-aware synthesis, and physical-aware synthesis flows., level_of_difficulty: Intermediate, image_url: null, domain_id: 17, domain_name: Physical Design, enrolled_count: 1, tool_id: 3, tool: {id: 3, name: Cadence}, modules_count: 4, practicals: 8, lab_testcases_count: 8, duration: 8}, {type: skill, id: 58, title: Basic Synthesis - Synopsys, description: Covers RTL-to-netlist conversion including unresolved references, timing checks, logic-aware synthesis, and physical-aware synthesis flows., level_of_difficulty: Intermediate, image_url: null, domain_id: 17, domain_name: Physical Design, enrolled_count: 1, tool_id: 2, tool: {id: 2, name: Synopsys}, modules_count: 4, practicals: 8, lab_testcases_count: 8, duration: 8}, {type: skill, id: 59, title: Basic LEC - Cadence, description: Logical Equivalence Checking using Formality for RTL-to-netlist and netlist-to-netlist comparisons, including clock-gating app option issues., level_of_difficulty: Intermediate, image_url: null, domain_id: 17, domain_name: Physical Design, enrolled_count: 0, tool_id: 3, tool: {id: 3, name: Cadence}, modules_count: 0, practicals: 0, lab_testcases_count: 0, duration: null}, {type: skill, id: 60, title: Basic LEC - Synopsys, description: Logical Equivalence Checking using Formality for RTL-to-netlist and netlist-to-netlist comparisons, including clock-gating app option issues., level_of_difficulty: Intermediate, image_url: null, domain_id: 17, domain_name: Physical Design, enrolled_count: 0, tool_id: 2, tool: {id: 2, name: Synopsys}, modules_count: 3, practicals: 7, lab_testcases_count: 7, duration: 6}, {type: skill, id: 63, title: Basic PV - Cadence, description: Physical Verification encompassing GDS merging and sign-off checks., level_of_difficulty: Intermediate, image_url: null, domain_id: 17, domain_name: Physical Design, enrolled_count: 0, tool_id: 3, tool: {id: 3, name: Cadence}, modules_count: 1, practicals: 0, lab_testcases_count: 0, duration: 50}, {type: skill, id: 65, title: Basic STA - Cadence, description: Static Timing Analysis including basic STA flow and DMSA-based ECO generation for logical and physical domains., level_of_difficulty: Advanced, image_url: null, domain_id: 17, domain_name: Physical Design, enrolled_count: 0, tool_id: 3, tool: {id: 3, name: Cadence}, modules_count: 2, practicals: 4, lab_testcases_count: 4, duration: 6}, {type: skill, id: 66, title: Basic STA - Synopsys, description: Static Timing Analysis including basic STA flow and DMSA-based ECO generation for logical and physical domains., level_of_difficulty: Advanced, image_url: null, domain_id: 17, domain_name: Physical Design, enrolled_count: 0, tool_id: 2, tool: {id: 2, name: Synopsys}, modules_count: 1, practicals: 2, lab_testcases_count: 2, duration: 3}, {type: skill, id: 67, title: testing, description: dfda, level_of_difficulty: Intermediate, image_url: null, domain_id: 17, domain_name: Physical Design, enrolled_count: 0, tool_id: 3, tool: {id: 3, name: Cadence}, modules_count: 0, practicals: 0, lab_testcases_count: 0, duration: null}], recommended_domains: [{id: 17, name: Physical Design, description: null, image_url: null, skills_count: 11, modules_count: 26, enrolled_count: 7, supported_tools: []}, {id: 16, name: Design Verification, description: null, image_url: null, skills_count: 7, modules_count: 19, enrolled_count: 5, supported_tools: []}, {id: 18, name: Analog Layout, description: al, image_url: null, skills_count: 8, modules_count: 12, enrolled_count: 4, supported_tools: []}]}} @ http://semiconlab-staging-alb-124259420.ap-south-1.elb.amazonaws.com/main.dart.js:55885
[  703980ms] [LOG] [ApiService] GET Request: /modules?page=1&limit=100&domainId=17&sort-by=createdOn&sort-order=desc @ http://semiconlab-staging-alb-124259420.ap-south-1.elb.amazonaws.com/main.dart.js:55885
[  703980ms] [LOG] [ApiService] Headers: {Authorization: Bearer eyJhbGciOiJIUzI1NiIsInR5cCI6IkpXVCJ9.eyJlbWFpbCI6InN1cnlhLm5Ac2VtaWNvbm9zLmFpIiwic3ViIjo5NSwicm9sZSI6IkxlYXJuZXIiLCJvcmdJZCI6bnVsbCwidGVhbUlkIjpudWxsLCJhdmFpbGFibGVSb2xlcyI6W10sInNpZCI6ImI5NGVjYzQ3LTQ2MDItNDE5Zi1iMmY0LTViOTk1ODhhZjc2MSIsImlhdCI6MTc4NDc5OTY3MSwiZXhwIjoxNzg1NDA0NDcxfQ.XtqvvgxYi_43mtsjpbElbbWChpvHhFSh_eG6XYLo8oU} @ http://semiconlab-staging-alb-124259420.ap-south-1.elb.amazonaws.com/main.dart.js:55885
[  704133ms] [LOG] [ApiService] Response Status: 200 @ http://semiconlab-staging-alb-124259420.ap-south-1.elb.amazonaws.com/main.dart.js:55885
[  704133ms] [LOG] [ApiService] Response URL: http://semiconlab-staging-alb-124259420.ap-south-1.elb.amazonaws.com:3000/v1/users/me/ad-provisioning-status @ http://semiconlab-staging-alb-124259420.ap-south-1.elb.amazonaws.com/main.dart.js:55885
[  704157ms] [LOG] [ApiService] Response Status: 200 @ http://semiconlab-staging-alb-124259420.ap-south-1.elb.amazonaws.com/main.dart.js:55885
[  704157ms] [LOG] [ApiService] Response URL: http://semiconlab-staging-alb-124259420.ap-south-1.elb.amazonaws.com:3000/v1/labs-api/available-labs @ http://semiconlab-staging-alb-124259420.ap-south-1.elb.amazonaws.com/main.dart.js:55885
[  704158ms] [LOG] [ApiService] GET Request: /users/95 @ http://semiconlab-staging-alb-124259420.ap-south-1.elb.amazonaws.com/main.dart.js:55885
[  704158ms] [LOG] [ApiService] Headers: {Authorization: Bearer eyJhbGciOiJIUzI1NiIsInR5cCI6IkpXVCJ9.eyJlbWFpbCI6InN1cnlhLm5Ac2VtaWNvbm9zLmFpIiwic3ViIjo5NSwicm9sZSI6IkxlYXJuZXIiLCJvcmdJZCI6bnVsbCwidGVhbUlkIjpudWxsLCJhdmFpbGFibGVSb2xlcyI6W10sInNpZCI6ImI5NGVjYzQ3LTQ2MDItNDE5Zi1iMmY0LTViOTk1ODhhZjc2MSIsImlhdCI6MTc4NDc5OTY3MSwiZXhwIjoxNzg1NDA0NDcxfQ.XtqvvgxYi_43mtsjpbElbbWChpvHhFSh_eG6XYLo8oU} @ http://semiconlab-staging-alb-124259420.ap-south-1.elb.amazonaws.com/main.dart.js:55885
[  704196ms] [LOG] [ApiService] Response Status: 200 @ http://semiconlab-staging-alb-124259420.ap-south-1.elb.amazonaws.com/main.dart.js:55885
[  704196ms] [LOG] [ApiService] Response URL: http://semiconlab-staging-alb-124259420.ap-south-1.elb.amazonaws.com:3000/v1/modules?page=1&limit=100&domainId=17&sort-by=createdOn&sort-order=desc @ http://semiconlab-staging-alb-124259420.ap-south-1.elb.amazonaws.com/main.dart.js:55885
[  704615ms] [LOG] [ApiService] GET Request: labs-api/available-labs @ http://semiconlab-staging-alb-124259420.ap-south-1.elb.amazonaws.com/main.dart.js:55885
[  704617ms] [LOG] [ApiService] Headers: {Authorization: Bearer eyJhbGciOiJIUzI1NiIsInR5cCI6IkpXVCJ9.eyJlbWFpbCI6InN1cnlhLm5Ac2VtaWNvbm9zLmFpIiwic3ViIjo5NSwicm9sZSI6IkxlYXJuZXIiLCJvcmdJZCI6bnVsbCwidGVhbUlkIjpudWxsLCJhdmFpbGFibGVSb2xlcyI6W10sInNpZCI6ImI5NGVjYzQ3LTQ2MDItNDE5Zi1iMmY0LTViOTk1ODhhZjc2MSIsImlhdCI6MTc4NDc5OTY3MSwiZXhwIjoxNzg1NDA0NDcxfQ.XtqvvgxYi_43mtsjpbElbbWChpvHhFSh_eG6XYLo8oU} @ http://semiconlab-staging-alb-124259420.ap-south-1.elb.amazonaws.com/main.dart.js:55885
[  704697ms] [LOG] [ApiService] GET Request: /users/95/tools?limit=100&domainId=17 @ http://semiconlab-staging-alb-124259420.ap-south-1.elb.amazonaws.com/main.dart.js:55885
[  704698ms] [LOG] [ApiService] Headers: {Authorization: Bearer eyJhbGciOiJIUzI1NiIsInR5cCI6IkpXVCJ9.eyJlbWFpbCI6InN1cnlhLm5Ac2VtaWNvbm9zLmFpIiwic3ViIjo5NSwicm9sZSI6IkxlYXJuZXIiLCJvcmdJZCI6bnVsbCwidGVhbUlkIjpudWxsLCJhdmFpbGFibGVSb2xlcyI6W10sInNpZCI6ImI5NGVjYzQ3LTQ2MDItNDE5Zi1iMmY0LTViOTk1ODhhZjc2MSIsImlhdCI6MTc4NDc5OTY3MSwiZXhwIjoxNzg1NDA0NDcxfQ.XtqvvgxYi_43mtsjpbElbbWChpvHhFSh_eG6XYLo8oU} @ http://semiconlab-staging-alb-124259420.ap-south-1.elb.amazonaws.com/main.dart.js:55885
[  704884ms] [LOG] [ApiService] Response Status: 200 @ http://semiconlab-staging-alb-124259420.ap-south-1.elb.amazonaws.com/main.dart.js:55885
[  704884ms] [LOG] [ApiService] Response URL: http://semiconlab-staging-alb-124259420.ap-south-1.elb.amazonaws.com:3000/v1/users/95 @ http://semiconlab-staging-alb-124259420.ap-south-1.elb.amazonaws.com/main.dart.js:55885
[  704927ms] [LOG] [ApiService] Response Status: 200 @ http://semiconlab-staging-alb-124259420.ap-south-1.elb.amazonaws.com/main.dart.js:55885
[  704927ms] [LOG] [ApiService] Response URL: http://semiconlab-staging-alb-124259420.ap-south-1.elb.amazonaws.com:3000/v1/labs-api/available-labs @ http://semiconlab-staging-alb-124259420.ap-south-1.elb.amazonaws.com/main.dart.js:55885
[  704928ms] [LOG] [ApiService] GET Request: labs-api/start-status?domain_id=17 @ http://semiconlab-staging-alb-124259420.ap-south-1.elb.amazonaws.com/main.dart.js:55885
[  704928ms] [LOG] [ApiService] Headers: {Authorization: Bearer eyJhbGciOiJIUzI1NiIsInR5cCI6IkpXVCJ9.eyJlbWFpbCI6InN1cnlhLm5Ac2VtaWNvbm9zLmFpIiwic3ViIjo5NSwicm9sZSI6IkxlYXJuZXIiLCJvcmdJZCI6bnVsbCwidGVhbUlkIjpudWxsLCJhdmFpbGFibGVSb2xlcyI6W10sInNpZCI6ImI5NGVjYzQ3LTQ2MDItNDE5Zi1iMmY0LTViOTk1ODhhZjc2MSIsImlhdCI6MTc4NDc5OTY3MSwiZXhwIjoxNzg1NDA0NDcxfQ.XtqvvgxYi_43mtsjpbElbbWChpvHhFSh_eG6XYLo8oU} @ http://semiconlab-staging-alb-124259420.ap-south-1.elb.amazonaws.com/main.dart.js:55885
[  704998ms] [LOG] [AuthService] getToken() - token exists: true, token length: 327 @ http://semiconlab-staging-alb-124259420.ap-south-1.elb.amazonaws.com/main.dart.js:55885
[  704998ms] [LOG] [ModuleService] Base URL: http://Semiconlab-Staging-ALB-124259420.ap-south-1.elb.amazonaws.com:3000/v1 @ http://semiconlab-staging-alb-124259420.ap-south-1.elb.amazonaws.com/main.dart.js:55885
[  704998ms] [LOG] [ModuleService] Modules Endpoint: /modules @ http://semiconlab-staging-alb-124259420.ap-south-1.elb.amazonaws.com/main.dart.js:55885
[  704998ms] [LOG] [ModuleService] Full URL will be: http://Semiconlab-Staging-ALB-124259420.ap-south-1.elb.amazonaws.com:3000/v1/modules @ http://semiconlab-staging-alb-124259420.ap-south-1.elb.amazonaws.com/main.dart.js:55885
[  704998ms] [LOG] [ModuleService] Calling GET /modules with params: {page: 1, limit: 100, domainId: 17, sort-by: createdOn, sort-order: desc} @ http://semiconlab-staging-alb-124259420.ap-south-1.elb.amazonaws.com/main.dart.js:55885
[  704998ms] [LOG] [AuthService] getToken() - token exists: true, token length: 327 @ http://semiconlab-staging-alb-124259420.ap-south-1.elb.amazonaws.com/main.dart.js:55885
[  704999ms] [LOG] [ModuleService] Response status: 200 @ http://semiconlab-staging-alb-124259420.ap-south-1.elb.amazonaws.com/main.dart.js:55885
[  704999ms] [LOG] [ModuleService] Response data type: minified:asm @ http://semiconlab-staging-alb-124259420.ap-south-1.elb.amazonaws.com/main.dart.js:55885
[  704999ms] [LOG] [ModuleService] Response data: {data: [{id: 85, created_on: 2026-07-15T06:36:04.427Z, updated_on: 2026-07-15T06:36:04.427Z, name: DMSA Based ECO Generation (Synopsys), description: Perform distributed multi-scenario STA and generate logical and physical ECOs to close timing. Tool: Synopsys., duration: 3, level: Advanced, image_url: null, external_module_id: STA-SNPS-DMSA, lab_testcases_count: 2, practicals: 2}, {id: 84, created_on: 2026-07-15T06:36:04.357Z, updated_on: 2026-07-15T06:36:04.357Z, name: DMSA Based ECO Generation (Cadence), description: Perform distributed multi-scenario STA and generate logical and physical ECOs to close timing. Tool: Cadence., duration: 3, level: Advanced, image_url: null, external_module_id: STA-CDN-DMSA, lab_testcases_count: 2, practicals: 2}, {id: 83, created_on: 2026-07-15T06:36:04.328Z, updated_on: 2026-07-15T06:36:04.328Z, name: Basic STA Flow (Cadence), description: Set up and run static timing analysis; interpret slack reports and identify critical paths. Tool: Cadence., duration: 3, level: Advanced, image_url: null, external_module_id: STA-CDN-STA, lab_testcases_count: 2, practicals: 2}, {id: 82, created_on: 2026-07-15T06:36:04.302Z, updated_on: 2026-07-15T06:36:04.302Z, name: Chip Finish (Synopsys), description: Execute chip-finish steps to prepare the design for tape-out. Tool: Synopsys., duration: 2, level: Advanced, image_url: null, external_module_id: PNR-SNPS-CF, lab_testcases_count: 2, practicals: 2}, {id: 81, created_on: 2026-07-15T06:36:04.250Z, updated_on: 2026-07-15T06:36:04.250Z, name: Chip Finish (Cadence), description: Execute chip-finish steps to prepare the design for tape-out. Tool: Cadence., duration: 2, level: Advanced, image_url: null, external_module_id: PNR-CDN-CF, lab_testcases_count: 2, practicals: 2}, {id: 80, created_on: 2026-07-15T06:36:04.219Z, updated_on: 2026-07-15T06:36:04.219Z, name: Route (Synopsys), description: Execute global and detail routing while meeting DRC and timing constraints. Tool: Synopsys., duration: 2, level: Advanced, image_url: null, external_module_id: PNR-SNPS-RT, lab_testcases_count: 2, practicals: 2}, {id: 79, created_on: 2026-07-15T06:36:04.153Z, updated_on: 2026-07-15T06:36:04.153Z, name: Route (Cadence), description: Execute global and detail routing while meeting DRC and timing constraints. Tool: Cadence., duration: 2, level: Advanced, image_url: null, external_module_id: PNR-CDN-RT, lab_testcases_count: 2, practicals: 2}, {id: 78, created_on: 2026-07-15T06:36:04.124Z, updated_on: 2026-07-15T06:36:04.124Z, name: CTS (Synopsys), description: Build and optimize the clock tree to meet skew and latency specifications. Tool: Synopsys., duration: 2, level: Advanced, image_url: null, external_module_id: PNR-SNPS-CTS, lab_testcases_count: 2, practicals: 2}, {id: 77, created_on: 2026-07-15T06:36:04.080Z, updated_on: 2026-07-15T06:36:04.080Z, name: CTS (Cadence), description: Build and optimize the clock tree to meet skew and latency specifications. Tool: Cadence., duration: 2, level: Advanced, image_url: null, external_module_id: PNR-CDN-CTS, lab_testcases_count: 2, practicals: 2}, {id: 76, created_on: 2026-07-15T06:36:04.017Z, updated_on: 2026-07-15T06:36:04.017Z, name: Placement (Synopsys), description: Perform standard-cell placement optimizing for timing, congestion, and area. Tool: Synopsys., duration: 2, level: Advanced, image_url: null, external_module_id: PNR-SNPS-PL, lab_testcases_count: 2, practicals: 2}, {id: 75, created_on: 2026-07-15T06:36:03.914Z, updated_on: 2026-07-15T06:36:03.914Z, name: Placement (Cadence), description: Perform standard-cell placement optimizing for timing, congestion, and area. Tool: Cadence., duration: 2, level: Advanced, image_url: null, external_module_id: PNR-CDN-PL, lab_testcases_count: 2, practicals: 2}, {id: 74, created_on: 2026-07-15T06:36:03.869Z, updated_on: 2026-07-15T06:36:03.869Z, name: Floorplan (Synopsys), description: Define die/core area, place hard macros, and create the floorplan for the design. Tool: Synopsys., duration: 2, level: Advanced, image_url: null, external_module_id: PNR-SNPS-FP, lab_testcases_count: 2, practicals: 2}, {id: 73, created_on: 2026-07-15T06:36:03.839Z, updated_on: 2026-07-15T06:36:03.839Z, name: Floorplan (Cadence), description: Define die/core area, place hard macros, and create the floorplan for the design. Tool: Cadence., duration: 2, level: Advanced, image_url: null, external_module_id: PNR-CDN-FP, lab_testcases_count: 2, practicals: 2}, {id: 72, created_on: 2026-07-15T06:36:03.810Z, updated_on: 2026-07-15T06:36:03.810Z, name: Design Init (Synopsys), description: Initialize the PnR design database, load libraries, and verify design setup. Tool: Synopsys., duration: 2, level: Advanced, image_url: null, external_module_id: PNR-SNPS-DI, lab_testcases_count: 2, practicals: 2}, {id: 71, created_on: 2026-07-15T06:36:03.746Z, updated_on: 2026-07-15T06:36:03.746Z, name: Design Init (Cadence), description: Initialize the PnR design database, load libraries, and verify design setup. Tool: Cadence., duration: 2, level: Advanced, image_url: null, external_module_id: PNR-CDN-DI, lab_testcases_count: 2, practicals: 2}, {id: 70, created_on: 2026-07-15T06:36:03.714Z, updated_on: 2026-07-15T06:36:03.714Z, name: LEC Testcase for Clock Gating App Option (Synopsys), description: Debug and resolve LEC failures related to clock-gating application options. Tool: Synopsys., duration: 2, level: Intermediate, image_url: null, external_module_id: LEC-SNPS-CG, lab_testcases_count: 2, practicals: 2}, {id: 69, created_on: 2026-07-15T06:36:03.601Z, updated_on: 2026-07-15T06:36:03.601Z, name: LEC Netlist to Netlist (Synopsys), description: Validate netlist-to-netlist equivalence after ECO or optimization steps. Tool: Synopsys., duration: 2, level: Intermediate, image_url: null, external_module_id: LEC-SNPS-N2N, lab_testcases_count: 3, practicals: 3}, {id: 68, created_on: 2026-07-15T06:36:03.503Z, updated_on: 2026-07-15T06:36:03.503Z, name: LEC RTL to Netlist (Synopsys), description: Perform formal equivalence checking from RTL to gate-level netlist using Formality. Tool: Synopsys., duration: 2, level: Intermediate, image_url: null, external_module_id: LEC-SNPS-R2N, lab_testcases_count: 2, practicals: 2}, {id: 67, created_on: 2026-07-15T06:36:03.446Z, updated_on: 2026-07-15T06:36:03.446Z, name: Physical Aware Synthesis (Synopsys), description: Run physical-aware synthesis using placement constraints to improve timing and area. Tool: Synopsys., duration: 2, level: Intermediate, image_url: null, external_module_id: SYN-SNPS-PS, lab_testcases_count: 2, practicals: 2}, {id: 66, created_on: 2026-07-15T06:36:03.360Z, updated_on: 2026-07-15T06:36:03.360Z, name: Physical Aware Synthesis (Cadence), description: Run physical-aware synthesis using placement constraints to improve timing and area. Tool: Cadence., duration: 2, level: Intermediate, image_url: null, external_module_id: SYN-CDN-PS, lab_testcases_count: 2, practicals: 2}, {id: 65, created_on: 2026-07-15T06:36:03.260Z, updated_on: 2026-07-15T06:36:03.260Z, name: Logic Aware Synthesis (Synopsys), description: Apply logic-aware synthesis optimizations to improve quality of results. Tool: Synopsys., duration: 2, level: Intermediate, image_url: null, external_module_id: SYN-SNPS-LS, lab_testcases_count: 2, practicals: 2}, {id: 64, created_on: 2026-07-15T06:36:03.146Z, updated_on: 2026-07-15T06:36:03.146Z, name: Logic Aware Synthesis (Cadence), description: Apply logic-aware synthesis optimizations to improve quality of results. Tool: Cadence., duration: 2, level: Intermediate, image_url: null, external_module_id: SYN-CDN-LS, lab_testcases_count: 2, practicals: 2}, {id: 63, created_on: 2026-07-15T06:36:03.080Z, updated_on: 2026-07-15T06:36:03.080Z, name: Check Timing Issues (Synopsys), description: Analyze and resolve timing violations reported during the synthesis flow. Tool: Synopsys., duration: 2, level: Intermediate, image_url: null, external_module_id: SYN-SNPS-CT, lab_testcases_count: 2, practicals: 2}, {id: 62, created_on: 2026-07-15T06:36:02.997Z, updated_on: 2026-07-15T06:36:02.997Z, name: Check Timing Issues (Cadence), description: Analyze and resolve timing violations reported during the synthesis flow. Tool: Cadence., duration: 2, level: Intermediate, image_url: null, external_module_id: SYN-CDN-CT, lab_testcases_count: 2, practicals: 2}, {id: 61, created_on: 2026-07-15T06:36:02.899Z, updated_on: 2026-07-15T06:36:02.899Z, name: Unresolved References (Synopsys), description: Identify and resolve unresolved reference errors encountered during synthesis. Tool: Synopsys., duration: 2, level: Intermediate, image_url: null, external_module_id: SYN-SNPS-URR, lab_testcases_count: 2, practicals: 2}, {id: 60, created_on: 2026-07-15T06:36:02.700Z, updated_on: 2026-07-15T06:36:02.700Z, name: Unresolved References (Cadence), description: Identify and resolve unresolved reference errors encountered during synthesis. Tool: Cadence., duration: 2, level: Intermediate, image_url: null, external_module_id: SYN-CDN-URR, lab_testcases_count: 2, practicals: 2}], pagination: {page: 1, limit: 100, total: 26, totalPages: 1, hasNext: false, hasPrev: false}} @ http://semiconlab-staging-alb-124259420.ap-south-1.elb.amazonaws.com/main.dart.js:55885
[  704999ms] [LOG] [CoursesBody] Extracted: certs=11, modules=21, mixed=26, domains=3, topSkills=11 @ http://semiconlab-staging-alb-124259420.ap-south-1.elb.amazonaws.com/main.dart.js:55885
[  704999ms] [LOG] [AuthService] getToken() - token exists: true, token length: 327 @ http://semiconlab-staging-alb-124259420.ap-south-1.elb.amazonaws.com/main.dart.js:55885
[  704999ms] [LOG] [AuthService] getToken() - token exists: true, token length: 327 @ http://semiconlab-staging-alb-124259420.ap-south-1.elb.amazonaws.com/main.dart.js:55885
[  704999ms] [LOG] [AuthService] getToken() - token exists: true, token length: 327 @ http://semiconlab-staging-alb-124259420.ap-south-1.elb.amazonaws.com/main.dart.js:55885
[  705026ms] [LOG] [ApiService] Response Status: 200 @ http://semiconlab-staging-alb-124259420.ap-south-1.elb.amazonaws.com/main.dart.js:55885
[  705026ms] [LOG] [ApiService] Response URL: http://semiconlab-staging-alb-124259420.ap-south-1.elb.amazonaws.com:3000/v1/users/95/tools?limit=100&domainId=17 @ http://semiconlab-staging-alb-124259420.ap-south-1.elb.amazonaws.com/main.dart.js:55885
[  705207ms] [LOG] [ApiService] Response Status: 200 @ http://semiconlab-staging-alb-124259420.ap-south-1.elb.amazonaws.com/main.dart.js:55885
[  705207ms] [LOG] [ApiService] Response URL: http://semiconlab-staging-alb-124259420.ap-south-1.elb.amazonaws.com:3000/v1/labs-api/start-status?domain_id=17 @ http://semiconlab-staging-alb-124259420.ap-south-1.elb.amazonaws.com/main.dart.js:55885
[  705208ms] [LOG] [AuthService] getToken() - token exists: true, token length: 327 @ http://semiconlab-staging-alb-124259420.ap-south-1.elb.amazonaws.com/main.dart.js:55885
[  705208ms] [LOG] [ApiService] GET Request: labs-api/available-labs @ http://semiconlab-staging-alb-124259420.ap-south-1.elb.amazonaws.com/main.dart.js:55885
[  705209ms] [LOG] [ApiService] Headers: {Authorization: Bearer eyJhbGciOiJIUzI1NiIsInR5cCI6IkpXVCJ9.eyJlbWFpbCI6InN1cnlhLm5Ac2VtaWNvbm9zLmFpIiwic3ViIjo5NSwicm9sZSI6IkxlYXJuZXIiLCJvcmdJZCI6bnVsbCwidGVhbUlkIjpudWxsLCJhdmFpbGFibGVSb2xlcyI6W10sInNpZCI6ImI5NGVjYzQ3LTQ2MDItNDE5Zi1iMmY0LTViOTk1ODhhZjc2MSIsImlhdCI6MTc4NDc5OTY3MSwiZXhwIjoxNzg1NDA0NDcxfQ.XtqvvgxYi_43mtsjpbElbbWChpvHhFSh_eG6XYLo8oU} @ http://semiconlab-staging-alb-124259420.ap-south-1.elb.amazonaws.com/main.dart.js:55885
[  705491ms] [LOG] [ApiService] Response Status: 200 @ http://semiconlab-staging-alb-124259420.ap-south-1.elb.amazonaws.com/main.dart.js:55885
[  705491ms] [LOG] [ApiService] Response URL: http://semiconlab-staging-alb-124259420.ap-south-1.elb.amazonaws.com:3000/v1/labs-api/available-labs @ http://semiconlab-staging-alb-124259420.ap-south-1.elb.amazonaws.com/main.dart.js:55885
[  705491ms] [LOG] [AuthService] getToken() - token exists: true, token length: 327 @ http://semiconlab-staging-alb-124259420.ap-south-1.elb.amazonaws.com/main.dart.js:55885
[  705492ms] [LOG] [AuthService] getToken() - token exists: true, token length: 327 @ http://semiconlab-staging-alb-124259420.ap-south-1.elb.amazonaws.com/main.dart.js:55885
[  705492ms] [LOG] [ApiService] GET Request: labs-api/available-labs @ http://semiconlab-staging-alb-124259420.ap-south-1.elb.amazonaws.com/main.dart.js:55885
[  705492ms] [LOG] [ApiService] Headers: {Authorization: Bearer eyJhbGciOiJIUzI1NiIsInR5cCI6IkpXVCJ9.eyJlbWFpbCI6InN1cnlhLm5Ac2VtaWNvbm9zLmFpIiwic3ViIjo5NSwicm9sZSI6IkxlYXJuZXIiLCJvcmdJZCI6bnVsbCwidGVhbUlkIjpudWxsLCJhdmFpbGFibGVSb2xlcyI6W10sInNpZCI6ImI5NGVjYzQ3LTQ2MDItNDE5Zi1iMmY0LTViOTk1ODhhZjc2MSIsImlhdCI6MTc4NDc5OTY3MSwiZXhwIjoxNzg1NDA0NDcxfQ.XtqvvgxYi_43mtsjpbElbbWChpvHhFSh_eG6XYLo8oU} @ http://semiconlab-staging-alb-124259420.ap-south-1.elb.amazonaws.com/main.dart.js:55885
[  705493ms] [LOG] [AuthService] getToken() - token exists: true, token length: 327 @ http://semiconlab-staging-alb-124259420.ap-south-1.elb.amazonaws.com/main.dart.js:55885
[  705493ms] [LOG] [ApiService] GET Request: users/me/ad-provisioning-status @ http://semiconlab-staging-alb-124259420.ap-south-1.elb.amazonaws.com/main.dart.js:55885
[  705493ms] [LOG] [ApiService] Headers: {Authorization: Bearer eyJhbGciOiJIUzI1NiIsInR5cCI6IkpXVCJ9.eyJlbWFpbCI6InN1cnlhLm5Ac2VtaWNvbm9zLmFpIiwic3ViIjo5NSwicm9sZSI6IkxlYXJuZXIiLCJvcmdJZCI6bnVsbCwidGVhbUlkIjpudWxsLCJhdmFpbGFibGVSb2xlcyI6W10sInNpZCI6ImI5NGVjYzQ3LTQ2MDItNDE5Zi1iMmY0LTViOTk1ODhhZjc2MSIsImlhdCI6MTc4NDc5OTY3MSwiZXhwIjoxNzg1NDA0NDcxfQ.XtqvvgxYi_43mtsjpbElbbWChpvHhFSh_eG6XYLo8oU} @ http://semiconlab-staging-alb-124259420.ap-south-1.elb.amazonaws.com/main.dart.js:55885
[  705717ms] [LOG] [ApiService] Response Status: 200 @ http://semiconlab-staging-alb-124259420.ap-south-1.elb.amazonaws.com/main.dart.js:55885
[  705717ms] [LOG] [ApiService] Response URL: http://semiconlab-staging-alb-124259420.ap-south-1.elb.amazonaws.com:3000/v1/users/me/ad-provisioning-status @ http://semiconlab-staging-alb-124259420.ap-south-1.elb.amazonaws.com/main.dart.js:55885
[  705750ms] [LOG] [ApiService] Response Status: 200 @ http://semiconlab-staging-alb-124259420.ap-south-1.elb.amazonaws.com/main.dart.js:55885
[  705751ms] [LOG] [ApiService] Response URL: http://semiconlab-staging-alb-124259420.ap-south-1.elb.amazonaws.com:3000/v1/labs-api/available-labs @ http://semiconlab-staging-alb-124259420.ap-south-1.elb.amazonaws.com/main.dart.js:55885
[  705751ms] [LOG] [AuthService] getToken() - token exists: true, token length: 327 @ http://semiconlab-staging-alb-124259420.ap-south-1.elb.amazonaws.com/main.dart.js:55885
[  705751ms] [LOG] [ApiService] GET Request: /users/95 @ http://semiconlab-staging-alb-124259420.ap-south-1.elb.amazonaws.com/main.dart.js:55885
[  705751ms] [LOG] [ApiService] Headers: {Authorization: Bearer eyJhbGciOiJIUzI1NiIsInR5cCI6IkpXVCJ9.eyJlbWFpbCI6InN1cnlhLm5Ac2VtaWNvbm9zLmFpIiwic3ViIjo5NSwicm9sZSI6IkxlYXJuZXIiLCJvcmdJZCI6bnVsbCwidGVhbUlkIjpudWxsLCJhdmFpbGFibGVSb2xlcyI6W10sInNpZCI6ImI5NGVjYzQ3LTQ2MDItNDE5Zi1iMmY0LTViOTk1ODhhZjc2MSIsImlhdCI6MTc4NDc5OTY3MSwiZXhwIjoxNzg1NDA0NDcxfQ.XtqvvgxYi_43mtsjpbElbbWChpvHhFSh_eG6XYLo8oU} @ http://semiconlab-staging-alb-124259420.ap-south-1.elb.amazonaws.com/main.dart.js:55885
[  707806ms] [LOG] [AuthService] getToken() - token exists: true, token length: 327 @ http://semiconlab-staging-alb-124259420.ap-south-1.elb.amazonaws.com/main.dart.js:55885
[  707807ms] [LOG] [ApiService] GET Request: users/me/ad-provisioning-status @ http://semiconlab-staging-alb-124259420.ap-south-1.elb.amazonaws.com/main.dart.js:55885
[  707807ms] [LOG] [ApiService] Headers: {Authorization: Bearer eyJhbGciOiJIUzI1NiIsInR5cCI6IkpXVCJ9.eyJlbWFpbCI6InN1cnlhLm5Ac2VtaWNvbm9zLmFpIiwic3ViIjo5NSwicm9sZSI6IkxlYXJuZXIiLCJvcmdJZCI6bnVsbCwidGVhbUlkIjpudWxsLCJhdmFpbGFibGVSb2xlcyI6W10sInNpZCI6ImI5NGVjYzQ3LTQ2MDItNDE5Zi1iMmY0LTViOTk1ODhhZjc2MSIsImlhdCI6MTc4NDc5OTY3MSwiZXhwIjoxNzg1NDA0NDcxfQ.XtqvvgxYi_43mtsjpbElbbWChpvHhFSh_eG6XYLo8oU} @ http://semiconlab-staging-alb-124259420.ap-south-1.elb.amazonaws.com/main.dart.js:55885
[  707891ms] [LOG] [ApiService] Response Status: 200 @ http://semiconlab-staging-alb-124259420.ap-south-1.elb.amazonaws.com/main.dart.js:55885
[  707891ms] [LOG] [ApiService] Response URL: http://semiconlab-staging-alb-124259420.ap-south-1.elb.amazonaws.com:3000/v1/users/95 @ http://semiconlab-staging-alb-124259420.ap-south-1.elb.amazonaws.com/main.dart.js:55885
[  707892ms] [LOG] [AuthService] getToken() - token exists: true, token length: 327 @ http://semiconlab-staging-alb-124259420.ap-south-1.elb.amazonaws.com/main.dart.js:55885
[  707892ms] [LOG] [AuthService] getToken() - token exists: true, token length: 327 @ http://semiconlab-staging-alb-124259420.ap-south-1.elb.amazonaws.com/main.dart.js:55885
[  707893ms] [LOG] [ApiService] GET Request: labs-api/available-labs @ http://semiconlab-staging-alb-124259420.ap-south-1.elb.amazonaws.com/main.dart.js:55885
[  707893ms] [LOG] [ApiService] Headers: {Authorization: Bearer eyJhbGciOiJIUzI1NiIsInR5cCI6IkpXVCJ9.eyJlbWFpbCI6InN1cnlhLm5Ac2VtaWNvbm9zLmFpIiwic3ViIjo5NSwicm9sZSI6IkxlYXJuZXIiLCJvcmdJZCI6bnVsbCwidGVhbUlkIjpudWxsLCJhdmFpbGFibGVSb2xlcyI6W10sInNpZCI6ImI5NGVjYzQ3LTQ2MDItNDE5Zi1iMmY0LTViOTk1ODhhZjc2MSIsImlhdCI6MTc4NDc5OTY3MSwiZXhwIjoxNzg1NDA0NDcxfQ.XtqvvgxYi_43mtsjpbElbbWChpvHhFSh_eG6XYLo8oU} @ http://semiconlab-staging-alb-124259420.ap-south-1.elb.amazonaws.com/main.dart.js:55885
[  708211ms] [LOG] [ApiService] Response Status: 200 @ http://semiconlab-staging-alb-124259420.ap-south-1.elb.amazonaws.com/main.dart.js:55885
[  708211ms] [LOG] [ApiService] Response URL: http://semiconlab-staging-alb-124259420.ap-south-1.elb.amazonaws.com:3000/v1/users/me/ad-provisioning-status @ http://semiconlab-staging-alb-124259420.ap-south-1.elb.amazonaws.com/main.dart.js:55885
[  708320ms] [LOG] [ApiService] Response Status: 200 @ http://semiconlab-staging-alb-124259420.ap-south-1.elb.amazonaws.com/main.dart.js:55885
[  708321ms] [LOG] [ApiService] Response URL: http://semiconlab-staging-alb-124259420.ap-south-1.elb.amazonaws.com:3000/v1/labs-api/available-labs @ http://semiconlab-staging-alb-124259420.ap-south-1.elb.amazonaws.com/main.dart.js:55885
[  708321ms] [LOG] [AuthService] getToken() - token exists: true, token length: 327 @ http://semiconlab-staging-alb-124259420.ap-south-1.elb.amazonaws.com/main.dart.js:55885
[  708322ms] [LOG] [ApiService] GET Request: /users/95 @ http://semiconlab-staging-alb-124259420.ap-south-1.elb.amazonaws.com/main.dart.js:55885
[  708322ms] [LOG] [ApiService] Headers: {Authorization: Bearer eyJhbGciOiJIUzI1NiIsInR5cCI6IkpXVCJ9.eyJlbWFpbCI6InN1cnlhLm5Ac2VtaWNvbm9zLmFpIiwic3ViIjo5NSwicm9sZSI6IkxlYXJuZXIiLCJvcmdJZCI6bnVsbCwidGVhbUlkIjpudWxsLCJhdmFpbGFibGVSb2xlcyI6W10sInNpZCI6ImI5NGVjYzQ3LTQ2MDItNDE5Zi1iMmY0LTViOTk1ODhhZjc2MSIsImlhdCI6MTc4NDc5OTY3MSwiZXhwIjoxNzg1NDA0NDcxfQ.XtqvvgxYi_43mtsjpbElbbWChpvHhFSh_eG6XYLo8oU} @ http://semiconlab-staging-alb-124259420.ap-south-1.elb.amazonaws.com/main.dart.js:55885
[  708578ms] [LOG] [ApiService] Response Status: 200 @ http://semiconlab-staging-alb-124259420.ap-south-1.elb.amazonaws.com/main.dart.js:55885
[  708578ms] [LOG] [ApiService] Response URL: http://semiconlab-staging-alb-124259420.ap-south-1.elb.amazonaws.com:3000/v1/users/95 @ http://semiconlab-staging-alb-124259420.ap-south-1.elb.amazonaws.com/main.dart.js:55885
[  708579ms] [LOG] [AuthService] getToken() - token exists: true, token length: 327 @ http://semiconlab-staging-alb-124259420.ap-south-1.elb.amazonaws.com/main.dart.js:55885
[  708579ms] [LOG] [ApiService] GET Request: /users/95/tools?limit=100&domainId=17 @ http://semiconlab-staging-alb-124259420.ap-south-1.elb.amazonaws.com/main.dart.js:55885
[  708580ms] [LOG] [ApiService] Headers: {Authorization: Bearer eyJhbGciOiJIUzI1NiIsInR5cCI6IkpXVCJ9.eyJlbWFpbCI6InN1cnlhLm5Ac2VtaWNvbm9zLmFpIiwic3ViIjo5NSwicm9sZSI6IkxlYXJuZXIiLCJvcmdJZCI6bnVsbCwidGVhbUlkIjpudWxsLCJhdmFpbGFibGVSb2xlcyI6W10sInNpZCI6ImI5NGVjYzQ3LTQ2MDItNDE5Zi1iMmY0LTViOTk1ODhhZjc2MSIsImlhdCI6MTc4NDc5OTY3MSwiZXhwIjoxNzg1NDA0NDcxfQ.XtqvvgxYi_43mtsjpbElbbWChpvHhFSh_eG6XYLo8oU} @ http://semiconlab-staging-alb-124259420.ap-south-1.elb.amazonaws.com/main.dart.js:55885
[  708581ms] [LOG] [AuthService] getToken() - token exists: true, token length: 327 @ http://semiconlab-staging-alb-124259420.ap-south-1.elb.amazonaws.com/main.dart.js:55885
[  708581ms] [LOG] [ApiService] GET Request: users/me/ad-provisioning-status @ http://semiconlab-staging-alb-124259420.ap-south-1.elb.amazonaws.com/main.dart.js:55885
[  708582ms] [LOG] [ApiService] Headers: {Authorization: Bearer eyJhbGciOiJIUzI1NiIsInR5cCI6IkpXVCJ9.eyJlbWFpbCI6InN1cnlhLm5Ac2VtaWNvbm9zLmFpIiwic3ViIjo5NSwicm9sZSI6IkxlYXJuZXIiLCJvcmdJZCI6bnVsbCwidGVhbUlkIjpudWxsLCJhdmFpbGFibGVSb2xlcyI6W10sInNpZCI6ImI5NGVjYzQ3LTQ2MDItNDE5Zi1iMmY0LTViOTk1ODhhZjc2MSIsImlhdCI6MTc4NDc5OTY3MSwiZXhwIjoxNzg1NDA0NDcxfQ.XtqvvgxYi_43mtsjpbElbbWChpvHhFSh_eG6XYLo8oU} @ http://semiconlab-staging-alb-124259420.ap-south-1.elb.amazonaws.com/main.dart.js:55885
[  708858ms] [LOG] [ApiService] Response Status: 200 @ http://semiconlab-staging-alb-124259420.ap-south-1.elb.amazonaws.com/main.dart.js:55885
[  708859ms] [LOG] [ApiService] Response URL: http://semiconlab-staging-alb-124259420.ap-south-1.elb.amazonaws.com:3000/v1/users/95/tools?limit=100&domainId=17 @ http://semiconlab-staging-alb-124259420.ap-south-1.elb.amazonaws.com/main.dart.js:55885
[  708971ms] [LOG] [ApiService] Response Status: 200 @ http://semiconlab-staging-alb-124259420.ap-south-1.elb.amazonaws.com/main.dart.js:55885
[  708971ms] [LOG] [ApiService] Response URL: http://semiconlab-staging-alb-124259420.ap-south-1.elb.amazonaws.com:3000/v1/users/me/ad-provisioning-status @ http://semiconlab-staging-alb-124259420.ap-south-1.elb.amazonaws.com/main.dart.js:55885
[  710254ms] [LOG] [AuthService] getToken() - token exists: true, token length: 327 @ http://semiconlab-staging-alb-124259420.ap-south-1.elb.amazonaws.com/main.dart.js:55885
[  710255ms] [LOG] [ApiService] GET Request: labs-api/available-labs @ http://semiconlab-staging-alb-124259420.ap-south-1.elb.amazonaws.com/main.dart.js:55885
[  710255ms] [LOG] [ApiService] Headers: {Authorization: Bearer eyJhbGciOiJIUzI1NiIsInR5cCI6IkpXVCJ9.eyJlbWFpbCI6InN1cnlhLm5Ac2VtaWNvbm9zLmFpIiwic3ViIjo5NSwicm9sZSI6IkxlYXJuZXIiLCJvcmdJZCI6bnVsbCwidGVhbUlkIjpudWxsLCJhdmFpbGFibGVSb2xlcyI6W10sInNpZCI6ImI5NGVjYzQ3LTQ2MDItNDE5Zi1iMmY0LTViOTk1ODhhZjc2MSIsImlhdCI6MTc4NDc5OTY3MSwiZXhwIjoxNzg1NDA0NDcxfQ.XtqvvgxYi_43mtsjpbElbbWChpvHhFSh_eG6XYLo8oU} @ http://semiconlab-staging-alb-124259420.ap-south-1.elb.amazonaws.com/main.dart.js:55885
[  710521ms] [LOG] [ApiService] Response Status: 200 @ http://semiconlab-staging-alb-124259420.ap-south-1.elb.amazonaws.com/main.dart.js:55885
[  710522ms] [LOG] [ApiService] Response URL: http://semiconlab-staging-alb-124259420.ap-south-1.elb.amazonaws.com:3000/v1/labs-api/available-labs @ http://semiconlab-staging-alb-124259420.ap-south-1.elb.amazonaws.com/main.dart.js:55885
[  710522ms] [LOG] [AuthService] getToken() - token exists: true, token length: 327 @ http://semiconlab-staging-alb-124259420.ap-south-1.elb.amazonaws.com/main.dart.js:55885
[  710522ms] [LOG] [ApiService] GET Request: labs-api/start-status?domain_id=17 @ http://semiconlab-staging-alb-124259420.ap-south-1.elb.amazonaws.com/main.dart.js:55885
[  710523ms] [LOG] [ApiService] Headers: {Authorization: Bearer eyJhbGciOiJIUzI1NiIsInR5cCI6IkpXVCJ9.eyJlbWFpbCI6InN1cnlhLm5Ac2VtaWNvbm9zLmFpIiwic3ViIjo5NSwicm9sZSI6IkxlYXJuZXIiLCJvcmdJZCI6bnVsbCwidGVhbUlkIjpudWxsLCJhdmFpbGFibGVSb2xlcyI6W10sInNpZCI6ImI5NGVjYzQ3LTQ2MDItNDE5Zi1iMmY0LTViOTk1ODhhZjc2MSIsImlhdCI6MTc4NDc5OTY3MSwiZXhwIjoxNzg1NDA0NDcxfQ.XtqvvgxYi_43mtsjpbElbbWChpvHhFSh_eG6XYLo8oU} @ http://semiconlab-staging-alb-124259420.ap-south-1.elb.amazonaws.com/main.dart.js:55885
[  710599ms] [LOG] [AuthService] getToken() - token exists: true, token length: 327 @ http://semiconlab-staging-alb-124259420.ap-south-1.elb.amazonaws.com/main.dart.js:55885
[  710599ms] [LOG] [ApiService] GET Request: users/me/ad-provisioning-status @ http://semiconlab-staging-alb-124259420.ap-south-1.elb.amazonaws.com/main.dart.js:55885
[  710599ms] [LOG] [ApiService] Headers: {Authorization: Bearer eyJhbGciOiJIUzI1NiIsInR5cCI6IkpXVCJ9.eyJlbWFpbCI6InN1cnlhLm5Ac2VtaWNvbm9zLmFpIiwic3ViIjo5NSwicm9sZSI6IkxlYXJuZXIiLCJvcmdJZCI6bnVsbCwidGVhbUlkIjpudWxsLCJhdmFpbGFibGVSb2xlcyI6W10sInNpZCI6ImI5NGVjYzQ3LTQ2MDItNDE5Zi1iMmY0LTViOTk1ODhhZjc2MSIsImlhdCI6MTc4NDc5OTY3MSwiZXhwIjoxNzg1NDA0NDcxfQ.XtqvvgxYi_43mtsjpbElbbWChpvHhFSh_eG6XYLo8oU} @ http://semiconlab-staging-alb-124259420.ap-south-1.elb.amazonaws.com/main.dart.js:55885
[  710780ms] [LOG] [ApiService] Response Status: 200 @ http://semiconlab-staging-alb-124259420.ap-south-1.elb.amazonaws.com/main.dart.js:55885
[  710780ms] [LOG] [ApiService] Response URL: http://semiconlab-staging-alb-124259420.ap-south-1.elb.amazonaws.com:3000/v1/labs-api/start-status?domain_id=17 @ http://semiconlab-staging-alb-124259420.ap-south-1.elb.amazonaws.com/main.dart.js:55885
[  710853ms] [LOG] [ApiService] Response Status: 200 @ http://semiconlab-staging-alb-124259420.ap-south-1.elb.amazonaws.com/main.dart.js:55885
[  710854ms] [LOG] [ApiService] Response URL: http://semiconlab-staging-alb-124259420.ap-south-1.elb.amazonaws.com:3000/v1/users/me/ad-provisioning-status @ http://semiconlab-staging-alb-124259420.ap-south-1.elb.amazonaws.com/main.dart.js:55885
[  712582ms] [LOG] [AuthService] getToken() - token exists: true, token length: 327 @ http://semiconlab-staging-alb-124259420.ap-south-1.elb.amazonaws.com/main.dart.js:55885
[  712583ms] [LOG] [ApiService] GET Request: users/me/ad-provisioning-status @ http://semiconlab-staging-alb-124259420.ap-south-1.elb.amazonaws.com/main.dart.js:55885
[  712583ms] [LOG] [ApiService] Headers: {Authorization: Bearer eyJhbGciOiJIUzI1NiIsInR5cCI6IkpXVCJ9.eyJlbWFpbCI6InN1cnlhLm5Ac2VtaWNvbm9zLmFpIiwic3ViIjo5NSwicm9sZSI6IkxlYXJuZXIiLCJvcmdJZCI6bnVsbCwidGVhbUlkIjpudWxsLCJhdmFpbGFibGVSb2xlcyI6W10sInNpZCI6ImI5NGVjYzQ3LTQ2MDItNDE5Zi1iMmY0LTViOTk1ODhhZjc2MSIsImlhdCI6MTc4NDc5OTY3MSwiZXhwIjoxNzg1NDA0NDcxfQ.XtqvvgxYi_43mtsjpbElbbWChpvHhFSh_eG6XYLo8oU} @ http://semiconlab-staging-alb-124259420.ap-south-1.elb.amazonaws.com/main.dart.js:55885
[  712783ms] [LOG] [ApiService] Response Status: 200 @ http://semiconlab-staging-alb-124259420.ap-south-1.elb.amazonaws.com/main.dart.js:55885
[  712783ms] [LOG] [ApiService] Response URL: http://semiconlab-staging-alb-124259420.ap-south-1.elb.amazonaws.com:3000/v1/users/me/ad-provisioning-status @ http://semiconlab-staging-alb-124259420.ap-south-1.elb.amazonaws.com/main.dart.js:55885
[  714596ms] [LOG] [AuthService] getToken() - token exists: true, token length: 327 @ http://semiconlab-staging-alb-124259420.ap-south-1.elb.amazonaws.com/main.dart.js:55885
[  714596ms] [LOG] [ApiService] GET Request: users/me/ad-provisioning-status @ http://semiconlab-staging-alb-124259420.ap-south-1.elb.amazonaws.com/main.dart.js:55885
[  714597ms] [LOG] [ApiService] Headers: {Authorization: Bearer eyJhbGciOiJIUzI1NiIsInR5cCI6IkpXVCJ9.eyJlbWFpbCI6InN1cnlhLm5Ac2VtaWNvbm9zLmFpIiwic3ViIjo5NSwicm9sZSI6IkxlYXJuZXIiLCJvcmdJZCI6bnVsbCwidGVhbUlkIjpudWxsLCJhdmFpbGFibGVSb2xlcyI6W10sInNpZCI6ImI5NGVjYzQ3LTQ2MDItNDE5Zi1iMmY0LTViOTk1ODhhZjc2MSIsImlhdCI6MTc4NDc5OTY3MSwiZXhwIjoxNzg1NDA0NDcxfQ.XtqvvgxYi_43mtsjpbElbbWChpvHhFSh_eG6XYLo8oU} @ http://semiconlab-staging-alb-124259420.ap-south-1.elb.amazonaws.com/main.dart.js:55885
[  714824ms] [LOG] [ApiService] Response Status: 200 @ http://semiconlab-staging-alb-124259420.ap-south-1.elb.amazonaws.com/main.dart.js:55885
[  714824ms] [LOG] [ApiService] Response URL: http://semiconlab-staging-alb-124259420.ap-south-1.elb.amazonaws.com:3000/v1/users/me/ad-provisioning-status @ http://semiconlab-staging-alb-124259420.ap-south-1.elb.amazonaws.com/main.dart.js:55885
[  715226ms] [LOG] [AuthService] getToken() - token exists: true, token length: 327 @ http://semiconlab-staging-alb-124259420.ap-south-1.elb.amazonaws.com/main.dart.js:55885
[  715227ms] [LOG] [ApiService] GET Request: labs-api/available-labs @ http://semiconlab-staging-alb-124259420.ap-south-1.elb.amazonaws.com/main.dart.js:55885
[  715227ms] [LOG] [ApiService] Headers: {Authorization: Bearer eyJhbGciOiJIUzI1NiIsInR5cCI6IkpXVCJ9.eyJlbWFpbCI6InN1cnlhLm5Ac2VtaWNvbm9zLmFpIiwic3ViIjo5NSwicm9sZSI6IkxlYXJuZXIiLCJvcmdJZCI6bnVsbCwidGVhbUlkIjpudWxsLCJhdmFpbGFibGVSb2xlcyI6W10sInNpZCI6ImI5NGVjYzQ3LTQ2MDItNDE5Zi1iMmY0LTViOTk1ODhhZjc2MSIsImlhdCI6MTc4NDc5OTY3MSwiZXhwIjoxNzg1NDA0NDcxfQ.XtqvvgxYi_43mtsjpbElbbWChpvHhFSh_eG6XYLo8oU} @ http://semiconlab-staging-alb-124259420.ap-south-1.elb.amazonaws.com/main.dart.js:55885
[  715470ms] [LOG] [ApiService] Response Status: 200 @ http://semiconlab-staging-alb-124259420.ap-south-1.elb.amazonaws.com/main.dart.js:55885
[  715471ms] [LOG] [ApiService] Response URL: http://semiconlab-staging-alb-124259420.ap-south-1.elb.amazonaws.com:3000/v1/labs-api/available-labs @ http://semiconlab-staging-alb-124259420.ap-south-1.elb.amazonaws.com/main.dart.js:55885
[  715471ms] [LOG] [AuthService] getToken() - token exists: true, token length: 327 @ http://semiconlab-staging-alb-124259420.ap-south-1.elb.amazonaws.com/main.dart.js:55885
[  715471ms] [LOG] [ApiService] GET Request: labs-api/start-status?domain_id=17 @ http://semiconlab-staging-alb-124259420.ap-south-1.elb.amazonaws.com/main.dart.js:55885
[  715471ms] [LOG] [ApiService] Headers: {Authorization: Bearer eyJhbGciOiJIUzI1NiIsInR5cCI6IkpXVCJ9.eyJlbWFpbCI6InN1cnlhLm5Ac2VtaWNvbm9zLmFpIiwic3ViIjo5NSwicm9sZSI6IkxlYXJuZXIiLCJvcmdJZCI6bnVsbCwidGVhbUlkIjpudWxsLCJhdmFpbGFibGVSb2xlcyI6W10sInNpZCI6ImI5NGVjYzQ3LTQ2MDItNDE5Zi1iMmY0LTViOTk1ODhhZjc2MSIsImlhdCI6MTc4NDc5OTY3MSwiZXhwIjoxNzg1NDA0NDcxfQ.XtqvvgxYi_43mtsjpbElbbWChpvHhFSh_eG6XYLo8oU} @ http://semiconlab-staging-alb-124259420.ap-south-1.elb.amazonaws.com/main.dart.js:55885
[  715633ms] [LOG] [ApiService] Response Status: 200 @ http://semiconlab-staging-alb-124259420.ap-south-1.elb.amazonaws.com/main.dart.js:55885
[  715633ms] [LOG] [ApiService] Response URL: http://semiconlab-staging-alb-124259420.ap-south-1.elb.amazonaws.com:3000/v1/labs-api/start-status?domain_id=17 @ http://semiconlab-staging-alb-124259420.ap-south-1.elb.amazonaws.com/main.dart.js:55885
[  716623ms] [LOG] [AuthService] getToken() - token exists: true, token length: 327 @ http://semiconlab-staging-alb-124259420.ap-south-1.elb.amazonaws.com/main.dart.js:55885
[  716623ms] [LOG] [ApiService] GET Request: users/me/ad-provisioning-status @ http://semiconlab-staging-alb-124259420.ap-south-1.elb.amazonaws.com/main.dart.js:55885
[  716623ms] [LOG] [ApiService] Headers: {Authorization: Bearer eyJhbGciOiJIUzI1NiIsInR5cCI6IkpXVCJ9.eyJlbWFpbCI6InN1cnlhLm5Ac2VtaWNvbm9zLmFpIiwic3ViIjo5NSwicm9sZSI6IkxlYXJuZXIiLCJvcmdJZCI6bnVsbCwidGVhbUlkIjpudWxsLCJhdmFpbGFibGVSb2xlcyI6W10sInNpZCI6ImI5NGVjYzQ3LTQ2MDItNDE5Zi1iMmY0LTViOTk1ODhhZjc2MSIsImlhdCI6MTc4NDc5OTY3MSwiZXhwIjoxNzg1NDA0NDcxfQ.XtqvvgxYi_43mtsjpbElbbWChpvHhFSh_eG6XYLo8oU} @ http://semiconlab-staging-alb-124259420.ap-south-1.elb.amazonaws.com/main.dart.js:55885
[  716857ms] [LOG] [ApiService] Response Status: 200 @ http://semiconlab-staging-alb-124259420.ap-south-1.elb.amazonaws.com/main.dart.js:55885
[  716857ms] [LOG] [ApiService] Response URL: http://semiconlab-staging-alb-124259420.ap-south-1.elb.amazonaws.com:3000/v1/users/me/ad-provisioning-status @ http://semiconlab-staging-alb-124259420.ap-south-1.elb.amazonaws.com/main.dart.js:55885
[  718582ms] [LOG] [AuthService] getToken() - token exists: true, token length: 327 @ http://semiconlab-staging-alb-124259420.ap-south-1.elb.amazonaws.com/main.dart.js:55885
[  718582ms] [LOG] [ApiService] GET Request: users/me/ad-provisioning-status @ http://semiconlab-staging-alb-124259420.ap-south-1.elb.amazonaws.com/main.dart.js:55885
[  718582ms] [LOG] [ApiService] Headers: {Authorization: Bearer eyJhbGciOiJIUzI1NiIsInR5cCI6IkpXVCJ9.eyJlbWFpbCI6InN1cnlhLm5Ac2VtaWNvbm9zLmFpIiwic3ViIjo5NSwicm9sZSI6IkxlYXJuZXIiLCJvcmdJZCI6bnVsbCwidGVhbUlkIjpudWxsLCJhdmFpbGFibGVSb2xlcyI6W10sInNpZCI6ImI5NGVjYzQ3LTQ2MDItNDE5Zi1iMmY0LTViOTk1ODhhZjc2MSIsImlhdCI6MTc4NDc5OTY3MSwiZXhwIjoxNzg1NDA0NDcxfQ.XtqvvgxYi_43mtsjpbElbbWChpvHhFSh_eG6XYLo8oU} @ http://semiconlab-staging-alb-124259420.ap-south-1.elb.amazonaws.com/main.dart.js:55885
[  718847ms] [LOG] [ApiService] Response Status: 200 @ http://semiconlab-staging-alb-124259420.ap-south-1.elb.amazonaws.com/main.dart.js:55885
[  718848ms] [LOG] [ApiService] Response URL: http://semiconlab-staging-alb-124259420.ap-south-1.elb.amazonaws.com:3000/v1/users/me/ad-provisioning-status @ http://semiconlab-staging-alb-124259420.ap-south-1.elb.amazonaws.com/main.dart.js:55885
[  720227ms] [LOG] [AuthService] getToken() - token exists: true, token length: 327 @ http://semiconlab-staging-alb-124259420.ap-south-1.elb.amazonaws.com/main.dart.js:55885
[  720228ms] [LOG] [ApiService] GET Request: labs-api/available-labs @ http://semiconlab-staging-alb-124259420.ap-south-1.elb.amazonaws.com/main.dart.js:55885
[  720228ms] [LOG] [ApiService] Headers: {Authorization: Bearer eyJhbGciOiJIUzI1NiIsInR5cCI6IkpXVCJ9.eyJlbWFpbCI6InN1cnlhLm5Ac2VtaWNvbm9zLmFpIiwic3ViIjo5NSwicm9sZSI6IkxlYXJuZXIiLCJvcmdJZCI6bnVsbCwidGVhbUlkIjpudWxsLCJhdmFpbGFibGVSb2xlcyI6W10sInNpZCI6ImI5NGVjYzQ3LTQ2MDItNDE5Zi1iMmY0LTViOTk1ODhhZjc2MSIsImlhdCI6MTc4NDc5OTY3MSwiZXhwIjoxNzg1NDA0NDcxfQ.XtqvvgxYi_43mtsjpbElbbWChpvHhFSh_eG6XYLo8oU} @ http://semiconlab-staging-alb-124259420.ap-south-1.elb.amazonaws.com/main.dart.js:55885
[  720595ms] [LOG] [AuthService] getToken() - token exists: true, token length: 327 @ http://semiconlab-staging-alb-124259420.ap-south-1.elb.amazonaws.com/main.dart.js:55885
[  720596ms] [LOG] [ApiService] GET Request: users/me/ad-provisioning-status @ http://semiconlab-staging-alb-124259420.ap-south-1.elb.amazonaws.com/main.dart.js:55885
[  720596ms] [LOG] [ApiService] Headers: {Authorization: Bearer eyJhbGciOiJIUzI1NiIsInR5cCI6IkpXVCJ9.eyJlbWFpbCI6InN1cnlhLm5Ac2VtaWNvbm9zLmFpIiwic3ViIjo5NSwicm9sZSI6IkxlYXJuZXIiLCJvcmdJZCI6bnVsbCwidGVhbUlkIjpudWxsLCJhdmFpbGFibGVSb2xlcyI6W10sInNpZCI6ImI5NGVjYzQ3LTQ2MDItNDE5Zi1iMmY0LTViOTk1ODhhZjc2MSIsImlhdCI6MTc4NDc5OTY3MSwiZXhwIjoxNzg1NDA0NDcxfQ.XtqvvgxYi_43mtsjpbElbbWChpvHhFSh_eG6XYLo8oU} @ http://semiconlab-staging-alb-124259420.ap-south-1.elb.amazonaws.com/main.dart.js:55885
[  720766ms] [LOG] [ApiService] Response Status: 200 @ http://semiconlab-staging-alb-124259420.ap-south-1.elb.amazonaws.com/main.dart.js:55885
[  720767ms] [LOG] [ApiService] Response URL: http://semiconlab-staging-alb-124259420.ap-south-1.elb.amazonaws.com:3000/v1/labs-api/available-labs @ http://semiconlab-staging-alb-124259420.ap-south-1.elb.amazonaws.com/main.dart.js:55885
[  720767ms] [LOG] [AuthService] getToken() - token exists: true, token length: 327 @ http://semiconlab-staging-alb-124259420.ap-south-1.elb.amazonaws.com/main.dart.js:55885
[  720767ms] [LOG] [ApiService] GET Request: labs-api/start-status?domain_id=17 @ http://semiconlab-staging-alb-124259420.ap-south-1.elb.amazonaws.com/main.dart.js:55885
[  720768ms] [LOG] [ApiService] Headers: {Authorization: Bearer eyJhbGciOiJIUzI1NiIsInR5cCI6IkpXVCJ9.eyJlbWFpbCI6InN1cnlhLm5Ac2VtaWNvbm9zLmFpIiwic3ViIjo5NSwicm9sZSI6IkxlYXJuZXIiLCJvcmdJZCI6bnVsbCwidGVhbUlkIjpudWxsLCJhdmFpbGFibGVSb2xlcyI6W10sInNpZCI6ImI5NGVjYzQ3LTQ2MDItNDE5Zi1iMmY0LTViOTk1ODhhZjc2MSIsImlhdCI6MTc4NDc5OTY3MSwiZXhwIjoxNzg1NDA0NDcxfQ.XtqvvgxYi_43mtsjpbElbbWChpvHhFSh_eG6XYLo8oU} @ http://semiconlab-staging-alb-124259420.ap-south-1.elb.amazonaws.com/main.dart.js:55885
[  720848ms] [LOG] [ApiService] Response Status: 200 @ http://semiconlab-staging-alb-124259420.ap-south-1.elb.amazonaws.com/main.dart.js:55885
[  720848ms] [LOG] [ApiService] Response URL: http://semiconlab-staging-alb-124259420.ap-south-1.elb.amazonaws.com:3000/v1/users/me/ad-provisioning-status @ http://semiconlab-staging-alb-124259420.ap-south-1.elb.amazonaws.com/main.dart.js:55885
[  720987ms] [LOG] [ApiService] Response Status: 200 @ http://semiconlab-staging-alb-124259420.ap-south-1.elb.amazonaws.com/main.dart.js:55885
[  720987ms] [LOG] [ApiService] Response URL: http://semiconlab-staging-alb-124259420.ap-south-1.elb.amazonaws.com:3000/v1/labs-api/start-status?domain_id=17 @ http://semiconlab-staging-alb-124259420.ap-south-1.elb.amazonaws.com/main.dart.js:55885
[  722601ms] [LOG] [AuthService] getToken() - token exists: true, token length: 327 @ http://semiconlab-staging-alb-124259420.ap-south-1.elb.amazonaws.com/main.dart.js:55885
[  722602ms] [LOG] [ApiService] GET Request: users/me/ad-provisioning-status @ http://semiconlab-staging-alb-124259420.ap-south-1.elb.amazonaws.com/main.dart.js:55885
[  722602ms] [LOG] [ApiService] Headers: {Authorization: Bearer eyJhbGciOiJIUzI1NiIsInR5cCI6IkpXVCJ9.eyJlbWFpbCI6InN1cnlhLm5Ac2VtaWNvbm9zLmFpIiwic3ViIjo5NSwicm9sZSI6IkxlYXJuZXIiLCJvcmdJZCI6bnVsbCwidGVhbUlkIjpudWxsLCJhdmFpbGFibGVSb2xlcyI6W10sInNpZCI6ImI5NGVjYzQ3LTQ2MDItNDE5Zi1iMmY0LTViOTk1ODhhZjc2MSIsImlhdCI6MTc4NDc5OTY3MSwiZXhwIjoxNzg1NDA0NDcxfQ.XtqvvgxYi_43mtsjpbElbbWChpvHhFSh_eG6XYLo8oU} @ http://semiconlab-staging-alb-124259420.ap-south-1.elb.amazonaws.com/main.dart.js:55885
[  722851ms] [LOG] [ApiService] Response Status: 200 @ http://semiconlab-staging-alb-124259420.ap-south-1.elb.amazonaws.com/main.dart.js:55885
[  722852ms] [LOG] [ApiService] Response URL: http://semiconlab-staging-alb-124259420.ap-south-1.elb.amazonaws.com:3000/v1/users/me/ad-provisioning-status @ http://semiconlab-staging-alb-124259420.ap-south-1.elb.amazonaws.com/main.dart.js:55885
[  724607ms] [LOG] [AuthService] getToken() - token exists: true, token length: 327 @ http://semiconlab-staging-alb-124259420.ap-south-1.elb.amazonaws.com/main.dart.js:55885
[  724608ms] [LOG] [ApiService] GET Request: users/me/ad-provisioning-status @ http://semiconlab-staging-alb-124259420.ap-south-1.elb.amazonaws.com/main.dart.js:55885
[  724608ms] [LOG] [ApiService] Headers: {Authorization: Bearer eyJhbGciOiJIUzI1NiIsInR5cCI6IkpXVCJ9.eyJlbWFpbCI6InN1cnlhLm5Ac2VtaWNvbm9zLmFpIiwic3ViIjo5NSwicm9sZSI6IkxlYXJuZXIiLCJvcmdJZCI6bnVsbCwidGVhbUlkIjpudWxsLCJhdmFpbGFibGVSb2xlcyI6W10sInNpZCI6ImI5NGVjYzQ3LTQ2MDItNDE5Zi1iMmY0LTViOTk1ODhhZjc2MSIsImlhdCI6MTc4NDc5OTY3MSwiZXhwIjoxNzg1NDA0NDcxfQ.XtqvvgxYi_43mtsjpbElbbWChpvHhFSh_eG6XYLo8oU} @ http://semiconlab-staging-alb-124259420.ap-south-1.elb.amazonaws.com/main.dart.js:55885
[  724851ms] [LOG] [ApiService] Response Status: 200 @ http://semiconlab-staging-alb-124259420.ap-south-1.elb.amazonaws.com/main.dart.js:55885
[  724852ms] [LOG] [ApiService] Response URL: http://semiconlab-staging-alb-124259420.ap-south-1.elb.amazonaws.com:3000/v1/users/me/ad-provisioning-status @ http://semiconlab-staging-alb-124259420.ap-south-1.elb.amazonaws.com/main.dart.js:55885
[  725215ms] [LOG] [AuthService] getToken() - token exists: true, token length: 327 @ http://semiconlab-staging-alb-124259420.ap-south-1.elb.amazonaws.com/main.dart.js:55885
[  725216ms] [LOG] [ApiService] GET Request: labs-api/available-labs @ http://semiconlab-staging-alb-124259420.ap-south-1.elb.amazonaws.com/main.dart.js:55885
[  725216ms] [LOG] [ApiService] Headers: {Authorization: Bearer eyJhbGciOiJIUzI1NiIsInR5cCI6IkpXVCJ9.eyJlbWFpbCI6InN1cnlhLm5Ac2VtaWNvbm9zLmFpIiwic3ViIjo5NSwicm9sZSI6IkxlYXJuZXIiLCJvcmdJZCI6bnVsbCwidGVhbUlkIjpudWxsLCJhdmFpbGFibGVSb2xlcyI6W10sInNpZCI6ImI5NGVjYzQ3LTQ2MDItNDE5Zi1iMmY0LTViOTk1ODhhZjc2MSIsImlhdCI6MTc4NDc5OTY3MSwiZXhwIjoxNzg1NDA0NDcxfQ.XtqvvgxYi_43mtsjpbElbbWChpvHhFSh_eG6XYLo8oU} @ http://semiconlab-staging-alb-124259420.ap-south-1.elb.amazonaws.com/main.dart.js:55885
[  725450ms] [LOG] [ApiService] Response Status: 200 @ http://semiconlab-staging-alb-124259420.ap-south-1.elb.amazonaws.com/main.dart.js:55885
[  725451ms] [LOG] [ApiService] Response URL: http://semiconlab-staging-alb-124259420.ap-south-1.elb.amazonaws.com:3000/v1/labs-api/available-labs @ http://semiconlab-staging-alb-124259420.ap-south-1.elb.amazonaws.com/main.dart.js:55885
[  725451ms] [LOG] [AuthService] getToken() - token exists: true, token length: 327 @ http://semiconlab-staging-alb-124259420.ap-south-1.elb.amazonaws.com/main.dart.js:55885
[  725451ms] [LOG] [ApiService] GET Request: labs-api/start-status?domain_id=17 @ http://semiconlab-staging-alb-124259420.ap-south-1.elb.amazonaws.com/main.dart.js:55885
[  725452ms] [LOG] [ApiService] Headers: {Authorization: Bearer eyJhbGciOiJIUzI1NiIsInR5cCI6IkpXVCJ9.eyJlbWFpbCI6InN1cnlhLm5Ac2VtaWNvbm9zLmFpIiwic3ViIjo5NSwicm9sZSI6IkxlYXJuZXIiLCJvcmdJZCI6bnVsbCwidGVhbUlkIjpudWxsLCJhdmFpbGFibGVSb2xlcyI6W10sInNpZCI6ImI5NGVjYzQ3LTQ2MDItNDE5Zi1iMmY0LTViOTk1ODhhZjc2MSIsImlhdCI6MTc4NDc5OTY3MSwiZXhwIjoxNzg1NDA0NDcxfQ.XtqvvgxYi_43mtsjpbElbbWChpvHhFSh_eG6XYLo8oU} @ http://semiconlab-staging-alb-124259420.ap-south-1.elb.amazonaws.com/main.dart.js:55885
[  725637ms] [LOG] [ApiService] Response Status: 200 @ http://semiconlab-staging-alb-124259420.ap-south-1.elb.amazonaws.com/main.dart.js:55885
[  725638ms] [LOG] [ApiService] Response URL: http://semiconlab-staging-alb-124259420.ap-south-1.elb.amazonaws.com:3000/v1/labs-api/start-status?domain_id=17 @ http://semiconlab-staging-alb-124259420.ap-south-1.elb.amazonaws.com/main.dart.js:55885
[  726595ms] [LOG] [AuthService] getToken() - token exists: true, token length: 327 @ http://semiconlab-staging-alb-124259420.ap-south-1.elb.amazonaws.com/main.dart.js:55885
[  726596ms] [LOG] [ApiService] GET Request: users/me/ad-provisioning-status @ http://semiconlab-staging-alb-124259420.ap-south-1.elb.amazonaws.com/main.dart.js:55885
[  726596ms] [LOG] [ApiService] Headers: {Authorization: Bearer eyJhbGciOiJIUzI1NiIsInR5cCI6IkpXVCJ9.eyJlbWFpbCI6InN1cnlhLm5Ac2VtaWNvbm9zLmFpIiwic3ViIjo5NSwicm9sZSI6IkxlYXJuZXIiLCJvcmdJZCI6bnVsbCwidGVhbUlkIjpudWxsLCJhdmFpbGFibGVSb2xlcyI6W10sInNpZCI6ImI5NGVjYzQ3LTQ2MDItNDE5Zi1iMmY0LTViOTk1ODhhZjc2MSIsImlhdCI6MTc4NDc5OTY3MSwiZXhwIjoxNzg1NDA0NDcxfQ.XtqvvgxYi_43mtsjpbElbbWChpvHhFSh_eG6XYLo8oU} @ http://semiconlab-staging-alb-124259420.ap-south-1.elb.amazonaws.com/main.dart.js:55885
[  726842ms] [LOG] [ApiService] Response Status: 200 @ http://semiconlab-staging-alb-124259420.ap-south-1.elb.amazonaws.com/main.dart.js:55885
[  726842ms] [LOG] [ApiService] Response URL: http://semiconlab-staging-alb-124259420.ap-south-1.elb.amazonaws.com:3000/v1/users/me/ad-provisioning-status @ http://semiconlab-staging-alb-124259420.ap-south-1.elb.amazonaws.com/main.dart.js:55885
[  728599ms] [LOG] [AuthService] getToken() - token exists: true, token length: 327 @ http://semiconlab-staging-alb-124259420.ap-south-1.elb.amazonaws.com/main.dart.js:55885
[  728600ms] [LOG] [ApiService] GET Request: users/me/ad-provisioning-status @ http://semiconlab-staging-alb-124259420.ap-south-1.elb.amazonaws.com/main.dart.js:55885
[  728600ms] [LOG] [ApiService] Headers: {Authorization: Bearer eyJhbGciOiJIUzI1NiIsInR5cCI6IkpXVCJ9.eyJlbWFpbCI6InN1cnlhLm5Ac2VtaWNvbm9zLmFpIiwic3ViIjo5NSwicm9sZSI6IkxlYXJuZXIiLCJvcmdJZCI6bnVsbCwidGVhbUlkIjpudWxsLCJhdmFpbGFibGVSb2xlcyI6W10sInNpZCI6ImI5NGVjYzQ3LTQ2MDItNDE5Zi1iMmY0LTViOTk1ODhhZjc2MSIsImlhdCI6MTc4NDc5OTY3MSwiZXhwIjoxNzg1NDA0NDcxfQ.XtqvvgxYi_43mtsjpbElbbWChpvHhFSh_eG6XYLo8oU} @ http://semiconlab-staging-alb-124259420.ap-south-1.elb.amazonaws.com/main.dart.js:55885
[  728968ms] [LOG] [ApiService] Response Status: 200 @ http://semiconlab-staging-alb-124259420.ap-south-1.elb.amazonaws.com/main.dart.js:55885
[  728968ms] [LOG] [ApiService] Response URL: http://semiconlab-staging-alb-124259420.ap-south-1.elb.amazonaws.com:3000/v1/users/me/ad-provisioning-status @ http://semiconlab-staging-alb-124259420.ap-south-1.elb.amazonaws.com/main.dart.js:55885
[  730217ms] [LOG] [AuthService] getToken() - token exists: true, token length: 327 @ http://semiconlab-staging-alb-124259420.ap-south-1.elb.amazonaws.com/main.dart.js:55885
[  730218ms] [LOG] [ApiService] GET Request: labs-api/available-labs @ http://semiconlab-staging-alb-124259420.ap-south-1.elb.amazonaws.com/main.dart.js:55885
[  730218ms] [LOG] [ApiService] Headers: {Authorization: Bearer eyJhbGciOiJIUzI1NiIsInR5cCI6IkpXVCJ9.eyJlbWFpbCI6InN1cnlhLm5Ac2VtaWNvbm9zLmFpIiwic3ViIjo5NSwicm9sZSI6IkxlYXJuZXIiLCJvcmdJZCI6bnVsbCwidGVhbUlkIjpudWxsLCJhdmFpbGFibGVSb2xlcyI6W10sInNpZCI6ImI5NGVjYzQ3LTQ2MDItNDE5Zi1iMmY0LTViOTk1ODhhZjc2MSIsImlhdCI6MTc4NDc5OTY3MSwiZXhwIjoxNzg1NDA0NDcxfQ.XtqvvgxYi_43mtsjpbElbbWChpvHhFSh_eG6XYLo8oU} @ http://semiconlab-staging-alb-124259420.ap-south-1.elb.amazonaws.com/main.dart.js:55885
[  730581ms] [LOG] [AuthService] getToken() - token exists: true, token length: 327 @ http://semiconlab-staging-alb-124259420.ap-south-1.elb.amazonaws.com/main.dart.js:55885
[  730581ms] [LOG] [ApiService] GET Request: users/me/ad-provisioning-status @ http://semiconlab-staging-alb-124259420.ap-south-1.elb.amazonaws.com/main.dart.js:55885
[  730581ms] [LOG] [ApiService] Headers: {Authorization: Bearer eyJhbGciOiJIUzI1NiIsInR5cCI6IkpXVCJ9.eyJlbWFpbCI6InN1cnlhLm5Ac2VtaWNvbm9zLmFpIiwic3ViIjo5NSwicm9sZSI6IkxlYXJuZXIiLCJvcmdJZCI6bnVsbCwidGVhbUlkIjpudWxsLCJhdmFpbGFibGVSb2xlcyI6W10sInNpZCI6ImI5NGVjYzQ3LTQ2MDItNDE5Zi1iMmY0LTViOTk1ODhhZjc2MSIsImlhdCI6MTc4NDc5OTY3MSwiZXhwIjoxNzg1NDA0NDcxfQ.XtqvvgxYi_43mtsjpbElbbWChpvHhFSh_eG6XYLo8oU} @ http://semiconlab-staging-alb-124259420.ap-south-1.elb.amazonaws.com/main.dart.js:55885
[  730682ms] [LOG] [ApiService] Response Status: 200 @ http://semiconlab-staging-alb-124259420.ap-south-1.elb.amazonaws.com/main.dart.js:55885
[  730682ms] [LOG] [ApiService] Response URL: http://semiconlab-staging-alb-124259420.ap-south-1.elb.amazonaws.com:3000/v1/labs-api/available-labs @ http://semiconlab-staging-alb-124259420.ap-south-1.elb.amazonaws.com/main.dart.js:55885
[  730683ms] [LOG] [AuthService] getToken() - token exists: true, token length: 327 @ http://semiconlab-staging-alb-124259420.ap-south-1.elb.amazonaws.com/main.dart.js:55885
[  730683ms] [LOG] [ApiService] GET Request: labs-api/start-status?domain_id=17 @ http://semiconlab-staging-alb-124259420.ap-south-1.elb.amazonaws.com/main.dart.js:55885
[  730683ms] [LOG] [ApiService] Headers: {Authorization: Bearer eyJhbGciOiJIUzI1NiIsInR5cCI6IkpXVCJ9.eyJlbWFpbCI6InN1cnlhLm5Ac2VtaWNvbm9zLmFpIiwic3ViIjo5NSwicm9sZSI6IkxlYXJuZXIiLCJvcmdJZCI6bnVsbCwidGVhbUlkIjpudWxsLCJhdmFpbGFibGVSb2xlcyI6W10sInNpZCI6ImI5NGVjYzQ3LTQ2MDItNDE5Zi1iMmY0LTViOTk1ODhhZjc2MSIsImlhdCI6MTc4NDc5OTY3MSwiZXhwIjoxNzg1NDA0NDcxfQ.XtqvvgxYi_43mtsjpbElbbWChpvHhFSh_eG6XYLo8oU} @ http://semiconlab-staging-alb-124259420.ap-south-1.elb.amazonaws.com/main.dart.js:55885
[  730785ms] [LOG] [ApiService] Response Status: 200 @ http://semiconlab-staging-alb-124259420.ap-south-1.elb.amazonaws.com/main.dart.js:55885
[  730786ms] [LOG] [ApiService] Response URL: http://semiconlab-staging-alb-124259420.ap-south-1.elb.amazonaws.com:3000/v1/users/me/ad-provisioning-status @ http://semiconlab-staging-alb-124259420.ap-south-1.elb.amazonaws.com/main.dart.js:55885
[  730894ms] [LOG] [ApiService] Response Status: 200 @ http://semiconlab-staging-alb-124259420.ap-south-1.elb.amazonaws.com/main.dart.js:55885
[  730894ms] [LOG] [ApiService] Response URL: http://semiconlab-staging-alb-124259420.ap-south-1.elb.amazonaws.com:3000/v1/labs-api/start-status?domain_id=17 @ http://semiconlab-staging-alb-124259420.ap-south-1.elb.amazonaws.com/main.dart.js:55885
[  732583ms] [LOG] [AuthService] getToken() - token exists: true, token length: 327 @ http://semiconlab-staging-alb-124259420.ap-south-1.elb.amazonaws.com/main.dart.js:55885
[  732583ms] [LOG] [ApiService] GET Request: users/me/ad-provisioning-status @ http://semiconlab-staging-alb-124259420.ap-south-1.elb.amazonaws.com/main.dart.js:55885
[  732583ms] [LOG] [ApiService] Headers: {Authorization: Bearer eyJhbGciOiJIUzI1NiIsInR5cCI6IkpXVCJ9.eyJlbWFpbCI6InN1cnlhLm5Ac2VtaWNvbm9zLmFpIiwic3ViIjo5NSwicm9sZSI6IkxlYXJuZXIiLCJvcmdJZCI6bnVsbCwidGVhbUlkIjpudWxsLCJhdmFpbGFibGVSb2xlcyI6W10sInNpZCI6ImI5NGVjYzQ3LTQ2MDItNDE5Zi1iMmY0LTViOTk1ODhhZjc2MSIsImlhdCI6MTc4NDc5OTY3MSwiZXhwIjoxNzg1NDA0NDcxfQ.XtqvvgxYi_43mtsjpbElbbWChpvHhFSh_eG6XYLo8oU} @ http://semiconlab-staging-alb-124259420.ap-south-1.elb.amazonaws.com/main.dart.js:55885
[  732916ms] [LOG] [ApiService] Response Status: 200 @ http://semiconlab-staging-alb-124259420.ap-south-1.elb.amazonaws.com/main.dart.js:55885
[  732916ms] [LOG] [ApiService] Response URL: http://semiconlab-staging-alb-124259420.ap-south-1.elb.amazonaws.com:3000/v1/users/me/ad-provisioning-status @ http://semiconlab-staging-alb-124259420.ap-south-1.elb.amazonaws.com/main.dart.js:55885
[  734590ms] [LOG] [AuthService] getToken() - token exists: true, token length: 327 @ http://semiconlab-staging-alb-124259420.ap-south-1.elb.amazonaws.com/main.dart.js:55885
[  734591ms] [LOG] [ApiService] GET Request: users/me/ad-provisioning-status @ http://semiconlab-staging-alb-124259420.ap-south-1.elb.amazonaws.com/main.dart.js:55885
[  734591ms] [LOG] [ApiService] Headers: {Authorization: Bearer eyJhbGciOiJIUzI1NiIsInR5cCI6IkpXVCJ9.eyJlbWFpbCI6InN1cnlhLm5Ac2VtaWNvbm9zLmFpIiwic3ViIjo5NSwicm9sZSI6IkxlYXJuZXIiLCJvcmdJZCI6bnVsbCwidGVhbUlkIjpudWxsLCJhdmFpbGFibGVSb2xlcyI6W10sInNpZCI6ImI5NGVjYzQ3LTQ2MDItNDE5Zi1iMmY0LTViOTk1ODhhZjc2MSIsImlhdCI6MTc4NDc5OTY3MSwiZXhwIjoxNzg1NDA0NDcxfQ.XtqvvgxYi_43mtsjpbElbbWChpvHhFSh_eG6XYLo8oU} @ http://semiconlab-staging-alb-124259420.ap-south-1.elb.amazonaws.com/main.dart.js:55885
[  734821ms] [LOG] [ApiService] Response Status: 200 @ http://semiconlab-staging-alb-124259420.ap-south-1.elb.amazonaws.com/main.dart.js:55885
[  734822ms] [LOG] [ApiService] Response URL: http://semiconlab-staging-alb-124259420.ap-south-1.elb.amazonaws.com:3000/v1/users/me/ad-provisioning-status @ http://semiconlab-staging-alb-124259420.ap-south-1.elb.amazonaws.com/main.dart.js:55885
[  735222ms] [LOG] [AuthService] getToken() - token exists: true, token length: 327 @ http://semiconlab-staging-alb-124259420.ap-south-1.elb.amazonaws.com/main.dart.js:55885
[  735222ms] [LOG] [ApiService] GET Request: labs-api/available-labs @ http://semiconlab-staging-alb-124259420.ap-south-1.elb.amazonaws.com/main.dart.js:55885
[  735223ms] [LOG] [ApiService] Headers: {Authorization: Bearer eyJhbGciOiJIUzI1NiIsInR5cCI6IkpXVCJ9.eyJlbWFpbCI6InN1cnlhLm5Ac2VtaWNvbm9zLmFpIiwic3ViIjo5NSwicm9sZSI6IkxlYXJuZXIiLCJvcmdJZCI6bnVsbCwidGVhbUlkIjpudWxsLCJhdmFpbGFibGVSb2xlcyI6W10sInNpZCI6ImI5NGVjYzQ3LTQ2MDItNDE5Zi1iMmY0LTViOTk1ODhhZjc2MSIsImlhdCI6MTc4NDc5OTY3MSwiZXhwIjoxNzg1NDA0NDcxfQ.XtqvvgxYi_43mtsjpbElbbWChpvHhFSh_eG6XYLo8oU} @ http://semiconlab-staging-alb-124259420.ap-south-1.elb.amazonaws.com/main.dart.js:55885
[  735463ms] [LOG] [ApiService] Response Status: 200 @ http://semiconlab-staging-alb-124259420.ap-south-1.elb.amazonaws.com/main.dart.js:55885
[  735464ms] [LOG] [ApiService] Response URL: http://semiconlab-staging-alb-124259420.ap-south-1.elb.amazonaws.com:3000/v1/labs-api/available-labs @ http://semiconlab-staging-alb-124259420.ap-south-1.elb.amazonaws.com/main.dart.js:55885
[  735464ms] [LOG] [AuthService] getToken() - token exists: true, token length: 327 @ http://semiconlab-staging-alb-124259420.ap-south-1.elb.amazonaws.com/main.dart.js:55885
[  735464ms] [LOG] [ApiService] GET Request: labs-api/start-status?domain_id=17 @ http://semiconlab-staging-alb-124259420.ap-south-1.elb.amazonaws.com/main.dart.js:55885
[  735465ms] [LOG] [ApiService] Headers: {Authorization: Bearer eyJhbGciOiJIUzI1NiIsInR5cCI6IkpXVCJ9.eyJlbWFpbCI6InN1cnlhLm5Ac2VtaWNvbm9zLmFpIiwic3ViIjo5NSwicm9sZSI6IkxlYXJuZXIiLCJvcmdJZCI6bnVsbCwidGVhbUlkIjpudWxsLCJhdmFpbGFibGVSb2xlcyI6W10sInNpZCI6ImI5NGVjYzQ3LTQ2MDItNDE5Zi1iMmY0LTViOTk1ODhhZjc2MSIsImlhdCI6MTc4NDc5OTY3MSwiZXhwIjoxNzg1NDA0NDcxfQ.XtqvvgxYi_43mtsjpbElbbWChpvHhFSh_eG6XYLo8oU} @ http://semiconlab-staging-alb-124259420.ap-south-1.elb.amazonaws.com/main.dart.js:55885
[  735636ms] [LOG] [ApiService] Response Status: 200 @ http://semiconlab-staging-alb-124259420.ap-south-1.elb.amazonaws.com/main.dart.js:55885
[  735637ms] [LOG] [ApiService] Response URL: http://semiconlab-staging-alb-124259420.ap-south-1.elb.amazonaws.com:3000/v1/labs-api/start-status?domain_id=17 @ http://semiconlab-staging-alb-124259420.ap-south-1.elb.amazonaws.com/main.dart.js:55885
[  736602ms] [LOG] [AuthService] getToken() - token exists: true, token length: 327 @ http://semiconlab-staging-alb-124259420.ap-south-1.elb.amazonaws.com/main.dart.js:55885
[  736603ms] [LOG] [ApiService] GET Request: users/me/ad-provisioning-status @ http://semiconlab-staging-alb-124259420.ap-south-1.elb.amazonaws.com/main.dart.js:55885
[  736603ms] [LOG] [ApiService] Headers: {Authorization: Bearer eyJhbGciOiJIUzI1NiIsInR5cCI6IkpXVCJ9.eyJlbWFpbCI6InN1cnlhLm5Ac2VtaWNvbm9zLmFpIiwic3ViIjo5NSwicm9sZSI6IkxlYXJuZXIiLCJvcmdJZCI6bnVsbCwidGVhbUlkIjpudWxsLCJhdmFpbGFibGVSb2xlcyI6W10sInNpZCI6ImI5NGVjYzQ3LTQ2MDItNDE5Zi1iMmY0LTViOTk1ODhhZjc2MSIsImlhdCI6MTc4NDc5OTY3MSwiZXhwIjoxNzg1NDA0NDcxfQ.XtqvvgxYi_43mtsjpbElbbWChpvHhFSh_eG6XYLo8oU} @ http://semiconlab-staging-alb-124259420.ap-south-1.elb.amazonaws.com/main.dart.js:55885
[  736819ms] [LOG] [ApiService] Response Status: 200 @ http://semiconlab-staging-alb-124259420.ap-south-1.elb.amazonaws.com/main.dart.js:55885
[  736819ms] [LOG] [ApiService] Response URL: http://semiconlab-staging-alb-124259420.ap-south-1.elb.amazonaws.com:3000/v1/users/me/ad-provisioning-status @ http://semiconlab-staging-alb-124259420.ap-south-1.elb.amazonaws.com/main.dart.js:55885
[  738585ms] [LOG] [AuthService] getToken() - token exists: true, token length: 327 @ http://semiconlab-staging-alb-124259420.ap-south-1.elb.amazonaws.com/main.dart.js:55885
[  738585ms] [LOG] [ApiService] GET Request: users/me/ad-provisioning-status @ http://semiconlab-staging-alb-124259420.ap-south-1.elb.amazonaws.com/main.dart.js:55885
[  738585ms] [LOG] [ApiService] Headers: {Authorization: Bearer eyJhbGciOiJIUzI1NiIsInR5cCI6IkpXVCJ9.eyJlbWFpbCI6InN1cnlhLm5Ac2VtaWNvbm9zLmFpIiwic3ViIjo5NSwicm9sZSI6IkxlYXJuZXIiLCJvcmdJZCI6bnVsbCwidGVhbUlkIjpudWxsLCJhdmFpbGFibGVSb2xlcyI6W10sInNpZCI6ImI5NGVjYzQ3LTQ2MDItNDE5Zi1iMmY0LTViOTk1ODhhZjc2MSIsImlhdCI6MTc4NDc5OTY3MSwiZXhwIjoxNzg1NDA0NDcxfQ.XtqvvgxYi_43mtsjpbElbbWChpvHhFSh_eG6XYLo8oU} @ http://semiconlab-staging-alb-124259420.ap-south-1.elb.amazonaws.com/main.dart.js:55885
[  738874ms] [LOG] [ApiService] Response Status: 200 @ http://semiconlab-staging-alb-124259420.ap-south-1.elb.amazonaws.com/main.dart.js:55885
[  738874ms] [LOG] [ApiService] Response URL: http://semiconlab-staging-alb-124259420.ap-south-1.elb.amazonaws.com:3000/v1/users/me/ad-provisioning-status @ http://semiconlab-staging-alb-124259420.ap-south-1.elb.amazonaws.com/main.dart.js:55885
[  740226ms] [LOG] [AuthService] getToken() - token exists: true, token length: 327 @ http://semiconlab-staging-alb-124259420.ap-south-1.elb.amazonaws.com/main.dart.js:55885
[  740227ms] [LOG] [ApiService] GET Request: labs-api/available-labs @ http://semiconlab-staging-alb-124259420.ap-south-1.elb.amazonaws.com/main.dart.js:55885
[  740227ms] [LOG] [ApiService] Headers: {Authorization: Bearer eyJhbGciOiJIUzI1NiIsInR5cCI6IkpXVCJ9.eyJlbWFpbCI6InN1cnlhLm5Ac2VtaWNvbm9zLmFpIiwic3ViIjo5NSwicm9sZSI6IkxlYXJuZXIiLCJvcmdJZCI6bnVsbCwidGVhbUlkIjpudWxsLCJhdmFpbGFibGVSb2xlcyI6W10sInNpZCI6ImI5NGVjYzQ3LTQ2MDItNDE5Zi1iMmY0LTViOTk1ODhhZjc2MSIsImlhdCI6MTc4NDc5OTY3MSwiZXhwIjoxNzg1NDA0NDcxfQ.XtqvvgxYi_43mtsjpbElbbWChpvHhFSh_eG6XYLo8oU} @ http://semiconlab-staging-alb-124259420.ap-south-1.elb.amazonaws.com/main.dart.js:55885
[  740521ms] [LOG] [ApiService] Response Status: 200 @ http://semiconlab-staging-alb-124259420.ap-south-1.elb.amazonaws.com/main.dart.js:55885
[  740521ms] [LOG] [ApiService] Response URL: http://semiconlab-staging-alb-124259420.ap-south-1.elb.amazonaws.com:3000/v1/labs-api/available-labs @ http://semiconlab-staging-alb-124259420.ap-south-1.elb.amazonaws.com/main.dart.js:55885
[  740522ms] [LOG] [AuthService] getToken() - token exists: true, token length: 327 @ http://semiconlab-staging-alb-124259420.ap-south-1.elb.amazonaws.com/main.dart.js:55885
[  740522ms] [LOG] [ApiService] GET Request: labs-api/start-status?domain_id=17 @ http://semiconlab-staging-alb-124259420.ap-south-1.elb.amazonaws.com/main.dart.js:55885
[  740522ms] [LOG] [ApiService] Headers: {Authorization: Bearer eyJhbGciOiJIUzI1NiIsInR5cCI6IkpXVCJ9.eyJlbWFpbCI6InN1cnlhLm5Ac2VtaWNvbm9zLmFpIiwic3ViIjo5NSwicm9sZSI6IkxlYXJuZXIiLCJvcmdJZCI6bnVsbCwidGVhbUlkIjpudWxsLCJhdmFpbGFibGVSb2xlcyI6W10sInNpZCI6ImI5NGVjYzQ3LTQ2MDItNDE5Zi1iMmY0LTViOTk1ODhhZjc2MSIsImlhdCI6MTc4NDc5OTY3MSwiZXhwIjoxNzg1NDA0NDcxfQ.XtqvvgxYi_43mtsjpbElbbWChpvHhFSh_eG6XYLo8oU} @ http://semiconlab-staging-alb-124259420.ap-south-1.elb.amazonaws.com/main.dart.js:55885
[  740593ms] [LOG] [AuthService] getToken() - token exists: true, token length: 327 @ http://semiconlab-staging-alb-124259420.ap-south-1.elb.amazonaws.com/main.dart.js:55885
[  740593ms] [LOG] [ApiService] GET Request: users/me/ad-provisioning-status @ http://semiconlab-staging-alb-124259420.ap-south-1.elb.amazonaws.com/main.dart.js:55885
[  740594ms] [LOG] [ApiService] Headers: {Authorization: Bearer eyJhbGciOiJIUzI1NiIsInR5cCI6IkpXVCJ9.eyJlbWFpbCI6InN1cnlhLm5Ac2VtaWNvbm9zLmFpIiwic3ViIjo5NSwicm9sZSI6IkxlYXJuZXIiLCJvcmdJZCI6bnVsbCwidGVhbUlkIjpudWxsLCJhdmFpbGFibGVSb2xlcyI6W10sInNpZCI6ImI5NGVjYzQ3LTQ2MDItNDE5Zi1iMmY0LTViOTk1ODhhZjc2MSIsImlhdCI6MTc4NDc5OTY3MSwiZXhwIjoxNzg1NDA0NDcxfQ.XtqvvgxYi_43mtsjpbElbbWChpvHhFSh_eG6XYLo8oU} @ http://semiconlab-staging-alb-124259420.ap-south-1.elb.amazonaws.com/main.dart.js:55885
[  740743ms] [LOG] [ApiService] Response Status: 200 @ http://semiconlab-staging-alb-124259420.ap-south-1.elb.amazonaws.com/main.dart.js:55885
[  740743ms] [LOG] [ApiService] Response URL: http://semiconlab-staging-alb-124259420.ap-south-1.elb.amazonaws.com:3000/v1/labs-api/start-status?domain_id=17 @ http://semiconlab-staging-alb-124259420.ap-south-1.elb.amazonaws.com/main.dart.js:55885
[  740849ms] [LOG] [ApiService] Response Status: 200 @ http://semiconlab-staging-alb-124259420.ap-south-1.elb.amazonaws.com/main.dart.js:55885
[  740849ms] [LOG] [ApiService] Response URL: http://semiconlab-staging-alb-124259420.ap-south-1.elb.amazonaws.com:3000/v1/users/me/ad-provisioning-status @ http://semiconlab-staging-alb-124259420.ap-south-1.elb.amazonaws.com/main.dart.js:55885
[  742614ms] [LOG] [AuthService] getToken() - token exists: true, token length: 327 @ http://semiconlab-staging-alb-124259420.ap-south-1.elb.amazonaws.com/main.dart.js:55885
[  742615ms] [LOG] [ApiService] GET Request: users/me/ad-provisioning-status @ http://semiconlab-staging-alb-124259420.ap-south-1.elb.amazonaws.com/main.dart.js:55885
[  742615ms] [LOG] [ApiService] Headers: {Authorization: Bearer eyJhbGciOiJIUzI1NiIsInR5cCI6IkpXVCJ9.eyJlbWFpbCI6InN1cnlhLm5Ac2VtaWNvbm9zLmFpIiwic3ViIjo5NSwicm9sZSI6IkxlYXJuZXIiLCJvcmdJZCI6bnVsbCwidGVhbUlkIjpudWxsLCJhdmFpbGFibGVSb2xlcyI6W10sInNpZCI6ImI5NGVjYzQ3LTQ2MDItNDE5Zi1iMmY0LTViOTk1ODhhZjc2MSIsImlhdCI6MTc4NDc5OTY3MSwiZXhwIjoxNzg1NDA0NDcxfQ.XtqvvgxYi_43mtsjpbElbbWChpvHhFSh_eG6XYLo8oU} @ http://semiconlab-staging-alb-124259420.ap-south-1.elb.amazonaws.com/main.dart.js:55885
[  742829ms] [LOG] [ApiService] Response Status: 200 @ http://semiconlab-staging-alb-124259420.ap-south-1.elb.amazonaws.com/main.dart.js:55885
[  742829ms] [LOG] [ApiService] Response URL: http://semiconlab-staging-alb-124259420.ap-south-1.elb.amazonaws.com:3000/v1/users/me/ad-provisioning-status @ http://semiconlab-staging-alb-124259420.ap-south-1.elb.amazonaws.com/main.dart.js:55885
[  744584ms] [LOG] [AuthService] getToken() - token exists: true, token length: 327 @ http://semiconlab-staging-alb-124259420.ap-south-1.elb.amazonaws.com/main.dart.js:55885
[  744584ms] [LOG] [ApiService] GET Request: users/me/ad-provisioning-status @ http://semiconlab-staging-alb-124259420.ap-south-1.elb.amazonaws.com/main.dart.js:55885
[  744585ms] [LOG] [ApiService] Headers: {Authorization: Bearer eyJhbGciOiJIUzI1NiIsInR5cCI6IkpXVCJ9.eyJlbWFpbCI6InN1cnlhLm5Ac2VtaWNvbm9zLmFpIiwic3ViIjo5NSwicm9sZSI6IkxlYXJuZXIiLCJvcmdJZCI6bnVsbCwidGVhbUlkIjpudWxsLCJhdmFpbGFibGVSb2xlcyI6W10sInNpZCI6ImI5NGVjYzQ3LTQ2MDItNDE5Zi1iMmY0LTViOTk1ODhhZjc2MSIsImlhdCI6MTc4NDc5OTY3MSwiZXhwIjoxNzg1NDA0NDcxfQ.XtqvvgxYi_43mtsjpbElbbWChpvHhFSh_eG6XYLo8oU} @ http://semiconlab-staging-alb-124259420.ap-south-1.elb.amazonaws.com/main.dart.js:55885
[  744858ms] [LOG] [ApiService] Response Status: 200 @ http://semiconlab-staging-alb-124259420.ap-south-1.elb.amazonaws.com/main.dart.js:55885
[  744858ms] [LOG] [ApiService] Response URL: http://semiconlab-staging-alb-124259420.ap-south-1.elb.amazonaws.com:3000/v1/users/me/ad-provisioning-status @ http://semiconlab-staging-alb-124259420.ap-south-1.elb.amazonaws.com/main.dart.js:55885
[  745226ms] [LOG] [AuthService] getToken() - token exists: true, token length: 327 @ http://semiconlab-staging-alb-124259420.ap-south-1.elb.amazonaws.com/main.dart.js:55885
[  745227ms] [LOG] [ApiService] GET Request: labs-api/available-labs @ http://semiconlab-staging-alb-124259420.ap-south-1.elb.amazonaws.com/main.dart.js:55885
[  745227ms] [LOG] [ApiService] Headers: {Authorization: Bearer eyJhbGciOiJIUzI1NiIsInR5cCI6IkpXVCJ9.eyJlbWFpbCI6InN1cnlhLm5Ac2VtaWNvbm9zLmFpIiwic3ViIjo5NSwicm9sZSI6IkxlYXJuZXIiLCJvcmdJZCI6bnVsbCwidGVhbUlkIjpudWxsLCJhdmFpbGFibGVSb2xlcyI6W10sInNpZCI6ImI5NGVjYzQ3LTQ2MDItNDE5Zi1iMmY0LTViOTk1ODhhZjc2MSIsImlhdCI6MTc4NDc5OTY3MSwiZXhwIjoxNzg1NDA0NDcxfQ.XtqvvgxYi_43mtsjpbElbbWChpvHhFSh_eG6XYLo8oU} @ http://semiconlab-staging-alb-124259420.ap-south-1.elb.amazonaws.com/main.dart.js:55885
[  745463ms] [LOG] [ApiService] Response Status: 200 @ http://semiconlab-staging-alb-124259420.ap-south-1.elb.amazonaws.com/main.dart.js:55885
[  745463ms] [LOG] [ApiService] Response URL: http://semiconlab-staging-alb-124259420.ap-south-1.elb.amazonaws.com:3000/v1/labs-api/available-labs @ http://semiconlab-staging-alb-124259420.ap-south-1.elb.amazonaws.com/main.dart.js:55885
[  745464ms] [LOG] [AuthService] getToken() - token exists: true, token length: 327 @ http://semiconlab-staging-alb-124259420.ap-south-1.elb.amazonaws.com/main.dart.js:55885
[  745464ms] [LOG] [ApiService] GET Request: labs-api/start-status?domain_id=17 @ http://semiconlab-staging-alb-124259420.ap-south-1.elb.amazonaws.com/main.dart.js:55885
[  745464ms] [LOG] [ApiService] Headers: {Authorization: Bearer eyJhbGciOiJIUzI1NiIsInR5cCI6IkpXVCJ9.eyJlbWFpbCI6InN1cnlhLm5Ac2VtaWNvbm9zLmFpIiwic3ViIjo5NSwicm9sZSI6IkxlYXJuZXIiLCJvcmdJZCI6bnVsbCwidGVhbUlkIjpudWxsLCJhdmFpbGFibGVSb2xlcyI6W10sInNpZCI6ImI5NGVjYzQ3LTQ2MDItNDE5Zi1iMmY0LTViOTk1ODhhZjc2MSIsImlhdCI6MTc4NDc5OTY3MSwiZXhwIjoxNzg1NDA0NDcxfQ.XtqvvgxYi_43mtsjpbElbbWChpvHhFSh_eG6XYLo8oU} @ http://semiconlab-staging-alb-124259420.ap-south-1.elb.amazonaws.com/main.dart.js:55885
[  745634ms] [LOG] [ApiService] Response Status: 200 @ http://semiconlab-staging-alb-124259420.ap-south-1.elb.amazonaws.com/main.dart.js:55885
[  745635ms] [LOG] [ApiService] Response URL: http://semiconlab-staging-alb-124259420.ap-south-1.elb.amazonaws.com:3000/v1/labs-api/start-status?domain_id=17 @ http://semiconlab-staging-alb-124259420.ap-south-1.elb.amazonaws.com/main.dart.js:55885
[  746590ms] [LOG] [AuthService] getToken() - token exists: true, token length: 327 @ http://semiconlab-staging-alb-124259420.ap-south-1.elb.amazonaws.com/main.dart.js:55885
[  746590ms] [LOG] [ApiService] GET Request: users/me/ad-provisioning-status @ http://semiconlab-staging-alb-124259420.ap-south-1.elb.amazonaws.com/main.dart.js:55885
[  746591ms] [LOG] [ApiService] Headers: {Authorization: Bearer eyJhbGciOiJIUzI1NiIsInR5cCI6IkpXVCJ9.eyJlbWFpbCI6InN1cnlhLm5Ac2VtaWNvbm9zLmFpIiwic3ViIjo5NSwicm9sZSI6IkxlYXJuZXIiLCJvcmdJZCI6bnVsbCwidGVhbUlkIjpudWxsLCJhdmFpbGFibGVSb2xlcyI6W10sInNpZCI6ImI5NGVjYzQ3LTQ2MDItNDE5Zi1iMmY0LTViOTk1ODhhZjc2MSIsImlhdCI6MTc4NDc5OTY3MSwiZXhwIjoxNzg1NDA0NDcxfQ.XtqvvgxYi_43mtsjpbElbbWChpvHhFSh_eG6XYLo8oU} @ http://semiconlab-staging-alb-124259420.ap-south-1.elb.amazonaws.com/main.dart.js:55885
[  746848ms] [LOG] [ApiService] Response Status: 200 @ http://semiconlab-staging-alb-124259420.ap-south-1.elb.amazonaws.com/main.dart.js:55885
[  746849ms] [LOG] [ApiService] Response URL: http://semiconlab-staging-alb-124259420.ap-south-1.elb.amazonaws.com:3000/v1/users/me/ad-provisioning-status @ http://semiconlab-staging-alb-124259420.ap-south-1.elb.amazonaws.com/main.dart.js:55885
[  748591ms] [LOG] [AuthService] getToken() - token exists: true, token length: 327 @ http://semiconlab-staging-alb-124259420.ap-south-1.elb.amazonaws.com/main.dart.js:55885
[  748591ms] [LOG] [ApiService] GET Request: users/me/ad-provisioning-status @ http://semiconlab-staging-alb-124259420.ap-south-1.elb.amazonaws.com/main.dart.js:55885
[  748592ms] [LOG] [ApiService] Headers: {Authorization: Bearer eyJhbGciOiJIUzI1NiIsInR5cCI6IkpXVCJ9.eyJlbWFpbCI6InN1cnlhLm5Ac2VtaWNvbm9zLmFpIiwic3ViIjo5NSwicm9sZSI6IkxlYXJuZXIiLCJvcmdJZCI6bnVsbCwidGVhbUlkIjpudWxsLCJhdmFpbGFibGVSb2xlcyI6W10sInNpZCI6ImI5NGVjYzQ3LTQ2MDItNDE5Zi1iMmY0LTViOTk1ODhhZjc2MSIsImlhdCI6MTc4NDc5OTY3MSwiZXhwIjoxNzg1NDA0NDcxfQ.XtqvvgxYi_43mtsjpbElbbWChpvHhFSh_eG6XYLo8oU} @ http://semiconlab-staging-alb-124259420.ap-south-1.elb.amazonaws.com/main.dart.js:55885
[  748819ms] [LOG] [ApiService] Response Status: 200 @ http://semiconlab-staging-alb-124259420.ap-south-1.elb.amazonaws.com/main.dart.js:55885
[  748819ms] [LOG] [ApiService] Response URL: http://semiconlab-staging-alb-124259420.ap-south-1.elb.amazonaws.com:3000/v1/users/me/ad-provisioning-status @ http://semiconlab-staging-alb-124259420.ap-south-1.elb.amazonaws.com/main.dart.js:55885
[  750222ms] [LOG] [AuthService] getToken() - token exists: true, token length: 327 @ http://semiconlab-staging-alb-124259420.ap-south-1.elb.amazonaws.com/main.dart.js:55885
[  750223ms] [LOG] [ApiService] GET Request: labs-api/available-labs @ http://semiconlab-staging-alb-124259420.ap-south-1.elb.amazonaws.com/main.dart.js:55885
[  750223ms] [LOG] [ApiService] Headers: {Authorization: Bearer eyJhbGciOiJIUzI1NiIsInR5cCI6IkpXVCJ9.eyJlbWFpbCI6InN1cnlhLm5Ac2VtaWNvbm9zLmFpIiwic3ViIjo5NSwicm9sZSI6IkxlYXJuZXIiLCJvcmdJZCI6bnVsbCwidGVhbUlkIjpudWxsLCJhdmFpbGFibGVSb2xlcyI6W10sInNpZCI6ImI5NGVjYzQ3LTQ2MDItNDE5Zi1iMmY0LTViOTk1ODhhZjc2MSIsImlhdCI6MTc4NDc5OTY3MSwiZXhwIjoxNzg1NDA0NDcxfQ.XtqvvgxYi_43mtsjpbElbbWChpvHhFSh_eG6XYLo8oU} @ http://semiconlab-staging-alb-124259420.ap-south-1.elb.amazonaws.com/main.dart.js:55885
[  750544ms] [LOG] [ApiService] Response Status: 200 @ http://semiconlab-staging-alb-124259420.ap-south-1.elb.amazonaws.com/main.dart.js:55885
[  750545ms] [LOG] [ApiService] Response URL: http://semiconlab-staging-alb-124259420.ap-south-1.elb.amazonaws.com:3000/v1/labs-api/available-labs @ http://semiconlab-staging-alb-124259420.ap-south-1.elb.amazonaws.com/main.dart.js:55885
[  750545ms] [LOG] [AuthService] getToken() - token exists: true, token length: 327 @ http://semiconlab-staging-alb-124259420.ap-south-1.elb.amazonaws.com/main.dart.js:55885
[  750546ms] [LOG] [ApiService] GET Request: labs-api/start-status?domain_id=17 @ http://semiconlab-staging-alb-124259420.ap-south-1.elb.amazonaws.com/main.dart.js:55885
[  750546ms] [LOG] [ApiService] Headers: {Authorization: Bearer eyJhbGciOiJIUzI1NiIsInR5cCI6IkpXVCJ9.eyJlbWFpbCI6InN1cnlhLm5Ac2VtaWNvbm9zLmFpIiwic3ViIjo5NSwicm9sZSI6IkxlYXJuZXIiLCJvcmdJZCI6bnVsbCwidGVhbUlkIjpudWxsLCJhdmFpbGFibGVSb2xlcyI6W10sInNpZCI6ImI5NGVjYzQ3LTQ2MDItNDE5Zi1iMmY0LTViOTk1ODhhZjc2MSIsImlhdCI6MTc4NDc5OTY3MSwiZXhwIjoxNzg1NDA0NDcxfQ.XtqvvgxYi_43mtsjpbElbbWChpvHhFSh_eG6XYLo8oU} @ http://semiconlab-staging-alb-124259420.ap-south-1.elb.amazonaws.com/main.dart.js:55885
[  750592ms] [LOG] [AuthService] getToken() - token exists: true, token length: 327 @ http://semiconlab-staging-alb-124259420.ap-south-1.elb.amazonaws.com/main.dart.js:55885
[  750593ms] [LOG] [ApiService] GET Request: users/me/ad-provisioning-status @ http://semiconlab-staging-alb-124259420.ap-south-1.elb.amazonaws.com/main.dart.js:55885
[  750593ms] [LOG] [ApiService] Headers: {Authorization: Bearer eyJhbGciOiJIUzI1NiIsInR5cCI6IkpXVCJ9.eyJlbWFpbCI6InN1cnlhLm5Ac2VtaWNvbm9zLmFpIiwic3ViIjo5NSwicm9sZSI6IkxlYXJuZXIiLCJvcmdJZCI6bnVsbCwidGVhbUlkIjpudWxsLCJhdmFpbGFibGVSb2xlcyI6W10sInNpZCI6ImI5NGVjYzQ3LTQ2MDItNDE5Zi1iMmY0LTViOTk1ODhhZjc2MSIsImlhdCI6MTc4NDc5OTY3MSwiZXhwIjoxNzg1NDA0NDcxfQ.XtqvvgxYi_43mtsjpbElbbWChpvHhFSh_eG6XYLo8oU} @ http://semiconlab-staging-alb-124259420.ap-south-1.elb.amazonaws.com/main.dart.js:55885
[  750769ms] [LOG] [ApiService] Response Status: 200 @ http://semiconlab-staging-alb-124259420.ap-south-1.elb.amazonaws.com/main.dart.js:55885
[  750770ms] [LOG] [ApiService] Response URL: http://semiconlab-staging-alb-124259420.ap-south-1.elb.amazonaws.com:3000/v1/labs-api/start-status?domain_id=17 @ http://semiconlab-staging-alb-124259420.ap-south-1.elb.amazonaws.com/main.dart.js:55885
[  751031ms] [LOG] [ApiService] Response Status: 200 @ http://semiconlab-staging-alb-124259420.ap-south-1.elb.amazonaws.com/main.dart.js:55885
[  751031ms] [LOG] [ApiService] Response URL: http://semiconlab-staging-alb-124259420.ap-south-1.elb.amazonaws.com:3000/v1/users/me/ad-provisioning-status @ http://semiconlab-staging-alb-124259420.ap-south-1.elb.amazonaws.com/main.dart.js:55885
[  752587ms] [LOG] [AuthService] getToken() - token exists: true, token length: 327 @ http://semiconlab-staging-alb-124259420.ap-south-1.elb.amazonaws.com/main.dart.js:55885
[  752587ms] [LOG] [ApiService] GET Request: users/me/ad-provisioning-status @ http://semiconlab-staging-alb-124259420.ap-south-1.elb.amazonaws.com/main.dart.js:55885
[  752588ms] [LOG] [ApiService] Headers: {Authorization: Bearer eyJhbGciOiJIUzI1NiIsInR5cCI6IkpXVCJ9.eyJlbWFpbCI6InN1cnlhLm5Ac2VtaWNvbm9zLmFpIiwic3ViIjo5NSwicm9sZSI6IkxlYXJuZXIiLCJvcmdJZCI6bnVsbCwidGVhbUlkIjpudWxsLCJhdmFpbGFibGVSb2xlcyI6W10sInNpZCI6ImI5NGVjYzQ3LTQ2MDItNDE5Zi1iMmY0LTViOTk1ODhhZjc2MSIsImlhdCI6MTc4NDc5OTY3MSwiZXhwIjoxNzg1NDA0NDcxfQ.XtqvvgxYi_43mtsjpbElbbWChpvHhFSh_eG6XYLo8oU} @ http://semiconlab-staging-alb-124259420.ap-south-1.elb.amazonaws.com/main.dart.js:55885
[  752881ms] [LOG] [ApiService] Response Status: 200 @ http://semiconlab-staging-alb-124259420.ap-south-1.elb.amazonaws.com/main.dart.js:55885
[  752881ms] [LOG] [ApiService] Response URL: http://semiconlab-staging-alb-124259420.ap-south-1.elb.amazonaws.com:3000/v1/users/me/ad-provisioning-status @ http://semiconlab-staging-alb-124259420.ap-south-1.elb.amazonaws.com/main.dart.js:55885
[  754586ms] [LOG] [AuthService] getToken() - token exists: true, token length: 327 @ http://semiconlab-staging-alb-124259420.ap-south-1.elb.amazonaws.com/main.dart.js:55885
[  754586ms] [LOG] [ApiService] GET Request: users/me/ad-provisioning-status @ http://semiconlab-staging-alb-124259420.ap-south-1.elb.amazonaws.com/main.dart.js:55885
[  754587ms] [LOG] [ApiService] Headers: {Authorization: Bearer eyJhbGciOiJIUzI1NiIsInR5cCI6IkpXVCJ9.eyJlbWFpbCI6InN1cnlhLm5Ac2VtaWNvbm9zLmFpIiwic3ViIjo5NSwicm9sZSI6IkxlYXJuZXIiLCJvcmdJZCI6bnVsbCwidGVhbUlkIjpudWxsLCJhdmFpbGFibGVSb2xlcyI6W10sInNpZCI6ImI5NGVjYzQ3LTQ2MDItNDE5Zi1iMmY0LTViOTk1ODhhZjc2MSIsImlhdCI6MTc4NDc5OTY3MSwiZXhwIjoxNzg1NDA0NDcxfQ.XtqvvgxYi_43mtsjpbElbbWChpvHhFSh_eG6XYLo8oU} @ http://semiconlab-staging-alb-124259420.ap-south-1.elb.amazonaws.com/main.dart.js:55885
[  754843ms] [LOG] [ApiService] Response Status: 200 @ http://semiconlab-staging-alb-124259420.ap-south-1.elb.amazonaws.com/main.dart.js:55885
[  754843ms] [LOG] [ApiService] Response URL: http://semiconlab-staging-alb-124259420.ap-south-1.elb.amazonaws.com:3000/v1/users/me/ad-provisioning-status @ http://semiconlab-staging-alb-124259420.ap-south-1.elb.amazonaws.com/main.dart.js:55885
[  755215ms] [LOG] [AuthService] getToken() - token exists: true, token length: 327 @ http://semiconlab-staging-alb-124259420.ap-south-1.elb.amazonaws.com/main.dart.js:55885
[  755216ms] [LOG] [ApiService] GET Request: labs-api/available-labs @ http://semiconlab-staging-alb-124259420.ap-south-1.elb.amazonaws.com/main.dart.js:55885
[  755216ms] [LOG] [ApiService] Headers: {Authorization: Bearer eyJhbGciOiJIUzI1NiIsInR5cCI6IkpXVCJ9.eyJlbWFpbCI6InN1cnlhLm5Ac2VtaWNvbm9zLmFpIiwic3ViIjo5NSwicm9sZSI6IkxlYXJuZXIiLCJvcmdJZCI6bnVsbCwidGVhbUlkIjpudWxsLCJhdmFpbGFibGVSb2xlcyI6W10sInNpZCI6ImI5NGVjYzQ3LTQ2MDItNDE5Zi1iMmY0LTViOTk1ODhhZjc2MSIsImlhdCI6MTc4NDc5OTY3MSwiZXhwIjoxNzg1NDA0NDcxfQ.XtqvvgxYi_43mtsjpbElbbWChpvHhFSh_eG6XYLo8oU} @ http://semiconlab-staging-alb-124259420.ap-south-1.elb.amazonaws.com/main.dart.js:55885
[  755449ms] [LOG] [ApiService] Response Status: 200 @ http://semiconlab-staging-alb-124259420.ap-south-1.elb.amazonaws.com/main.dart.js:55885
[  755449ms] [LOG] [ApiService] Response URL: http://semiconlab-staging-alb-124259420.ap-south-1.elb.amazonaws.com:3000/v1/labs-api/available-labs @ http://semiconlab-staging-alb-124259420.ap-south-1.elb.amazonaws.com/main.dart.js:55885
[  755449ms] [LOG] [AuthService] getToken() - token exists: true, token length: 327 @ http://semiconlab-staging-alb-124259420.ap-south-1.elb.amazonaws.com/main.dart.js:55885
[  755450ms] [LOG] [ApiService] GET Request: labs-api/start-status?domain_id=17 @ http://semiconlab-staging-alb-124259420.ap-south-1.elb.amazonaws.com/main.dart.js:55885
[  755450ms] [LOG] [ApiService] Headers: {Authorization: Bearer eyJhbGciOiJIUzI1NiIsInR5cCI6IkpXVCJ9.eyJlbWFpbCI6InN1cnlhLm5Ac2VtaWNvbm9zLmFpIiwic3ViIjo5NSwicm9sZSI6IkxlYXJuZXIiLCJvcmdJZCI6bnVsbCwidGVhbUlkIjpudWxsLCJhdmFpbGFibGVSb2xlcyI6W10sInNpZCI6ImI5NGVjYzQ3LTQ2MDItNDE5Zi1iMmY0LTViOTk1ODhhZjc2MSIsImlhdCI6MTc4NDc5OTY3MSwiZXhwIjoxNzg1NDA0NDcxfQ.XtqvvgxYi_43mtsjpbElbbWChpvHhFSh_eG6XYLo8oU} @ http://semiconlab-staging-alb-124259420.ap-south-1.elb.amazonaws.com/main.dart.js:55885
[  755610ms] [LOG] [ApiService] Response Status: 200 @ http://semiconlab-staging-alb-124259420.ap-south-1.elb.amazonaws.com/main.dart.js:55885
[  755611ms] [LOG] [ApiService] Response URL: http://semiconlab-staging-alb-124259420.ap-south-1.elb.amazonaws.com:3000/v1/labs-api/start-status?domain_id=17 @ http://semiconlab-staging-alb-124259420.ap-south-1.elb.amazonaws.com/main.dart.js:55885
[  756598ms] [LOG] [AuthService] getToken() - token exists: true, token length: 327 @ http://semiconlab-staging-alb-124259420.ap-south-1.elb.amazonaws.com/main.dart.js:55885
[  756598ms] [LOG] [ApiService] GET Request: users/me/ad-provisioning-status @ http://semiconlab-staging-alb-124259420.ap-south-1.elb.amazonaws.com/main.dart.js:55885
[  756599ms] [LOG] [ApiService] Headers: {Authorization: Bearer eyJhbGciOiJIUzI1NiIsInR5cCI6IkpXVCJ9.eyJlbWFpbCI6InN1cnlhLm5Ac2VtaWNvbm9zLmFpIiwic3ViIjo5NSwicm9sZSI6IkxlYXJuZXIiLCJvcmdJZCI6bnVsbCwidGVhbUlkIjpudWxsLCJhdmFpbGFibGVSb2xlcyI6W10sInNpZCI6ImI5NGVjYzQ3LTQ2MDItNDE5Zi1iMmY0LTViOTk1ODhhZjc2MSIsImlhdCI6MTc4NDc5OTY3MSwiZXhwIjoxNzg1NDA0NDcxfQ.XtqvvgxYi_43mtsjpbElbbWChpvHhFSh_eG6XYLo8oU} @ http://semiconlab-staging-alb-124259420.ap-south-1.elb.amazonaws.com/main.dart.js:55885
[  756837ms] [LOG] [ApiService] Response Status: 200 @ http://semiconlab-staging-alb-124259420.ap-south-1.elb.amazonaws.com/main.dart.js:55885
[  756838ms] [LOG] [ApiService] Response URL: http://semiconlab-staging-alb-124259420.ap-south-1.elb.amazonaws.com:3000/v1/users/me/ad-provisioning-status @ http://semiconlab-staging-alb-124259420.ap-south-1.elb.amazonaws.com/main.dart.js:55885
[  758583ms] [LOG] [AuthService] getToken() - token exists: true, token length: 327 @ http://semiconlab-staging-alb-124259420.ap-south-1.elb.amazonaws.com/main.dart.js:55885
[  758583ms] [LOG] [ApiService] GET Request: users/me/ad-provisioning-status @ http://semiconlab-staging-alb-124259420.ap-south-1.elb.amazonaws.com/main.dart.js:55885
[  758583ms] [LOG] [ApiService] Headers: {Authorization: Bearer eyJhbGciOiJIUzI1NiIsInR5cCI6IkpXVCJ9.eyJlbWFpbCI6InN1cnlhLm5Ac2VtaWNvbm9zLmFpIiwic3ViIjo5NSwicm9sZSI6IkxlYXJuZXIiLCJvcmdJZCI6bnVsbCwidGVhbUlkIjpudWxsLCJhdmFpbGFibGVSb2xlcyI6W10sInNpZCI6ImI5NGVjYzQ3LTQ2MDItNDE5Zi1iMmY0LTViOTk1ODhhZjc2MSIsImlhdCI6MTc4NDc5OTY3MSwiZXhwIjoxNzg1NDA0NDcxfQ.XtqvvgxYi_43mtsjpbElbbWChpvHhFSh_eG6XYLo8oU} @ http://semiconlab-staging-alb-124259420.ap-south-1.elb.amazonaws.com/main.dart.js:55885
[  758800ms] [LOG] [ApiService] Response Status: 200 @ http://semiconlab-staging-alb-124259420.ap-south-1.elb.amazonaws.com/main.dart.js:55885
[  758801ms] [LOG] [ApiService] Response URL: http://semiconlab-staging-alb-124259420.ap-south-1.elb.amazonaws.com:3000/v1/users/me/ad-provisioning-status @ http://semiconlab-staging-alb-124259420.ap-south-1.elb.amazonaws.com/main.dart.js:55885
[  760212ms] [LOG] [AuthService] getToken() - token exists: true, token length: 327 @ http://semiconlab-staging-alb-124259420.ap-south-1.elb.amazonaws.com/main.dart.js:55885
[  760212ms] [LOG] [ApiService] GET Request: labs-api/available-labs @ http://semiconlab-staging-alb-124259420.ap-south-1.elb.amazonaws.com/main.dart.js:55885
[  760212ms] [LOG] [ApiService] Headers: {Authorization: Bearer eyJhbGciOiJIUzI1NiIsInR5cCI6IkpXVCJ9.eyJlbWFpbCI6InN1cnlhLm5Ac2VtaWNvbm9zLmFpIiwic3ViIjo5NSwicm9sZSI6IkxlYXJuZXIiLCJvcmdJZCI6bnVsbCwidGVhbUlkIjpudWxsLCJhdmFpbGFibGVSb2xlcyI6W10sInNpZCI6ImI5NGVjYzQ3LTQ2MDItNDE5Zi1iMmY0LTViOTk1ODhhZjc2MSIsImlhdCI6MTc4NDc5OTY3MSwiZXhwIjoxNzg1NDA0NDcxfQ.XtqvvgxYi_43mtsjpbElbbWChpvHhFSh_eG6XYLo8oU} @ http://semiconlab-staging-alb-124259420.ap-south-1.elb.amazonaws.com/main.dart.js:55885
[  760477ms] [LOG] [ApiService] Response Status: 200 @ http://semiconlab-staging-alb-124259420.ap-south-1.elb.amazonaws.com/main.dart.js:55885
[  760477ms] [LOG] [ApiService] Response URL: http://semiconlab-staging-alb-124259420.ap-south-1.elb.amazonaws.com:3000/v1/labs-api/available-labs @ http://semiconlab-staging-alb-124259420.ap-south-1.elb.amazonaws.com/main.dart.js:55885
[  760477ms] [LOG] [AuthService] getToken() - token exists: true, token length: 327 @ http://semiconlab-staging-alb-124259420.ap-south-1.elb.amazonaws.com/main.dart.js:55885
[  760478ms] [LOG] [ApiService] GET Request: labs-api/start-status?domain_id=17 @ http://semiconlab-staging-alb-124259420.ap-south-1.elb.amazonaws.com/main.dart.js:55885
[  760478ms] [LOG] [ApiService] Headers: {Authorization: Bearer eyJhbGciOiJIUzI1NiIsInR5cCI6IkpXVCJ9.eyJlbWFpbCI6InN1cnlhLm5Ac2VtaWNvbm9zLmFpIiwic3ViIjo5NSwicm9sZSI6IkxlYXJuZXIiLCJvcmdJZCI6bnVsbCwidGVhbUlkIjpudWxsLCJhdmFpbGFibGVSb2xlcyI6W10sInNpZCI6ImI5NGVjYzQ3LTQ2MDItNDE5Zi1iMmY0LTViOTk1ODhhZjc2MSIsImlhdCI6MTc4NDc5OTY3MSwiZXhwIjoxNzg1NDA0NDcxfQ.XtqvvgxYi_43mtsjpbElbbWChpvHhFSh_eG6XYLo8oU} @ http://semiconlab-staging-alb-124259420.ap-south-1.elb.amazonaws.com/main.dart.js:55885
[  760600ms] [LOG] [AuthService] getToken() - token exists: true, token length: 327 @ http://semiconlab-staging-alb-124259420.ap-south-1.elb.amazonaws.com/main.dart.js:55885
[  760600ms] [LOG] [ApiService] GET Request: users/me/ad-provisioning-status @ http://semiconlab-staging-alb-124259420.ap-south-1.elb.amazonaws.com/main.dart.js:55885
[  760600ms] [LOG] [ApiService] Headers: {Authorization: Bearer eyJhbGciOiJIUzI1NiIsInR5cCI6IkpXVCJ9.eyJlbWFpbCI6InN1cnlhLm5Ac2VtaWNvbm9zLmFpIiwic3ViIjo5NSwicm9sZSI6IkxlYXJuZXIiLCJvcmdJZCI6bnVsbCwidGVhbUlkIjpudWxsLCJhdmFpbGFibGVSb2xlcyI6W10sInNpZCI6ImI5NGVjYzQ3LTQ2MDItNDE5Zi1iMmY0LTViOTk1ODhhZjc2MSIsImlhdCI6MTc4NDc5OTY3MSwiZXhwIjoxNzg1NDA0NDcxfQ.XtqvvgxYi_43mtsjpbElbbWChpvHhFSh_eG6XYLo8oU} @ http://semiconlab-staging-alb-124259420.ap-south-1.elb.amazonaws.com/main.dart.js:55885
[  760671ms] [LOG] [ApiService] Response Status: 200 @ http://semiconlab-staging-alb-124259420.ap-south-1.elb.amazonaws.com/main.dart.js:55885
[  760672ms] [LOG] [ApiService] Response URL: http://semiconlab-staging-alb-124259420.ap-south-1.elb.amazonaws.com:3000/v1/labs-api/start-status?domain_id=17 @ http://semiconlab-staging-alb-124259420.ap-south-1.elb.amazonaws.com/main.dart.js:55885
[  760819ms] [LOG] [ApiService] Response Status: 200 @ http://semiconlab-staging-alb-124259420.ap-south-1.elb.amazonaws.com/main.dart.js:55885
[  760819ms] [LOG] [ApiService] Response URL: http://semiconlab-staging-alb-124259420.ap-south-1.elb.amazonaws.com:3000/v1/users/me/ad-provisioning-status @ http://semiconlab-staging-alb-124259420.ap-south-1.elb.amazonaws.com/main.dart.js:55885
[  762587ms] [LOG] [AuthService] getToken() - token exists: true, token length: 327 @ http://semiconlab-staging-alb-124259420.ap-south-1.elb.amazonaws.com/main.dart.js:55885
[  762588ms] [LOG] [ApiService] GET Request: users/me/ad-provisioning-status @ http://semiconlab-staging-alb-124259420.ap-south-1.elb.amazonaws.com/main.dart.js:55885
[  762588ms] [LOG] [ApiService] Headers: {Authorization: Bearer eyJhbGciOiJIUzI1NiIsInR5cCI6IkpXVCJ9.eyJlbWFpbCI6InN1cnlhLm5Ac2VtaWNvbm9zLmFpIiwic3ViIjo5NSwicm9sZSI6IkxlYXJuZXIiLCJvcmdJZCI6bnVsbCwidGVhbUlkIjpudWxsLCJhdmFpbGFibGVSb2xlcyI6W10sInNpZCI6ImI5NGVjYzQ3LTQ2MDItNDE5Zi1iMmY0LTViOTk1ODhhZjc2MSIsImlhdCI6MTc4NDc5OTY3MSwiZXhwIjoxNzg1NDA0NDcxfQ.XtqvvgxYi_43mtsjpbElbbWChpvHhFSh_eG6XYLo8oU} @ http://semiconlab-staging-alb-124259420.ap-south-1.elb.amazonaws.com/main.dart.js:55885
[  762865ms] [LOG] [ApiService] Response Status: 200 @ http://semiconlab-staging-alb-124259420.ap-south-1.elb.amazonaws.com/main.dart.js:55885
[  762865ms] [LOG] [ApiService] Response URL: http://semiconlab-staging-alb-124259420.ap-south-1.elb.amazonaws.com:3000/v1/users/me/ad-provisioning-status @ http://semiconlab-staging-alb-124259420.ap-south-1.elb.amazonaws.com/main.dart.js:55885
[  764581ms] [LOG] [AuthService] getToken() - token exists: true, token length: 327 @ http://semiconlab-staging-alb-124259420.ap-south-1.elb.amazonaws.com/main.dart.js:55885
[  764582ms] [LOG] [ApiService] GET Request: users/me/ad-provisioning-status @ http://semiconlab-staging-alb-124259420.ap-south-1.elb.amazonaws.com/main.dart.js:55885
[  764582ms] [LOG] [ApiService] Headers: {Authorization: Bearer eyJhbGciOiJIUzI1NiIsInR5cCI6IkpXVCJ9.eyJlbWFpbCI6InN1cnlhLm5Ac2VtaWNvbm9zLmFpIiwic3ViIjo5NSwicm9sZSI6IkxlYXJuZXIiLCJvcmdJZCI6bnVsbCwidGVhbUlkIjpudWxsLCJhdmFpbGFibGVSb2xlcyI6W10sInNpZCI6ImI5NGVjYzQ3LTQ2MDItNDE5Zi1iMmY0LTViOTk1ODhhZjc2MSIsImlhdCI6MTc4NDc5OTY3MSwiZXhwIjoxNzg1NDA0NDcxfQ.XtqvvgxYi_43mtsjpbElbbWChpvHhFSh_eG6XYLo8oU} @ http://semiconlab-staging-alb-124259420.ap-south-1.elb.amazonaws.com/main.dart.js:55885
[  764808ms] [LOG] [ApiService] Response Status: 200 @ http://semiconlab-staging-alb-124259420.ap-south-1.elb.amazonaws.com/main.dart.js:55885
[  764809ms] [LOG] [ApiService] Response URL: http://semiconlab-staging-alb-124259420.ap-south-1.elb.amazonaws.com:3000/v1/users/me/ad-provisioning-status @ http://semiconlab-staging-alb-124259420.ap-south-1.elb.amazonaws.com/main.dart.js:55885
[  765226ms] [LOG] [AuthService] getToken() - token exists: true, token length: 327 @ http://semiconlab-staging-alb-124259420.ap-south-1.elb.amazonaws.com/main.dart.js:55885
[  765227ms] [LOG] [ApiService] GET Request: labs-api/available-labs @ http://semiconlab-staging-alb-124259420.ap-south-1.elb.amazonaws.com/main.dart.js:55885
[  765227ms] [LOG] [ApiService] Headers: {Authorization: Bearer eyJhbGciOiJIUzI1NiIsInR5cCI6IkpXVCJ9.eyJlbWFpbCI6InN1cnlhLm5Ac2VtaWNvbm9zLmFpIiwic3ViIjo5NSwicm9sZSI6IkxlYXJuZXIiLCJvcmdJZCI6bnVsbCwidGVhbUlkIjpudWxsLCJhdmFpbGFibGVSb2xlcyI6W10sInNpZCI6ImI5NGVjYzQ3LTQ2MDItNDE5Zi1iMmY0LTViOTk1ODhhZjc2MSIsImlhdCI6MTc4NDc5OTY3MSwiZXhwIjoxNzg1NDA0NDcxfQ.XtqvvgxYi_43mtsjpbElbbWChpvHhFSh_eG6XYLo8oU} @ http://semiconlab-staging-alb-124259420.ap-south-1.elb.amazonaws.com/main.dart.js:55885
[  765467ms] [LOG] [ApiService] Response Status: 200 @ http://semiconlab-staging-alb-124259420.ap-south-1.elb.amazonaws.com/main.dart.js:55885
[  765467ms] [LOG] [ApiService] Response URL: http://semiconlab-staging-alb-124259420.ap-south-1.elb.amazonaws.com:3000/v1/labs-api/available-labs @ http://semiconlab-staging-alb-124259420.ap-south-1.elb.amazonaws.com/main.dart.js:55885
[  765468ms] [LOG] [AuthService] getToken() - token exists: true, token length: 327 @ http://semiconlab-staging-alb-124259420.ap-south-1.elb.amazonaws.com/main.dart.js:55885
[  765468ms] [LOG] [ApiService] GET Request: labs-api/start-status?domain_id=17 @ http://semiconlab-staging-alb-124259420.ap-south-1.elb.amazonaws.com/main.dart.js:55885
[  765468ms] [LOG] [ApiService] Headers: {Authorization: Bearer eyJhbGciOiJIUzI1NiIsInR5cCI6IkpXVCJ9.eyJlbWFpbCI6InN1cnlhLm5Ac2VtaWNvbm9zLmFpIiwic3ViIjo5NSwicm9sZSI6IkxlYXJuZXIiLCJvcmdJZCI6bnVsbCwidGVhbUlkIjpudWxsLCJhdmFpbGFibGVSb2xlcyI6W10sInNpZCI6ImI5NGVjYzQ3LTQ2MDItNDE5Zi1iMmY0LTViOTk1ODhhZjc2MSIsImlhdCI6MTc4NDc5OTY3MSwiZXhwIjoxNzg1NDA0NDcxfQ.XtqvvgxYi_43mtsjpbElbbWChpvHhFSh_eG6XYLo8oU} @ http://semiconlab-staging-alb-124259420.ap-south-1.elb.amazonaws.com/main.dart.js:55885
[  765617ms] [LOG] [ApiService] Response Status: 200 @ http://semiconlab-staging-alb-124259420.ap-south-1.elb.amazonaws.com/main.dart.js:55885
[  765617ms] [LOG] [ApiService] Response URL: http://semiconlab-staging-alb-124259420.ap-south-1.elb.amazonaws.com:3000/v1/labs-api/start-status?domain_id=17 @ http://semiconlab-staging-alb-124259420.ap-south-1.elb.amazonaws.com/main.dart.js:55885
[  766595ms] [LOG] [AuthService] getToken() - token exists: true, token length: 327 @ http://semiconlab-staging-alb-124259420.ap-south-1.elb.amazonaws.com/main.dart.js:55885
[  766595ms] [LOG] [ApiService] GET Request: users/me/ad-provisioning-status @ http://semiconlab-staging-alb-124259420.ap-south-1.elb.amazonaws.com/main.dart.js:55885
[  766595ms] [LOG] [ApiService] Headers: {Authorization: Bearer eyJhbGciOiJIUzI1NiIsInR5cCI6IkpXVCJ9.eyJlbWFpbCI6InN1cnlhLm5Ac2VtaWNvbm9zLmFpIiwic3ViIjo5NSwicm9sZSI6IkxlYXJuZXIiLCJvcmdJZCI6bnVsbCwidGVhbUlkIjpudWxsLCJhdmFpbGFibGVSb2xlcyI6W10sInNpZCI6ImI5NGVjYzQ3LTQ2MDItNDE5Zi1iMmY0LTViOTk1ODhhZjc2MSIsImlhdCI6MTc4NDc5OTY3MSwiZXhwIjoxNzg1NDA0NDcxfQ.XtqvvgxYi_43mtsjpbElbbWChpvHhFSh_eG6XYLo8oU} @ http://semiconlab-staging-alb-124259420.ap-south-1.elb.amazonaws.com/main.dart.js:55885
[  766807ms] [LOG] [ApiService] Response Status: 200 @ http://semiconlab-staging-alb-124259420.ap-south-1.elb.amazonaws.com/main.dart.js:55885
[  766807ms] [LOG] [ApiService] Response URL: http://semiconlab-staging-alb-124259420.ap-south-1.elb.amazonaws.com:3000/v1/users/me/ad-provisioning-status @ http://semiconlab-staging-alb-124259420.ap-south-1.elb.amazonaws.com/main.dart.js:55885
[  768594ms] [LOG] [AuthService] getToken() - token exists: true, token length: 327 @ http://semiconlab-staging-alb-124259420.ap-south-1.elb.amazonaws.com/main.dart.js:55885
[  768595ms] [LOG] [ApiService] GET Request: users/me/ad-provisioning-status @ http://semiconlab-staging-alb-124259420.ap-south-1.elb.amazonaws.com/main.dart.js:55885
[  768595ms] [LOG] [ApiService] Headers: {Authorization: Bearer eyJhbGciOiJIUzI1NiIsInR5cCI6IkpXVCJ9.eyJlbWFpbCI6InN1cnlhLm5Ac2VtaWNvbm9zLmFpIiwic3ViIjo5NSwicm9sZSI6IkxlYXJuZXIiLCJvcmdJZCI6bnVsbCwidGVhbUlkIjpudWxsLCJhdmFpbGFibGVSb2xlcyI6W10sInNpZCI6ImI5NGVjYzQ3LTQ2MDItNDE5Zi1iMmY0LTViOTk1ODhhZjc2MSIsImlhdCI6MTc4NDc5OTY3MSwiZXhwIjoxNzg1NDA0NDcxfQ.XtqvvgxYi_43mtsjpbElbbWChpvHhFSh_eG6XYLo8oU} @ http://semiconlab-staging-alb-124259420.ap-south-1.elb.amazonaws.com/main.dart.js:55885
[  768798ms] [LOG] [ApiService] Response Status: 200 @ http://semiconlab-staging-alb-124259420.ap-south-1.elb.amazonaws.com/main.dart.js:55885
[  768799ms] [LOG] [ApiService] Response URL: http://semiconlab-staging-alb-124259420.ap-south-1.elb.amazonaws.com:3000/v1/users/me/ad-provisioning-status @ http://semiconlab-staging-alb-124259420.ap-south-1.elb.amazonaws.com/main.dart.js:55885
[  770211ms] [LOG] [AuthService] getToken() - token exists: true, token length: 327 @ http://semiconlab-staging-alb-124259420.ap-south-1.elb.amazonaws.com/main.dart.js:55885
[  770211ms] [LOG] [ApiService] GET Request: labs-api/available-labs @ http://semiconlab-staging-alb-124259420.ap-south-1.elb.amazonaws.com/main.dart.js:55885
[  770211ms] [LOG] [ApiService] Headers: {Authorization: Bearer eyJhbGciOiJIUzI1NiIsInR5cCI6IkpXVCJ9.eyJlbWFpbCI6InN1cnlhLm5Ac2VtaWNvbm9zLmFpIiwic3ViIjo5NSwicm9sZSI6IkxlYXJuZXIiLCJvcmdJZCI6bnVsbCwidGVhbUlkIjpudWxsLCJhdmFpbGFibGVSb2xlcyI6W10sInNpZCI6ImI5NGVjYzQ3LTQ2MDItNDE5Zi1iMmY0LTViOTk1ODhhZjc2MSIsImlhdCI6MTc4NDc5OTY3MSwiZXhwIjoxNzg1NDA0NDcxfQ.XtqvvgxYi_43mtsjpbElbbWChpvHhFSh_eG6XYLo8oU} @ http://semiconlab-staging-alb-124259420.ap-south-1.elb.amazonaws.com/main.dart.js:55885
[  770452ms] [LOG] [ApiService] Response Status: 200 @ http://semiconlab-staging-alb-124259420.ap-south-1.elb.amazonaws.com/main.dart.js:55885
[  770452ms] [LOG] [ApiService] Response URL: http://semiconlab-staging-alb-124259420.ap-south-1.elb.amazonaws.com:3000/v1/labs-api/available-labs @ http://semiconlab-staging-alb-124259420.ap-south-1.elb.amazonaws.com/main.dart.js:55885
[  770453ms] [LOG] [AuthService] getToken() - token exists: true, token length: 327 @ http://semiconlab-staging-alb-124259420.ap-south-1.elb.amazonaws.com/main.dart.js:55885
[  770453ms] [LOG] [ApiService] GET Request: labs-api/start-status?domain_id=17 @ http://semiconlab-staging-alb-124259420.ap-south-1.elb.amazonaws.com/main.dart.js:55885
[  770453ms] [LOG] [ApiService] Headers: {Authorization: Bearer eyJhbGciOiJIUzI1NiIsInR5cCI6IkpXVCJ9.eyJlbWFpbCI6InN1cnlhLm5Ac2VtaWNvbm9zLmFpIiwic3ViIjo5NSwicm9sZSI6IkxlYXJuZXIiLCJvcmdJZCI6bnVsbCwidGVhbUlkIjpudWxsLCJhdmFpbGFibGVSb2xlcyI6W10sInNpZCI6ImI5NGVjYzQ3LTQ2MDItNDE5Zi1iMmY0LTViOTk1ODhhZjc2MSIsImlhdCI6MTc4NDc5OTY3MSwiZXhwIjoxNzg1NDA0NDcxfQ.XtqvvgxYi_43mtsjpbElbbWChpvHhFSh_eG6XYLo8oU} @ http://semiconlab-staging-alb-124259420.ap-south-1.elb.amazonaws.com/main.dart.js:55885
[  770599ms] [LOG] [ApiService] Response Status: 200 @ http://semiconlab-staging-alb-124259420.ap-south-1.elb.amazonaws.com/main.dart.js:55885
[  770600ms] [LOG] [ApiService] Response URL: http://semiconlab-staging-alb-124259420.ap-south-1.elb.amazonaws.com:3000/v1/labs-api/start-status?domain_id=17 @ http://semiconlab-staging-alb-124259420.ap-south-1.elb.amazonaws.com/main.dart.js:55885
[  770600ms] [LOG] [AuthService] getToken() - token exists: true, token length: 327 @ http://semiconlab-staging-alb-124259420.ap-south-1.elb.amazonaws.com/main.dart.js:55885
[  770600ms] [LOG] [ApiService] GET Request: users/me/ad-provisioning-status @ http://semiconlab-staging-alb-124259420.ap-south-1.elb.amazonaws.com/main.dart.js:55885
[  770601ms] [LOG] [ApiService] Headers: {Authorization: Bearer eyJhbGciOiJIUzI1NiIsInR5cCI6IkpXVCJ9.eyJlbWFpbCI6InN1cnlhLm5Ac2VtaWNvbm9zLmFpIiwic3ViIjo5NSwicm9sZSI6IkxlYXJuZXIiLCJvcmdJZCI6bnVsbCwidGVhbUlkIjpudWxsLCJhdmFpbGFibGVSb2xlcyI6W10sInNpZCI6ImI5NGVjYzQ3LTQ2MDItNDE5Zi1iMmY0LTViOTk1ODhhZjc2MSIsImlhdCI6MTc4NDc5OTY3MSwiZXhwIjoxNzg1NDA0NDcxfQ.XtqvvgxYi_43mtsjpbElbbWChpvHhFSh_eG6XYLo8oU} @ http://semiconlab-staging-alb-124259420.ap-south-1.elb.amazonaws.com/main.dart.js:55885
[  770845ms] [LOG] [ApiService] Response Status: 200 @ http://semiconlab-staging-alb-124259420.ap-south-1.elb.amazonaws.com/main.dart.js:55885
[  770845ms] [LOG] [ApiService] Response URL: http://semiconlab-staging-alb-124259420.ap-south-1.elb.amazonaws.com:3000/v1/users/me/ad-provisioning-status @ http://semiconlab-staging-alb-124259420.ap-south-1.elb.amazonaws.com/main.dart.js:55885
[  772585ms] [LOG] [AuthService] getToken() - token exists: true, token length: 327 @ http://semiconlab-staging-alb-124259420.ap-south-1.elb.amazonaws.com/main.dart.js:55885
[  772586ms] [LOG] [ApiService] GET Request: users/me/ad-provisioning-status @ http://semiconlab-staging-alb-124259420.ap-south-1.elb.amazonaws.com/main.dart.js:55885
[  772586ms] [LOG] [ApiService] Headers: {Authorization: Bearer eyJhbGciOiJIUzI1NiIsInR5cCI6IkpXVCJ9.eyJlbWFpbCI6InN1cnlhLm5Ac2VtaWNvbm9zLmFpIiwic3ViIjo5NSwicm9sZSI6IkxlYXJuZXIiLCJvcmdJZCI6bnVsbCwidGVhbUlkIjpudWxsLCJhdmFpbGFibGVSb2xlcyI6W10sInNpZCI6ImI5NGVjYzQ3LTQ2MDItNDE5Zi1iMmY0LTViOTk1ODhhZjc2MSIsImlhdCI6MTc4NDc5OTY3MSwiZXhwIjoxNzg1NDA0NDcxfQ.XtqvvgxYi_43mtsjpbElbbWChpvHhFSh_eG6XYLo8oU} @ http://semiconlab-staging-alb-124259420.ap-south-1.elb.amazonaws.com/main.dart.js:55885
[  772769ms] [LOG] [ApiService] Response Status: 200 @ http://semiconlab-staging-alb-124259420.ap-south-1.elb.amazonaws.com/main.dart.js:55885
[  772769ms] [LOG] [ApiService] Response URL: http://semiconlab-staging-alb-124259420.ap-south-1.elb.amazonaws.com:3000/v1/users/me/ad-provisioning-status @ http://semiconlab-staging-alb-124259420.ap-south-1.elb.amazonaws.com/main.dart.js:55885
[  774594ms] [LOG] [AuthService] getToken() - token exists: true, token length: 327 @ http://semiconlab-staging-alb-124259420.ap-south-1.elb.amazonaws.com/main.dart.js:55885
[  774595ms] [LOG] [ApiService] GET Request: users/me/ad-provisioning-status @ http://semiconlab-staging-alb-124259420.ap-south-1.elb.amazonaws.com/main.dart.js:55885
[  774595ms] [LOG] [ApiService] Headers: {Authorization: Bearer eyJhbGciOiJIUzI1NiIsInR5cCI6IkpXVCJ9.eyJlbWFpbCI6InN1cnlhLm5Ac2VtaWNvbm9zLmFpIiwic3ViIjo5NSwicm9sZSI6IkxlYXJuZXIiLCJvcmdJZCI6bnVsbCwidGVhbUlkIjpudWxsLCJhdmFpbGFibGVSb2xlcyI6W10sInNpZCI6ImI5NGVjYzQ3LTQ2MDItNDE5Zi1iMmY0LTViOTk1ODhhZjc2MSIsImlhdCI6MTc4NDc5OTY3MSwiZXhwIjoxNzg1NDA0NDcxfQ.XtqvvgxYi_43mtsjpbElbbWChpvHhFSh_eG6XYLo8oU} @ http://semiconlab-staging-alb-124259420.ap-south-1.elb.amazonaws.com/main.dart.js:55885
[  774836ms] [LOG] [ApiService] Response Status: 200 @ http://semiconlab-staging-alb-124259420.ap-south-1.elb.amazonaws.com/main.dart.js:55885
[  774836ms] [LOG] [ApiService] Response URL: http://semiconlab-staging-alb-124259420.ap-south-1.elb.amazonaws.com:3000/v1/users/me/ad-provisioning-status @ http://semiconlab-staging-alb-124259420.ap-south-1.elb.amazonaws.com/main.dart.js:55885
[  775233ms] [LOG] [AuthService] getToken() - token exists: true, token length: 327 @ http://semiconlab-staging-alb-124259420.ap-south-1.elb.amazonaws.com/main.dart.js:55885
[  775233ms] [LOG] [ApiService] GET Request: labs-api/available-labs @ http://semiconlab-staging-alb-124259420.ap-south-1.elb.amazonaws.com/main.dart.js:55885
[  775233ms] [LOG] [ApiService] Headers: {Authorization: Bearer eyJhbGciOiJIUzI1NiIsInR5cCI6IkpXVCJ9.eyJlbWFpbCI6InN1cnlhLm5Ac2VtaWNvbm9zLmFpIiwic3ViIjo5NSwicm9sZSI6IkxlYXJuZXIiLCJvcmdJZCI6bnVsbCwidGVhbUlkIjpudWxsLCJhdmFpbGFibGVSb2xlcyI6W10sInNpZCI6ImI5NGVjYzQ3LTQ2MDItNDE5Zi1iMmY0LTViOTk1ODhhZjc2MSIsImlhdCI6MTc4NDc5OTY3MSwiZXhwIjoxNzg1NDA0NDcxfQ.XtqvvgxYi_43mtsjpbElbbWChpvHhFSh_eG6XYLo8oU} @ http://semiconlab-staging-alb-124259420.ap-south-1.elb.amazonaws.com/main.dart.js:55885
[  775481ms] [LOG] [ApiService] Response Status: 200 @ http://semiconlab-staging-alb-124259420.ap-south-1.elb.amazonaws.com/main.dart.js:55885
[  775482ms] [LOG] [ApiService] Response URL: http://semiconlab-staging-alb-124259420.ap-south-1.elb.amazonaws.com:3000/v1/labs-api/available-labs @ http://semiconlab-staging-alb-124259420.ap-south-1.elb.amazonaws.com/main.dart.js:55885
[  775482ms] [LOG] [AuthService] getToken() - token exists: true, token length: 327 @ http://semiconlab-staging-alb-124259420.ap-south-1.elb.amazonaws.com/main.dart.js:55885
[  775482ms] [LOG] [ApiService] GET Request: labs-api/start-status?domain_id=17 @ http://semiconlab-staging-alb-124259420.ap-south-1.elb.amazonaws.com/main.dart.js:55885
[  775482ms] [LOG] [ApiService] Headers: {Authorization: Bearer eyJhbGciOiJIUzI1NiIsInR5cCI6IkpXVCJ9.eyJlbWFpbCI6InN1cnlhLm5Ac2VtaWNvbm9zLmFpIiwic3ViIjo5NSwicm9sZSI6IkxlYXJuZXIiLCJvcmdJZCI6bnVsbCwidGVhbUlkIjpudWxsLCJhdmFpbGFibGVSb2xlcyI6W10sInNpZCI6ImI5NGVjYzQ3LTQ2MDItNDE5Zi1iMmY0LTViOTk1ODhhZjc2MSIsImlhdCI6MTc4NDc5OTY3MSwiZXhwIjoxNzg1NDA0NDcxfQ.XtqvvgxYi_43mtsjpbElbbWChpvHhFSh_eG6XYLo8oU} @ http://semiconlab-staging-alb-124259420.ap-south-1.elb.amazonaws.com/main.dart.js:55885
[  775680ms] [LOG] [ApiService] Response Status: 200 @ http://semiconlab-staging-alb-124259420.ap-south-1.elb.amazonaws.com/main.dart.js:55885
[  775680ms] [LOG] [ApiService] Response URL: http://semiconlab-staging-alb-124259420.ap-south-1.elb.amazonaws.com:3000/v1/labs-api/start-status?domain_id=17 @ http://semiconlab-staging-alb-124259420.ap-south-1.elb.amazonaws.com/main.dart.js:55885
[  776599ms] [LOG] [AuthService] getToken() - token exists: true, token length: 327 @ http://semiconlab-staging-alb-124259420.ap-south-1.elb.amazonaws.com/main.dart.js:55885
[  776599ms] [LOG] [ApiService] GET Request: users/me/ad-provisioning-status @ http://semiconlab-staging-alb-124259420.ap-south-1.elb.amazonaws.com/main.dart.js:55885
[  776600ms] [LOG] [ApiService] Headers: {Authorization: Bearer eyJhbGciOiJIUzI1NiIsInR5cCI6IkpXVCJ9.eyJlbWFpbCI6InN1cnlhLm5Ac2VtaWNvbm9zLmFpIiwic3ViIjo5NSwicm9sZSI6IkxlYXJuZXIiLCJvcmdJZCI6bnVsbCwidGVhbUlkIjpudWxsLCJhdmFpbGFibGVSb2xlcyI6W10sInNpZCI6ImI5NGVjYzQ3LTQ2MDItNDE5Zi1iMmY0LTViOTk1ODhhZjc2MSIsImlhdCI6MTc4NDc5OTY3MSwiZXhwIjoxNzg1NDA0NDcxfQ.XtqvvgxYi_43mtsjpbElbbWChpvHhFSh_eG6XYLo8oU} @ http://semiconlab-staging-alb-124259420.ap-south-1.elb.amazonaws.com/main.dart.js:55885
[  776828ms] [LOG] [ApiService] Response Status: 200 @ http://semiconlab-staging-alb-124259420.ap-south-1.elb.amazonaws.com/main.dart.js:55885
[  776828ms] [LOG] [ApiService] Response URL: http://semiconlab-staging-alb-124259420.ap-south-1.elb.amazonaws.com:3000/v1/users/me/ad-provisioning-status @ http://semiconlab-staging-alb-124259420.ap-south-1.elb.amazonaws.com/main.dart.js:55885
[  778594ms] [LOG] [AuthService] getToken() - token exists: true, token length: 327 @ http://semiconlab-staging-alb-124259420.ap-south-1.elb.amazonaws.com/main.dart.js:55885
[  778594ms] [LOG] [ApiService] GET Request: users/me/ad-provisioning-status @ http://semiconlab-staging-alb-124259420.ap-south-1.elb.amazonaws.com/main.dart.js:55885
[  778595ms] [LOG] [ApiService] Headers: {Authorization: Bearer eyJhbGciOiJIUzI1NiIsInR5cCI6IkpXVCJ9.eyJlbWFpbCI6InN1cnlhLm5Ac2VtaWNvbm9zLmFpIiwic3ViIjo5NSwicm9sZSI6IkxlYXJuZXIiLCJvcmdJZCI6bnVsbCwidGVhbUlkIjpudWxsLCJhdmFpbGFibGVSb2xlcyI6W10sInNpZCI6ImI5NGVjYzQ3LTQ2MDItNDE5Zi1iMmY0LTViOTk1ODhhZjc2MSIsImlhdCI6MTc4NDc5OTY3MSwiZXhwIjoxNzg1NDA0NDcxfQ.XtqvvgxYi_43mtsjpbElbbWChpvHhFSh_eG6XYLo8oU} @ http://semiconlab-staging-alb-124259420.ap-south-1.elb.amazonaws.com/main.dart.js:55885
[  778836ms] [LOG] [ApiService] Response Status: 200 @ http://semiconlab-staging-alb-124259420.ap-south-1.elb.amazonaws.com/main.dart.js:55885
[  778837ms] [LOG] [ApiService] Response URL: http://semiconlab-staging-alb-124259420.ap-south-1.elb.amazonaws.com:3000/v1/users/me/ad-provisioning-status @ http://semiconlab-staging-alb-124259420.ap-south-1.elb.amazonaws.com/main.dart.js:55885
[  780228ms] [LOG] [AuthService] getToken() - token exists: true, token length: 327 @ http://semiconlab-staging-alb-124259420.ap-south-1.elb.amazonaws.com/main.dart.js:55885
[  780228ms] [LOG] [ApiService] GET Request: labs-api/available-labs @ http://semiconlab-staging-alb-124259420.ap-south-1.elb.amazonaws.com/main.dart.js:55885
[  780229ms] [LOG] [ApiService] Headers: {Authorization: Bearer eyJhbGciOiJIUzI1NiIsInR5cCI6IkpXVCJ9.eyJlbWFpbCI6InN1cnlhLm5Ac2VtaWNvbm9zLmFpIiwic3ViIjo5NSwicm9sZSI6IkxlYXJuZXIiLCJvcmdJZCI6bnVsbCwidGVhbUlkIjpudWxsLCJhdmFpbGFibGVSb2xlcyI6W10sInNpZCI6ImI5NGVjYzQ3LTQ2MDItNDE5Zi1iMmY0LTViOTk1ODhhZjc2MSIsImlhdCI6MTc4NDc5OTY3MSwiZXhwIjoxNzg1NDA0NDcxfQ.XtqvvgxYi_43mtsjpbElbbWChpvHhFSh_eG6XYLo8oU} @ http://semiconlab-staging-alb-124259420.ap-south-1.elb.amazonaws.com/main.dart.js:55885
[  780465ms] [LOG] [ApiService] Response Status: 200 @ http://semiconlab-staging-alb-124259420.ap-south-1.elb.amazonaws.com/main.dart.js:55885
[  780466ms] [LOG] [ApiService] Response URL: http://semiconlab-staging-alb-124259420.ap-south-1.elb.amazonaws.com:3000/v1/labs-api/available-labs @ http://semiconlab-staging-alb-124259420.ap-south-1.elb.amazonaws.com/main.dart.js:55885
[  780466ms] [LOG] [AuthService] getToken() - token exists: true, token length: 327 @ http://semiconlab-staging-alb-124259420.ap-south-1.elb.amazonaws.com/main.dart.js:55885
[  780466ms] [LOG] [ApiService] GET Request: labs-api/start-status?domain_id=17 @ http://semiconlab-staging-alb-124259420.ap-south-1.elb.amazonaws.com/main.dart.js:55885
[  780467ms] [LOG] [ApiService] Headers: {Authorization: Bearer eyJhbGciOiJIUzI1NiIsInR5cCI6IkpXVCJ9.eyJlbWFpbCI6InN1cnlhLm5Ac2VtaWNvbm9zLmFpIiwic3ViIjo5NSwicm9sZSI6IkxlYXJuZXIiLCJvcmdJZCI6bnVsbCwidGVhbUlkIjpudWxsLCJhdmFpbGFibGVSb2xlcyI6W10sInNpZCI6ImI5NGVjYzQ3LTQ2MDItNDE5Zi1iMmY0LTViOTk1ODhhZjc2MSIsImlhdCI6MTc4NDc5OTY3MSwiZXhwIjoxNzg1NDA0NDcxfQ.XtqvvgxYi_43mtsjpbElbbWChpvHhFSh_eG6XYLo8oU} @ http://semiconlab-staging-alb-124259420.ap-south-1.elb.amazonaws.com/main.dart.js:55885
[  780586ms] [LOG] [AuthService] getToken() - token exists: true, token length: 327 @ http://semiconlab-staging-alb-124259420.ap-south-1.elb.amazonaws.com/main.dart.js:55885
[  780587ms] [LOG] [ApiService] GET Request: users/me/ad-provisioning-status @ http://semiconlab-staging-alb-124259420.ap-south-1.elb.amazonaws.com/main.dart.js:55885
[  780587ms] [LOG] [ApiService] Headers: {Authorization: Bearer eyJhbGciOiJIUzI1NiIsInR5cCI6IkpXVCJ9.eyJlbWFpbCI6InN1cnlhLm5Ac2VtaWNvbm9zLmFpIiwic3ViIjo5NSwicm9sZSI6IkxlYXJuZXIiLCJvcmdJZCI6bnVsbCwidGVhbUlkIjpudWxsLCJhdmFpbGFibGVSb2xlcyI6W10sInNpZCI6ImI5NGVjYzQ3LTQ2MDItNDE5Zi1iMmY0LTViOTk1ODhhZjc2MSIsImlhdCI6MTc4NDc5OTY3MSwiZXhwIjoxNzg1NDA0NDcxfQ.XtqvvgxYi_43mtsjpbElbbWChpvHhFSh_eG6XYLo8oU} @ http://semiconlab-staging-alb-124259420.ap-south-1.elb.amazonaws.com/main.dart.js:55885
[  780611ms] [LOG] [ApiService] Response Status: 200 @ http://semiconlab-staging-alb-124259420.ap-south-1.elb.amazonaws.com/main.dart.js:55885
[  780612ms] [LOG] [ApiService] Response URL: http://semiconlab-staging-alb-124259420.ap-south-1.elb.amazonaws.com:3000/v1/labs-api/start-status?domain_id=17 @ http://semiconlab-staging-alb-124259420.ap-south-1.elb.amazonaws.com/main.dart.js:55885
[  780853ms] [LOG] [ApiService] Response Status: 200 @ http://semiconlab-staging-alb-124259420.ap-south-1.elb.amazonaws.com/main.dart.js:55885
[  780854ms] [LOG] [ApiService] Response URL: http://semiconlab-staging-alb-124259420.ap-south-1.elb.amazonaws.com:3000/v1/users/me/ad-provisioning-status @ http://semiconlab-staging-alb-124259420.ap-south-1.elb.amazonaws.com/main.dart.js:55885
[  782588ms] [LOG] [AuthService] getToken() - token exists: true, token length: 327 @ http://semiconlab-staging-alb-124259420.ap-south-1.elb.amazonaws.com/main.dart.js:55885
[  782588ms] [LOG] [ApiService] GET Request: users/me/ad-provisioning-status @ http://semiconlab-staging-alb-124259420.ap-south-1.elb.amazonaws.com/main.dart.js:55885
[  782588ms] [LOG] [ApiService] Headers: {Authorization: Bearer eyJhbGciOiJIUzI1NiIsInR5cCI6IkpXVCJ9.eyJlbWFpbCI6InN1cnlhLm5Ac2VtaWNvbm9zLmFpIiwic3ViIjo5NSwicm9sZSI6IkxlYXJuZXIiLCJvcmdJZCI6bnVsbCwidGVhbUlkIjpudWxsLCJhdmFpbGFibGVSb2xlcyI6W10sInNpZCI6ImI5NGVjYzQ3LTQ2MDItNDE5Zi1iMmY0LTViOTk1ODhhZjc2MSIsImlhdCI6MTc4NDc5OTY3MSwiZXhwIjoxNzg1NDA0NDcxfQ.XtqvvgxYi_43mtsjpbElbbWChpvHhFSh_eG6XYLo8oU} @ http://semiconlab-staging-alb-124259420.ap-south-1.elb.amazonaws.com/main.dart.js:55885
[  782803ms] [LOG] [ApiService] Response Status: 200 @ http://semiconlab-staging-alb-124259420.ap-south-1.elb.amazonaws.com/main.dart.js:55885
[  782804ms] [LOG] [ApiService] Response URL: http://semiconlab-staging-alb-124259420.ap-south-1.elb.amazonaws.com:3000/v1/users/me/ad-provisioning-status @ http://semiconlab-staging-alb-124259420.ap-south-1.elb.amazonaws.com/main.dart.js:55885
[  784591ms] [LOG] [AuthService] getToken() - token exists: true, token length: 327 @ http://semiconlab-staging-alb-124259420.ap-south-1.elb.amazonaws.com/main.dart.js:55885
[  784592ms] [LOG] [ApiService] GET Request: users/me/ad-provisioning-status @ http://semiconlab-staging-alb-124259420.ap-south-1.elb.amazonaws.com/main.dart.js:55885
[  784592ms] [LOG] [ApiService] Headers: {Authorization: Bearer eyJhbGciOiJIUzI1NiIsInR5cCI6IkpXVCJ9.eyJlbWFpbCI6InN1cnlhLm5Ac2VtaWNvbm9zLmFpIiwic3ViIjo5NSwicm9sZSI6IkxlYXJuZXIiLCJvcmdJZCI6bnVsbCwidGVhbUlkIjpudWxsLCJhdmFpbGFibGVSb2xlcyI6W10sInNpZCI6ImI5NGVjYzQ3LTQ2MDItNDE5Zi1iMmY0LTViOTk1ODhhZjc2MSIsImlhdCI6MTc4NDc5OTY3MSwiZXhwIjoxNzg1NDA0NDcxfQ.XtqvvgxYi_43mtsjpbElbbWChpvHhFSh_eG6XYLo8oU} @ http://semiconlab-staging-alb-124259420.ap-south-1.elb.amazonaws.com/main.dart.js:55885
[  784877ms] [LOG] [ApiService] Response Status: 200 @ http://semiconlab-staging-alb-124259420.ap-south-1.elb.amazonaws.com/main.dart.js:55885
[  784877ms] [LOG] [ApiService] Response URL: http://semiconlab-staging-alb-124259420.ap-south-1.elb.amazonaws.com:3000/v1/users/me/ad-provisioning-status @ http://semiconlab-staging-alb-124259420.ap-south-1.elb.amazonaws.com/main.dart.js:55885
[  785216ms] [LOG] [AuthService] getToken() - token exists: true, token length: 327 @ http://semiconlab-staging-alb-124259420.ap-south-1.elb.amazonaws.com/main.dart.js:55885
[  785217ms] [LOG] [ApiService] GET Request: labs-api/available-labs @ http://semiconlab-staging-alb-124259420.ap-south-1.elb.amazonaws.com/main.dart.js:55885
[  785217ms] [LOG] [ApiService] Headers: {Authorization: Bearer eyJhbGciOiJIUzI1NiIsInR5cCI6IkpXVCJ9.eyJlbWFpbCI6InN1cnlhLm5Ac2VtaWNvbm9zLmFpIiwic3ViIjo5NSwicm9sZSI6IkxlYXJuZXIiLCJvcmdJZCI6bnVsbCwidGVhbUlkIjpudWxsLCJhdmFpbGFibGVSb2xlcyI6W10sInNpZCI6ImI5NGVjYzQ3LTQ2MDItNDE5Zi1iMmY0LTViOTk1ODhhZjc2MSIsImlhdCI6MTc4NDc5OTY3MSwiZXhwIjoxNzg1NDA0NDcxfQ.XtqvvgxYi_43mtsjpbElbbWChpvHhFSh_eG6XYLo8oU} @ http://semiconlab-staging-alb-124259420.ap-south-1.elb.amazonaws.com/main.dart.js:55885
[  785500ms] [LOG] [ApiService] Response Status: 200 @ http://semiconlab-staging-alb-124259420.ap-south-1.elb.amazonaws.com/main.dart.js:55885
[  785501ms] [LOG] [ApiService] Response URL: http://semiconlab-staging-alb-124259420.ap-south-1.elb.amazonaws.com:3000/v1/labs-api/available-labs @ http://semiconlab-staging-alb-124259420.ap-south-1.elb.amazonaws.com/main.dart.js:55885
[  785501ms] [LOG] [AuthService] getToken() - token exists: true, token length: 327 @ http://semiconlab-staging-alb-124259420.ap-south-1.elb.amazonaws.com/main.dart.js:55885
[  785501ms] [LOG] [ApiService] GET Request: labs-api/start-status?domain_id=17 @ http://semiconlab-staging-alb-124259420.ap-south-1.elb.amazonaws.com/main.dart.js:55885
[  785502ms] [LOG] [ApiService] Headers: {Authorization: Bearer eyJhbGciOiJIUzI1NiIsInR5cCI6IkpXVCJ9.eyJlbWFpbCI6InN1cnlhLm5Ac2VtaWNvbm9zLmFpIiwic3ViIjo5NSwicm9sZSI6IkxlYXJuZXIiLCJvcmdJZCI6bnVsbCwidGVhbUlkIjpudWxsLCJhdmFpbGFibGVSb2xlcyI6W10sInNpZCI6ImI5NGVjYzQ3LTQ2MDItNDE5Zi1iMmY0LTViOTk1ODhhZjc2MSIsImlhdCI6MTc4NDc5OTY3MSwiZXhwIjoxNzg1NDA0NDcxfQ.XtqvvgxYi_43mtsjpbElbbWChpvHhFSh_eG6XYLo8oU} @ http://semiconlab-staging-alb-124259420.ap-south-1.elb.amazonaws.com/main.dart.js:55885
[  785722ms] [LOG] [ApiService] Response Status: 200 @ http://semiconlab-staging-alb-124259420.ap-south-1.elb.amazonaws.com/main.dart.js:55885
[  785723ms] [LOG] [ApiService] Response URL: http://semiconlab-staging-alb-124259420.ap-south-1.elb.amazonaws.com:3000/v1/labs-api/start-status?domain_id=17 @ http://semiconlab-staging-alb-124259420.ap-south-1.elb.amazonaws.com/main.dart.js:55885
[  786595ms] [LOG] [AuthService] getToken() - token exists: true, token length: 327 @ http://semiconlab-staging-alb-124259420.ap-south-1.elb.amazonaws.com/main.dart.js:55885
[  786595ms] [LOG] [ApiService] GET Request: users/me/ad-provisioning-status @ http://semiconlab-staging-alb-124259420.ap-south-1.elb.amazonaws.com/main.dart.js:55885
[  786595ms] [LOG] [ApiService] Headers: {Authorization: Bearer eyJhbGciOiJIUzI1NiIsInR5cCI6IkpXVCJ9.eyJlbWFpbCI6InN1cnlhLm5Ac2VtaWNvbm9zLmFpIiwic3ViIjo5NSwicm9sZSI6IkxlYXJuZXIiLCJvcmdJZCI6bnVsbCwidGVhbUlkIjpudWxsLCJhdmFpbGFibGVSb2xlcyI6W10sInNpZCI6ImI5NGVjYzQ3LTQ2MDItNDE5Zi1iMmY0LTViOTk1ODhhZjc2MSIsImlhdCI6MTc4NDc5OTY3MSwiZXhwIjoxNzg1NDA0NDcxfQ.XtqvvgxYi_43mtsjpbElbbWChpvHhFSh_eG6XYLo8oU} @ http://semiconlab-staging-alb-124259420.ap-south-1.elb.amazonaws.com/main.dart.js:55885
[  786825ms] [LOG] [ApiService] Response Status: 200 @ http://semiconlab-staging-alb-124259420.ap-south-1.elb.amazonaws.com/main.dart.js:55885
[  786825ms] [LOG] [ApiService] Response URL: http://semiconlab-staging-alb-124259420.ap-south-1.elb.amazonaws.com:3000/v1/users/me/ad-provisioning-status @ http://semiconlab-staging-alb-124259420.ap-south-1.elb.amazonaws.com/main.dart.js:55885
[  788600ms] [LOG] [AuthService] getToken() - token exists: true, token length: 327 @ http://semiconlab-staging-alb-124259420.ap-south-1.elb.amazonaws.com/main.dart.js:55885
[  788600ms] [LOG] [ApiService] GET Request: users/me/ad-provisioning-status @ http://semiconlab-staging-alb-124259420.ap-south-1.elb.amazonaws.com/main.dart.js:55885
[  788601ms] [LOG] [ApiService] Headers: {Authorization: Bearer eyJhbGciOiJIUzI1NiIsInR5cCI6IkpXVCJ9.eyJlbWFpbCI6InN1cnlhLm5Ac2VtaWNvbm9zLmFpIiwic3ViIjo5NSwicm9sZSI6IkxlYXJuZXIiLCJvcmdJZCI6bnVsbCwidGVhbUlkIjpudWxsLCJhdmFpbGFibGVSb2xlcyI6W10sInNpZCI6ImI5NGVjYzQ3LTQ2MDItNDE5Zi1iMmY0LTViOTk1ODhhZjc2MSIsImlhdCI6MTc4NDc5OTY3MSwiZXhwIjoxNzg1NDA0NDcxfQ.XtqvvgxYi_43mtsjpbElbbWChpvHhFSh_eG6XYLo8oU} @ http://semiconlab-staging-alb-124259420.ap-south-1.elb.amazonaws.com/main.dart.js:55885
[  788780ms] [LOG] [ApiService] Response Status: 200 @ http://semiconlab-staging-alb-124259420.ap-south-1.elb.amazonaws.com/main.dart.js:55885
[  788780ms] [LOG] [ApiService] Response URL: http://semiconlab-staging-alb-124259420.ap-south-1.elb.amazonaws.com:3000/v1/users/me/ad-provisioning-status @ http://semiconlab-staging-alb-124259420.ap-south-1.elb.amazonaws.com/main.dart.js:55885
[  790229ms] [LOG] [AuthService] getToken() - token exists: true, token length: 327 @ http://semiconlab-staging-alb-124259420.ap-south-1.elb.amazonaws.com/main.dart.js:55885
[  790229ms] [LOG] [ApiService] GET Request: labs-api/available-labs @ http://semiconlab-staging-alb-124259420.ap-south-1.elb.amazonaws.com/main.dart.js:55885
[  790230ms] [LOG] [ApiService] Headers: {Authorization: Bearer eyJhbGciOiJIUzI1NiIsInR5cCI6IkpXVCJ9.eyJlbWFpbCI6InN1cnlhLm5Ac2VtaWNvbm9zLmFpIiwic3ViIjo5NSwicm9sZSI6IkxlYXJuZXIiLCJvcmdJZCI6bnVsbCwidGVhbUlkIjpudWxsLCJhdmFpbGFibGVSb2xlcyI6W10sInNpZCI6ImI5NGVjYzQ3LTQ2MDItNDE5Zi1iMmY0LTViOTk1ODhhZjc2MSIsImlhdCI6MTc4NDc5OTY3MSwiZXhwIjoxNzg1NDA0NDcxfQ.XtqvvgxYi_43mtsjpbElbbWChpvHhFSh_eG6XYLo8oU} @ http://semiconlab-staging-alb-124259420.ap-south-1.elb.amazonaws.com/main.dart.js:55885
[  790455ms] [LOG] [ApiService] Response Status: 200 @ http://semiconlab-staging-alb-124259420.ap-south-1.elb.amazonaws.com/main.dart.js:55885
[  790456ms] [LOG] [ApiService] Response URL: http://semiconlab-staging-alb-124259420.ap-south-1.elb.amazonaws.com:3000/v1/labs-api/available-labs @ http://semiconlab-staging-alb-124259420.ap-south-1.elb.amazonaws.com/main.dart.js:55885
[  790456ms] [LOG] [AuthService] getToken() - token exists: true, token length: 327 @ http://semiconlab-staging-alb-124259420.ap-south-1.elb.amazonaws.com/main.dart.js:55885
[  790456ms] [LOG] [ApiService] GET Request: labs-api/start-status?domain_id=17 @ http://semiconlab-staging-alb-124259420.ap-south-1.elb.amazonaws.com/main.dart.js:55885
[  790457ms] [LOG] [ApiService] Headers: {Authorization: Bearer eyJhbGciOiJIUzI1NiIsInR5cCI6IkpXVCJ9.eyJlbWFpbCI6InN1cnlhLm5Ac2VtaWNvbm9zLmFpIiwic3ViIjo5NSwicm9sZSI6IkxlYXJuZXIiLCJvcmdJZCI6bnVsbCwidGVhbUlkIjpudWxsLCJhdmFpbGFibGVSb2xlcyI6W10sInNpZCI6ImI5NGVjYzQ3LTQ2MDItNDE5Zi1iMmY0LTViOTk1ODhhZjc2MSIsImlhdCI6MTc4NDc5OTY3MSwiZXhwIjoxNzg1NDA0NDcxfQ.XtqvvgxYi_43mtsjpbElbbWChpvHhFSh_eG6XYLo8oU} @ http://semiconlab-staging-alb-124259420.ap-south-1.elb.amazonaws.com/main.dart.js:55885
[  790581ms] [LOG] [AuthService] getToken() - token exists: true, token length: 327 @ http://semiconlab-staging-alb-124259420.ap-south-1.elb.amazonaws.com/main.dart.js:55885
[  790581ms] [LOG] [ApiService] GET Request: users/me/ad-provisioning-status @ http://semiconlab-staging-alb-124259420.ap-south-1.elb.amazonaws.com/main.dart.js:55885
[  790581ms] [LOG] [ApiService] Headers: {Authorization: Bearer eyJhbGciOiJIUzI1NiIsInR5cCI6IkpXVCJ9.eyJlbWFpbCI6InN1cnlhLm5Ac2VtaWNvbm9zLmFpIiwic3ViIjo5NSwicm9sZSI6IkxlYXJuZXIiLCJvcmdJZCI6bnVsbCwidGVhbUlkIjpudWxsLCJhdmFpbGFibGVSb2xlcyI6W10sInNpZCI6ImI5NGVjYzQ3LTQ2MDItNDE5Zi1iMmY0LTViOTk1ODhhZjc2MSIsImlhdCI6MTc4NDc5OTY3MSwiZXhwIjoxNzg1NDA0NDcxfQ.XtqvvgxYi_43mtsjpbElbbWChpvHhFSh_eG6XYLo8oU} @ http://semiconlab-staging-alb-124259420.ap-south-1.elb.amazonaws.com/main.dart.js:55885
[  790650ms] [LOG] [ApiService] Response Status: 200 @ http://semiconlab-staging-alb-124259420.ap-south-1.elb.amazonaws.com/main.dart.js:55885
[  790651ms] [LOG] [ApiService] Response URL: http://semiconlab-staging-alb-124259420.ap-south-1.elb.amazonaws.com:3000/v1/labs-api/start-status?domain_id=17 @ http://semiconlab-staging-alb-124259420.ap-south-1.elb.amazonaws.com/main.dart.js:55885
[  790785ms] [LOG] [ApiService] Response Status: 200 @ http://semiconlab-staging-alb-124259420.ap-south-1.elb.amazonaws.com/main.dart.js:55885
[  790786ms] [LOG] [ApiService] Response URL: http://semiconlab-staging-alb-124259420.ap-south-1.elb.amazonaws.com:3000/v1/users/me/ad-provisioning-status @ http://semiconlab-staging-alb-124259420.ap-south-1.elb.amazonaws.com/main.dart.js:55885
[  792611ms] [LOG] [AuthService] getToken() - token exists: true, token length: 327 @ http://semiconlab-staging-alb-124259420.ap-south-1.elb.amazonaws.com/main.dart.js:55885
[  792612ms] [LOG] [ApiService] GET Request: users/me/ad-provisioning-status @ http://semiconlab-staging-alb-124259420.ap-south-1.elb.amazonaws.com/main.dart.js:55885
[  792612ms] [LOG] [ApiService] Headers: {Authorization: Bearer eyJhbGciOiJIUzI1NiIsInR5cCI6IkpXVCJ9.eyJlbWFpbCI6InN1cnlhLm5Ac2VtaWNvbm9zLmFpIiwic3ViIjo5NSwicm9sZSI6IkxlYXJuZXIiLCJvcmdJZCI6bnVsbCwidGVhbUlkIjpudWxsLCJhdmFpbGFibGVSb2xlcyI6W10sInNpZCI6ImI5NGVjYzQ3LTQ2MDItNDE5Zi1iMmY0LTViOTk1ODhhZjc2MSIsImlhdCI6MTc4NDc5OTY3MSwiZXhwIjoxNzg1NDA0NDcxfQ.XtqvvgxYi_43mtsjpbElbbWChpvHhFSh_eG6XYLo8oU} @ http://semiconlab-staging-alb-124259420.ap-south-1.elb.amazonaws.com/main.dart.js:55885
[  792861ms] [LOG] [ApiService] Response Status: 200 @ http://semiconlab-staging-alb-124259420.ap-south-1.elb.amazonaws.com/main.dart.js:55885
[  792862ms] [LOG] [ApiService] Response URL: http://semiconlab-staging-alb-124259420.ap-south-1.elb.amazonaws.com:3000/v1/users/me/ad-provisioning-status @ http://semiconlab-staging-alb-124259420.ap-south-1.elb.amazonaws.com/main.dart.js:55885
[  794584ms] [LOG] [AuthService] getToken() - token exists: true, token length: 327 @ http://semiconlab-staging-alb-124259420.ap-south-1.elb.amazonaws.com/main.dart.js:55885
[  794584ms] [LOG] [ApiService] GET Request: users/me/ad-provisioning-status @ http://semiconlab-staging-alb-124259420.ap-south-1.elb.amazonaws.com/main.dart.js:55885
[  794584ms] [LOG] [ApiService] Headers: {Authorization: Bearer eyJhbGciOiJIUzI1NiIsInR5cCI6IkpXVCJ9.eyJlbWFpbCI6InN1cnlhLm5Ac2VtaWNvbm9zLmFpIiwic3ViIjo5NSwicm9sZSI6IkxlYXJuZXIiLCJvcmdJZCI6bnVsbCwidGVhbUlkIjpudWxsLCJhdmFpbGFibGVSb2xlcyI6W10sInNpZCI6ImI5NGVjYzQ3LTQ2MDItNDE5Zi1iMmY0LTViOTk1ODhhZjc2MSIsImlhdCI6MTc4NDc5OTY3MSwiZXhwIjoxNzg1NDA0NDcxfQ.XtqvvgxYi_43mtsjpbElbbWChpvHhFSh_eG6XYLo8oU} @ http://semiconlab-staging-alb-124259420.ap-south-1.elb.amazonaws.com/main.dart.js:55885
[  794820ms] [LOG] [ApiService] Response Status: 200 @ http://semiconlab-staging-alb-124259420.ap-south-1.elb.amazonaws.com/main.dart.js:55885
[  794821ms] [LOG] [ApiService] Response URL: http://semiconlab-staging-alb-124259420.ap-south-1.elb.amazonaws.com:3000/v1/users/me/ad-provisioning-status @ http://semiconlab-staging-alb-124259420.ap-south-1.elb.amazonaws.com/main.dart.js:55885
[  795238ms] [LOG] [AuthService] getToken() - token exists: true, token length: 327 @ http://semiconlab-staging-alb-124259420.ap-south-1.elb.amazonaws.com/main.dart.js:55885
[  795238ms] [LOG] [ApiService] GET Request: labs-api/available-labs @ http://semiconlab-staging-alb-124259420.ap-south-1.elb.amazonaws.com/main.dart.js:55885
[  795238ms] [LOG] [ApiService] Headers: {Authorization: Bearer eyJhbGciOiJIUzI1NiIsInR5cCI6IkpXVCJ9.eyJlbWFpbCI6InN1cnlhLm5Ac2VtaWNvbm9zLmFpIiwic3ViIjo5NSwicm9sZSI6IkxlYXJuZXIiLCJvcmdJZCI6bnVsbCwidGVhbUlkIjpudWxsLCJhdmFpbGFibGVSb2xlcyI6W10sInNpZCI6ImI5NGVjYzQ3LTQ2MDItNDE5Zi1iMmY0LTViOTk1ODhhZjc2MSIsImlhdCI6MTc4NDc5OTY3MSwiZXhwIjoxNzg1NDA0NDcxfQ.XtqvvgxYi_43mtsjpbElbbWChpvHhFSh_eG6XYLo8oU} @ http://semiconlab-staging-alb-124259420.ap-south-1.elb.amazonaws.com/main.dart.js:55885
[  795503ms] [LOG] [ApiService] Response Status: 200 @ http://semiconlab-staging-alb-124259420.ap-south-1.elb.amazonaws.com/main.dart.js:55885
[  795503ms] [LOG] [ApiService] Response URL: http://semiconlab-staging-alb-124259420.ap-south-1.elb.amazonaws.com:3000/v1/labs-api/available-labs @ http://semiconlab-staging-alb-124259420.ap-south-1.elb.amazonaws.com/main.dart.js:55885
[  795503ms] [LOG] [AuthService] getToken() - token exists: true, token length: 327 @ http://semiconlab-staging-alb-124259420.ap-south-1.elb.amazonaws.com/main.dart.js:55885
[  795504ms] [LOG] [ApiService] GET Request: labs-api/start-status?domain_id=17 @ http://semiconlab-staging-alb-124259420.ap-south-1.elb.amazonaws.com/main.dart.js:55885
[  795504ms] [LOG] [ApiService] Headers: {Authorization: Bearer eyJhbGciOiJIUzI1NiIsInR5cCI6IkpXVCJ9.eyJlbWFpbCI6InN1cnlhLm5Ac2VtaWNvbm9zLmFpIiwic3ViIjo5NSwicm9sZSI6IkxlYXJuZXIiLCJvcmdJZCI6bnVsbCwidGVhbUlkIjpudWxsLCJhdmFpbGFibGVSb2xlcyI6W10sInNpZCI6ImI5NGVjYzQ3LTQ2MDItNDE5Zi1iMmY0LTViOTk1ODhhZjc2MSIsImlhdCI6MTc4NDc5OTY3MSwiZXhwIjoxNzg1NDA0NDcxfQ.XtqvvgxYi_43mtsjpbElbbWChpvHhFSh_eG6XYLo8oU} @ http://semiconlab-staging-alb-124259420.ap-south-1.elb.amazonaws.com/main.dart.js:55885
[  795667ms] [LOG] [ApiService] Response Status: 200 @ http://semiconlab-staging-alb-124259420.ap-south-1.elb.amazonaws.com/main.dart.js:55885
[  795667ms] [LOG] [ApiService] Response URL: http://semiconlab-staging-alb-124259420.ap-south-1.elb.amazonaws.com:3000/v1/labs-api/start-status?domain_id=17 @ http://semiconlab-staging-alb-124259420.ap-south-1.elb.amazonaws.com/main.dart.js:55885
[  796585ms] [LOG] [AuthService] getToken() - token exists: true, token length: 327 @ http://semiconlab-staging-alb-124259420.ap-south-1.elb.amazonaws.com/main.dart.js:55885
[  796585ms] [LOG] [ApiService] GET Request: users/me/ad-provisioning-status @ http://semiconlab-staging-alb-124259420.ap-south-1.elb.amazonaws.com/main.dart.js:55885
[  796585ms] [LOG] [ApiService] Headers: {Authorization: Bearer eyJhbGciOiJIUzI1NiIsInR5cCI6IkpXVCJ9.eyJlbWFpbCI6InN1cnlhLm5Ac2VtaWNvbm9zLmFpIiwic3ViIjo5NSwicm9sZSI6IkxlYXJuZXIiLCJvcmdJZCI6bnVsbCwidGVhbUlkIjpudWxsLCJhdmFpbGFibGVSb2xlcyI6W10sInNpZCI6ImI5NGVjYzQ3LTQ2MDItNDE5Zi1iMmY0LTViOTk1ODhhZjc2MSIsImlhdCI6MTc4NDc5OTY3MSwiZXhwIjoxNzg1NDA0NDcxfQ.XtqvvgxYi_43mtsjpbElbbWChpvHhFSh_eG6XYLo8oU} @ http://semiconlab-staging-alb-124259420.ap-south-1.elb.amazonaws.com/main.dart.js:55885
[  796821ms] [LOG] [ApiService] Response Status: 200 @ http://semiconlab-staging-alb-124259420.ap-south-1.elb.amazonaws.com/main.dart.js:55885
[  796822ms] [LOG] [ApiService] Response URL: http://semiconlab-staging-alb-124259420.ap-south-1.elb.amazonaws.com:3000/v1/users/me/ad-provisioning-status @ http://semiconlab-staging-alb-124259420.ap-south-1.elb.amazonaws.com/main.dart.js:55885
[  798583ms] [LOG] [AuthService] getToken() - token exists: true, token length: 327 @ http://semiconlab-staging-alb-124259420.ap-south-1.elb.amazonaws.com/main.dart.js:55885
[  798583ms] [LOG] [ApiService] GET Request: users/me/ad-provisioning-status @ http://semiconlab-staging-alb-124259420.ap-south-1.elb.amazonaws.com/main.dart.js:55885
[  798584ms] [LOG] [ApiService] Headers: {Authorization: Bearer eyJhbGciOiJIUzI1NiIsInR5cCI6IkpXVCJ9.eyJlbWFpbCI6InN1cnlhLm5Ac2VtaWNvbm9zLmFpIiwic3ViIjo5NSwicm9sZSI6IkxlYXJuZXIiLCJvcmdJZCI6bnVsbCwidGVhbUlkIjpudWxsLCJhdmFpbGFibGVSb2xlcyI6W10sInNpZCI6ImI5NGVjYzQ3LTQ2MDItNDE5Zi1iMmY0LTViOTk1ODhhZjc2MSIsImlhdCI6MTc4NDc5OTY3MSwiZXhwIjoxNzg1NDA0NDcxfQ.XtqvvgxYi_43mtsjpbElbbWChpvHhFSh_eG6XYLo8oU} @ http://semiconlab-staging-alb-124259420.ap-south-1.elb.amazonaws.com/main.dart.js:55885
[  798828ms] [LOG] [ApiService] Response Status: 200 @ http://semiconlab-staging-alb-124259420.ap-south-1.elb.amazonaws.com/main.dart.js:55885
[  798828ms] [LOG] [ApiService] Response URL: http://semiconlab-staging-alb-124259420.ap-south-1.elb.amazonaws.com:3000/v1/users/me/ad-provisioning-status @ http://semiconlab-staging-alb-124259420.ap-south-1.elb.amazonaws.com/main.dart.js:55885
[  800256ms] [LOG] [AuthService] getToken() - token exists: true, token length: 327 @ http://semiconlab-staging-alb-124259420.ap-south-1.elb.amazonaws.com/main.dart.js:55885
[  800256ms] [LOG] [ApiService] GET Request: labs-api/available-labs @ http://semiconlab-staging-alb-124259420.ap-south-1.elb.amazonaws.com/main.dart.js:55885
[  800256ms] [LOG] [ApiService] Headers: {Authorization: Bearer eyJhbGciOiJIUzI1NiIsInR5cCI6IkpXVCJ9.eyJlbWFpbCI6InN1cnlhLm5Ac2VtaWNvbm9zLmFpIiwic3ViIjo5NSwicm9sZSI6IkxlYXJuZXIiLCJvcmdJZCI6bnVsbCwidGVhbUlkIjpudWxsLCJhdmFpbGFibGVSb2xlcyI6W10sInNpZCI6ImI5NGVjYzQ3LTQ2MDItNDE5Zi1iMmY0LTViOTk1ODhhZjc2MSIsImlhdCI6MTc4NDc5OTY3MSwiZXhwIjoxNzg1NDA0NDcxfQ.XtqvvgxYi_43mtsjpbElbbWChpvHhFSh_eG6XYLo8oU} @ http://semiconlab-staging-alb-124259420.ap-south-1.elb.amazonaws.com/main.dart.js:55885
[  800569ms] [LOG] [ApiService] Response Status: 200 @ http://semiconlab-staging-alb-124259420.ap-south-1.elb.amazonaws.com/main.dart.js:55885
[  800570ms] [LOG] [ApiService] Response URL: http://semiconlab-staging-alb-124259420.ap-south-1.elb.amazonaws.com:3000/v1/labs-api/available-labs @ http://semiconlab-staging-alb-124259420.ap-south-1.elb.amazonaws.com/main.dart.js:55885
[  800570ms] [LOG] [AuthService] getToken() - token exists: true, token length: 327 @ http://semiconlab-staging-alb-124259420.ap-south-1.elb.amazonaws.com/main.dart.js:55885
[  800570ms] [LOG] [ApiService] GET Request: labs-api/start-status?domain_id=17 @ http://semiconlab-staging-alb-124259420.ap-south-1.elb.amazonaws.com/main.dart.js:55885
[  800571ms] [LOG] [ApiService] Headers: {Authorization: Bearer eyJhbGciOiJIUzI1NiIsInR5cCI6IkpXVCJ9.eyJlbWFpbCI6InN1cnlhLm5Ac2VtaWNvbm9zLmFpIiwic3ViIjo5NSwicm9sZSI6IkxlYXJuZXIiLCJvcmdJZCI6bnVsbCwidGVhbUlkIjpudWxsLCJhdmFpbGFibGVSb2xlcyI6W10sInNpZCI6ImI5NGVjYzQ3LTQ2MDItNDE5Zi1iMmY0LTViOTk1ODhhZjc2MSIsImlhdCI6MTc4NDc5OTY3MSwiZXhwIjoxNzg1NDA0NDcxfQ.XtqvvgxYi_43mtsjpbElbbWChpvHhFSh_eG6XYLo8oU} @ http://semiconlab-staging-alb-124259420.ap-south-1.elb.amazonaws.com/main.dart.js:55885
[  800593ms] [LOG] [AuthService] getToken() - token exists: true, token length: 327 @ http://semiconlab-staging-alb-124259420.ap-south-1.elb.amazonaws.com/main.dart.js:55885
[  800594ms] [LOG] [ApiService] GET Request: users/me/ad-provisioning-status @ http://semiconlab-staging-alb-124259420.ap-south-1.elb.amazonaws.com/main.dart.js:55885
[  800594ms] [LOG] [ApiService] Headers: {Authorization: Bearer eyJhbGciOiJIUzI1NiIsInR5cCI6IkpXVCJ9.eyJlbWFpbCI6InN1cnlhLm5Ac2VtaWNvbm9zLmFpIiwic3ViIjo5NSwicm9sZSI6IkxlYXJuZXIiLCJvcmdJZCI6bnVsbCwidGVhbUlkIjpudWxsLCJhdmFpbGFibGVSb2xlcyI6W10sInNpZCI6ImI5NGVjYzQ3LTQ2MDItNDE5Zi1iMmY0LTViOTk1ODhhZjc2MSIsImlhdCI6MTc4NDc5OTY3MSwiZXhwIjoxNzg1NDA0NDcxfQ.XtqvvgxYi_43mtsjpbElbbWChpvHhFSh_eG6XYLo8oU} @ http://semiconlab-staging-alb-124259420.ap-south-1.elb.amazonaws.com/main.dart.js:55885
[  800736ms] [LOG] [ApiService] Response Status: 200 @ http://semiconlab-staging-alb-124259420.ap-south-1.elb.amazonaws.com/main.dart.js:55885
[  800737ms] [LOG] [ApiService] Response URL: http://semiconlab-staging-alb-124259420.ap-south-1.elb.amazonaws.com:3000/v1/labs-api/start-status?domain_id=17 @ http://semiconlab-staging-alb-124259420.ap-south-1.elb.amazonaws.com/main.dart.js:55885
[  800784ms] [LOG] [ApiService] Response Status: 200 @ http://semiconlab-staging-alb-124259420.ap-south-1.elb.amazonaws.com/main.dart.js:55885
[  800784ms] [LOG] [ApiService] Response URL: http://semiconlab-staging-alb-124259420.ap-south-1.elb.amazonaws.com:3000/v1/users/me/ad-provisioning-status @ http://semiconlab-staging-alb-124259420.ap-south-1.elb.amazonaws.com/main.dart.js:55885
[  802587ms] [LOG] [AuthService] getToken() - token exists: true, token length: 327 @ http://semiconlab-staging-alb-124259420.ap-south-1.elb.amazonaws.com/main.dart.js:55885
[  802588ms] [LOG] [ApiService] GET Request: users/me/ad-provisioning-status @ http://semiconlab-staging-alb-124259420.ap-south-1.elb.amazonaws.com/main.dart.js:55885
[  802588ms] [LOG] [ApiService] Headers: {Authorization: Bearer eyJhbGciOiJIUzI1NiIsInR5cCI6IkpXVCJ9.eyJlbWFpbCI6InN1cnlhLm5Ac2VtaWNvbm9zLmFpIiwic3ViIjo5NSwicm9sZSI6IkxlYXJuZXIiLCJvcmdJZCI6bnVsbCwidGVhbUlkIjpudWxsLCJhdmFpbGFibGVSb2xlcyI6W10sInNpZCI6ImI5NGVjYzQ3LTQ2MDItNDE5Zi1iMmY0LTViOTk1ODhhZjc2MSIsImlhdCI6MTc4NDc5OTY3MSwiZXhwIjoxNzg1NDA0NDcxfQ.XtqvvgxYi_43mtsjpbElbbWChpvHhFSh_eG6XYLo8oU} @ http://semiconlab-staging-alb-124259420.ap-south-1.elb.amazonaws.com/main.dart.js:55885
[  802830ms] [LOG] [ApiService] Response Status: 200 @ http://semiconlab-staging-alb-124259420.ap-south-1.elb.amazonaws.com/main.dart.js:55885
[  802830ms] [LOG] [ApiService] Response URL: http://semiconlab-staging-alb-124259420.ap-south-1.elb.amazonaws.com:3000/v1/users/me/ad-provisioning-status @ http://semiconlab-staging-alb-124259420.ap-south-1.elb.amazonaws.com/main.dart.js:55885
[  804622ms] [LOG] [AuthService] getToken() - token exists: true, token length: 327 @ http://semiconlab-staging-alb-124259420.ap-south-1.elb.amazonaws.com/main.dart.js:55885
[  804622ms] [LOG] [ApiService] GET Request: users/me/ad-provisioning-status @ http://semiconlab-staging-alb-124259420.ap-south-1.elb.amazonaws.com/main.dart.js:55885
[  804623ms] [LOG] [ApiService] Headers: {Authorization: Bearer eyJhbGciOiJIUzI1NiIsInR5cCI6IkpXVCJ9.eyJlbWFpbCI6InN1cnlhLm5Ac2VtaWNvbm9zLmFpIiwic3ViIjo5NSwicm9sZSI6IkxlYXJuZXIiLCJvcmdJZCI6bnVsbCwidGVhbUlkIjpudWxsLCJhdmFpbGFibGVSb2xlcyI6W10sInNpZCI6ImI5NGVjYzQ3LTQ2MDItNDE5Zi1iMmY0LTViOTk1ODhhZjc2MSIsImlhdCI6MTc4NDc5OTY3MSwiZXhwIjoxNzg1NDA0NDcxfQ.XtqvvgxYi_43mtsjpbElbbWChpvHhFSh_eG6XYLo8oU} @ http://semiconlab-staging-alb-124259420.ap-south-1.elb.amazonaws.com/main.dart.js:55885
[  804866ms] [LOG] [ApiService] Response Status: 200 @ http://semiconlab-staging-alb-124259420.ap-south-1.elb.amazonaws.com/main.dart.js:55885
[  804867ms] [LOG] [ApiService] Response URL: http://semiconlab-staging-alb-124259420.ap-south-1.elb.amazonaws.com:3000/v1/users/me/ad-provisioning-status @ http://semiconlab-staging-alb-124259420.ap-south-1.elb.amazonaws.com/main.dart.js:55885
[  805228ms] [LOG] [AuthService] getToken() - token exists: true, token length: 327 @ http://semiconlab-staging-alb-124259420.ap-south-1.elb.amazonaws.com/main.dart.js:55885
[  805228ms] [LOG] [ApiService] GET Request: labs-api/available-labs @ http://semiconlab-staging-alb-124259420.ap-south-1.elb.amazonaws.com/main.dart.js:55885
[  805228ms] [LOG] [ApiService] Headers: {Authorization: Bearer eyJhbGciOiJIUzI1NiIsInR5cCI6IkpXVCJ9.eyJlbWFpbCI6InN1cnlhLm5Ac2VtaWNvbm9zLmFpIiwic3ViIjo5NSwicm9sZSI6IkxlYXJuZXIiLCJvcmdJZCI6bnVsbCwidGVhbUlkIjpudWxsLCJhdmFpbGFibGVSb2xlcyI6W10sInNpZCI6ImI5NGVjYzQ3LTQ2MDItNDE5Zi1iMmY0LTViOTk1ODhhZjc2MSIsImlhdCI6MTc4NDc5OTY3MSwiZXhwIjoxNzg1NDA0NDcxfQ.XtqvvgxYi_43mtsjpbElbbWChpvHhFSh_eG6XYLo8oU} @ http://semiconlab-staging-alb-124259420.ap-south-1.elb.amazonaws.com/main.dart.js:55885
[  805472ms] [LOG] [ApiService] Response Status: 200 @ http://semiconlab-staging-alb-124259420.ap-south-1.elb.amazonaws.com/main.dart.js:55885
[  805472ms] [LOG] [ApiService] Response URL: http://semiconlab-staging-alb-124259420.ap-south-1.elb.amazonaws.com:3000/v1/labs-api/available-labs @ http://semiconlab-staging-alb-124259420.ap-south-1.elb.amazonaws.com/main.dart.js:55885
[  805472ms] [LOG] [AuthService] getToken() - token exists: true, token length: 327 @ http://semiconlab-staging-alb-124259420.ap-south-1.elb.amazonaws.com/main.dart.js:55885
[  805473ms] [LOG] [ApiService] GET Request: labs-api/start-status?domain_id=17 @ http://semiconlab-staging-alb-124259420.ap-south-1.elb.amazonaws.com/main.dart.js:55885
[  805473ms] [LOG] [ApiService] Headers: {Authorization: Bearer eyJhbGciOiJIUzI1NiIsInR5cCI6IkpXVCJ9.eyJlbWFpbCI6InN1cnlhLm5Ac2VtaWNvbm9zLmFpIiwic3ViIjo5NSwicm9sZSI6IkxlYXJuZXIiLCJvcmdJZCI6bnVsbCwidGVhbUlkIjpudWxsLCJhdmFpbGFibGVSb2xlcyI6W10sInNpZCI6ImI5NGVjYzQ3LTQ2MDItNDE5Zi1iMmY0LTViOTk1ODhhZjc2MSIsImlhdCI6MTc4NDc5OTY3MSwiZXhwIjoxNzg1NDA0NDcxfQ.XtqvvgxYi_43mtsjpbElbbWChpvHhFSh_eG6XYLo8oU} @ http://semiconlab-staging-alb-124259420.ap-south-1.elb.amazonaws.com/main.dart.js:55885
[  805684ms] [LOG] [ApiService] Response Status: 200 @ http://semiconlab-staging-alb-124259420.ap-south-1.elb.amazonaws.com/main.dart.js:55885
[  805684ms] [LOG] [ApiService] Response URL: http://semiconlab-staging-alb-124259420.ap-south-1.elb.amazonaws.com:3000/v1/labs-api/start-status?domain_id=17 @ http://semiconlab-staging-alb-124259420.ap-south-1.elb.amazonaws.com/main.dart.js:55885
[  806589ms] [LOG] [AuthService] getToken() - token exists: true, token length: 327 @ http://semiconlab-staging-alb-124259420.ap-south-1.elb.amazonaws.com/main.dart.js:55885
[  806589ms] [LOG] [ApiService] GET Request: users/me/ad-provisioning-status @ http://semiconlab-staging-alb-124259420.ap-south-1.elb.amazonaws.com/main.dart.js:55885
[  806590ms] [LOG] [ApiService] Headers: {Authorization: Bearer eyJhbGciOiJIUzI1NiIsInR5cCI6IkpXVCJ9.eyJlbWFpbCI6InN1cnlhLm5Ac2VtaWNvbm9zLmFpIiwic3ViIjo5NSwicm9sZSI6IkxlYXJuZXIiLCJvcmdJZCI6bnVsbCwidGVhbUlkIjpudWxsLCJhdmFpbGFibGVSb2xlcyI6W10sInNpZCI6ImI5NGVjYzQ3LTQ2MDItNDE5Zi1iMmY0LTViOTk1ODhhZjc2MSIsImlhdCI6MTc4NDc5OTY3MSwiZXhwIjoxNzg1NDA0NDcxfQ.XtqvvgxYi_43mtsjpbElbbWChpvHhFSh_eG6XYLo8oU} @ http://semiconlab-staging-alb-124259420.ap-south-1.elb.amazonaws.com/main.dart.js:55885
[  806811ms] [LOG] [ApiService] Response Status: 200 @ http://semiconlab-staging-alb-124259420.ap-south-1.elb.amazonaws.com/main.dart.js:55885
[  806811ms] [LOG] [ApiService] Response URL: http://semiconlab-staging-alb-124259420.ap-south-1.elb.amazonaws.com:3000/v1/users/me/ad-provisioning-status @ http://semiconlab-staging-alb-124259420.ap-south-1.elb.amazonaws.com/main.dart.js:55885
[  808590ms] [LOG] [AuthService] getToken() - token exists: true, token length: 327 @ http://semiconlab-staging-alb-124259420.ap-south-1.elb.amazonaws.com/main.dart.js:55885
[  808590ms] [LOG] [ApiService] GET Request: users/me/ad-provisioning-status @ http://semiconlab-staging-alb-124259420.ap-south-1.elb.amazonaws.com/main.dart.js:55885
[  808591ms] [LOG] [ApiService] Headers: {Authorization: Bearer eyJhbGciOiJIUzI1NiIsInR5cCI6IkpXVCJ9.eyJlbWFpbCI6InN1cnlhLm5Ac2VtaWNvbm9zLmFpIiwic3ViIjo5NSwicm9sZSI6IkxlYXJuZXIiLCJvcmdJZCI6bnVsbCwidGVhbUlkIjpudWxsLCJhdmFpbGFibGVSb2xlcyI6W10sInNpZCI6ImI5NGVjYzQ3LTQ2MDItNDE5Zi1iMmY0LTViOTk1ODhhZjc2MSIsImlhdCI6MTc4NDc5OTY3MSwiZXhwIjoxNzg1NDA0NDcxfQ.XtqvvgxYi_43mtsjpbElbbWChpvHhFSh_eG6XYLo8oU} @ http://semiconlab-staging-alb-124259420.ap-south-1.elb.amazonaws.com/main.dart.js:55885
[  808819ms] [LOG] [ApiService] Response Status: 200 @ http://semiconlab-staging-alb-124259420.ap-south-1.elb.amazonaws.com/main.dart.js:55885
[  808819ms] [LOG] [ApiService] Response URL: http://semiconlab-staging-alb-124259420.ap-south-1.elb.amazonaws.com:3000/v1/users/me/ad-provisioning-status @ http://semiconlab-staging-alb-124259420.ap-south-1.elb.amazonaws.com/main.dart.js:55885
[  810238ms] [LOG] [AuthService] getToken() - token exists: true, token length: 327 @ http://semiconlab-staging-alb-124259420.ap-south-1.elb.amazonaws.com/main.dart.js:55885
[  810238ms] [LOG] [ApiService] GET Request: labs-api/available-labs @ http://semiconlab-staging-alb-124259420.ap-south-1.elb.amazonaws.com/main.dart.js:55885
[  810238ms] [LOG] [ApiService] Headers: {Authorization: Bearer eyJhbGciOiJIUzI1NiIsInR5cCI6IkpXVCJ9.eyJlbWFpbCI6InN1cnlhLm5Ac2VtaWNvbm9zLmFpIiwic3ViIjo5NSwicm9sZSI6IkxlYXJuZXIiLCJvcmdJZCI6bnVsbCwidGVhbUlkIjpudWxsLCJhdmFpbGFibGVSb2xlcyI6W10sInNpZCI6ImI5NGVjYzQ3LTQ2MDItNDE5Zi1iMmY0LTViOTk1ODhhZjc2MSIsImlhdCI6MTc4NDc5OTY3MSwiZXhwIjoxNzg1NDA0NDcxfQ.XtqvvgxYi_43mtsjpbElbbWChpvHhFSh_eG6XYLo8oU} @ http://semiconlab-staging-alb-124259420.ap-south-1.elb.amazonaws.com/main.dart.js:55885
[  810561ms] [LOG] [ApiService] Response Status: 200 @ http://semiconlab-staging-alb-124259420.ap-south-1.elb.amazonaws.com/main.dart.js:55885
[  810561ms] [LOG] [ApiService] Response URL: http://semiconlab-staging-alb-124259420.ap-south-1.elb.amazonaws.com:3000/v1/labs-api/available-labs @ http://semiconlab-staging-alb-124259420.ap-south-1.elb.amazonaws.com/main.dart.js:55885
[  810561ms] [LOG] [AuthService] getToken() - token exists: true, token length: 327 @ http://semiconlab-staging-alb-124259420.ap-south-1.elb.amazonaws.com/main.dart.js:55885
[  810562ms] [LOG] [ApiService] GET Request: labs-api/start-status?domain_id=17 @ http://semiconlab-staging-alb-124259420.ap-south-1.elb.amazonaws.com/main.dart.js:55885
[  810562ms] [LOG] [ApiService] Headers: {Authorization: Bearer eyJhbGciOiJIUzI1NiIsInR5cCI6IkpXVCJ9.eyJlbWFpbCI6InN1cnlhLm5Ac2VtaWNvbm9zLmFpIiwic3ViIjo5NSwicm9sZSI6IkxlYXJuZXIiLCJvcmdJZCI6bnVsbCwidGVhbUlkIjpudWxsLCJhdmFpbGFibGVSb2xlcyI6W10sInNpZCI6ImI5NGVjYzQ3LTQ2MDItNDE5Zi1iMmY0LTViOTk1ODhhZjc2MSIsImlhdCI6MTc4NDc5OTY3MSwiZXhwIjoxNzg1NDA0NDcxfQ.XtqvvgxYi_43mtsjpbElbbWChpvHhFSh_eG6XYLo8oU} @ http://semiconlab-staging-alb-124259420.ap-south-1.elb.amazonaws.com/main.dart.js:55885
[  810579ms] [LOG] [AuthService] getToken() - token exists: true, token length: 327 @ http://semiconlab-staging-alb-124259420.ap-south-1.elb.amazonaws.com/main.dart.js:55885
[  810579ms] [LOG] [ApiService] GET Request: users/me/ad-provisioning-status @ http://semiconlab-staging-alb-124259420.ap-south-1.elb.amazonaws.com/main.dart.js:55885
[  810580ms] [LOG] [ApiService] Headers: {Authorization: Bearer eyJhbGciOiJIUzI1NiIsInR5cCI6IkpXVCJ9.eyJlbWFpbCI6InN1cnlhLm5Ac2VtaWNvbm9zLmFpIiwic3ViIjo5NSwicm9sZSI6IkxlYXJuZXIiLCJvcmdJZCI6bnVsbCwidGVhbUlkIjpudWxsLCJhdmFpbGFibGVSb2xlcyI6W10sInNpZCI6ImI5NGVjYzQ3LTQ2MDItNDE5Zi1iMmY0LTViOTk1ODhhZjc2MSIsImlhdCI6MTc4NDc5OTY3MSwiZXhwIjoxNzg1NDA0NDcxfQ.XtqvvgxYi_43mtsjpbElbbWChpvHhFSh_eG6XYLo8oU} @ http://semiconlab-staging-alb-124259420.ap-south-1.elb.amazonaws.com/main.dart.js:55885
[  810682ms] [LOG] [ApiService] Response Status: 200 @ http://semiconlab-staging-alb-124259420.ap-south-1.elb.amazonaws.com/main.dart.js:55885
[  810682ms] [LOG] [ApiService] Response URL: http://semiconlab-staging-alb-124259420.ap-south-1.elb.amazonaws.com:3000/v1/labs-api/start-status?domain_id=17 @ http://semiconlab-staging-alb-124259420.ap-south-1.elb.amazonaws.com/main.dart.js:55885
[  810731ms] [LOG] [ApiService] Response Status: 200 @ http://semiconlab-staging-alb-124259420.ap-south-1.elb.amazonaws.com/main.dart.js:55885
[  810732ms] [LOG] [ApiService] Response URL: http://semiconlab-staging-alb-124259420.ap-south-1.elb.amazonaws.com:3000/v1/users/me/ad-provisioning-status @ http://semiconlab-staging-alb-124259420.ap-south-1.elb.amazonaws.com/main.dart.js:55885
[  812616ms] [LOG] [AuthService] getToken() - token exists: true, token length: 327 @ http://semiconlab-staging-alb-124259420.ap-south-1.elb.amazonaws.com/main.dart.js:55885
[  812616ms] [LOG] [ApiService] GET Request: users/me/ad-provisioning-status @ http://semiconlab-staging-alb-124259420.ap-south-1.elb.amazonaws.com/main.dart.js:55885
[  812617ms] [LOG] [ApiService] Headers: {Authorization: Bearer eyJhbGciOiJIUzI1NiIsInR5cCI6IkpXVCJ9.eyJlbWFpbCI6InN1cnlhLm5Ac2VtaWNvbm9zLmFpIiwic3ViIjo5NSwicm9sZSI6IkxlYXJuZXIiLCJvcmdJZCI6bnVsbCwidGVhbUlkIjpudWxsLCJhdmFpbGFibGVSb2xlcyI6W10sInNpZCI6ImI5NGVjYzQ3LTQ2MDItNDE5Zi1iMmY0LTViOTk1ODhhZjc2MSIsImlhdCI6MTc4NDc5OTY3MSwiZXhwIjoxNzg1NDA0NDcxfQ.XtqvvgxYi_43mtsjpbElbbWChpvHhFSh_eG6XYLo8oU} @ http://semiconlab-staging-alb-124259420.ap-south-1.elb.amazonaws.com/main.dart.js:55885
[  812960ms] [LOG] [ApiService] Response Status: 200 @ http://semiconlab-staging-alb-124259420.ap-south-1.elb.amazonaws.com/main.dart.js:55885
[  812960ms] [LOG] [ApiService] Response URL: http://semiconlab-staging-alb-124259420.ap-south-1.elb.amazonaws.com:3000/v1/users/me/ad-provisioning-status @ http://semiconlab-staging-alb-124259420.ap-south-1.elb.amazonaws.com/main.dart.js:55885
[  814600ms] [LOG] [AuthService] getToken() - token exists: true, token length: 327 @ http://semiconlab-staging-alb-124259420.ap-south-1.elb.amazonaws.com/main.dart.js:55885
[  814601ms] [LOG] [ApiService] GET Request: users/me/ad-provisioning-status @ http://semiconlab-staging-alb-124259420.ap-south-1.elb.amazonaws.com/main.dart.js:55885
[  814601ms] [LOG] [ApiService] Headers: {Authorization: Bearer eyJhbGciOiJIUzI1NiIsInR5cCI6IkpXVCJ9.eyJlbWFpbCI6InN1cnlhLm5Ac2VtaWNvbm9zLmFpIiwic3ViIjo5NSwicm9sZSI6IkxlYXJuZXIiLCJvcmdJZCI6bnVsbCwidGVhbUlkIjpudWxsLCJhdmFpbGFibGVSb2xlcyI6W10sInNpZCI6ImI5NGVjYzQ3LTQ2MDItNDE5Zi1iMmY0LTViOTk1ODhhZjc2MSIsImlhdCI6MTc4NDc5OTY3MSwiZXhwIjoxNzg1NDA0NDcxfQ.XtqvvgxYi_43mtsjpbElbbWChpvHhFSh_eG6XYLo8oU} @ http://semiconlab-staging-alb-124259420.ap-south-1.elb.amazonaws.com/main.dart.js:55885
[  814831ms] [LOG] [ApiService] Response Status: 200 @ http://semiconlab-staging-alb-124259420.ap-south-1.elb.amazonaws.com/main.dart.js:55885
[  814831ms] [LOG] [ApiService] Response URL: http://semiconlab-staging-alb-124259420.ap-south-1.elb.amazonaws.com:3000/v1/users/me/ad-provisioning-status @ http://semiconlab-staging-alb-124259420.ap-south-1.elb.amazonaws.com/main.dart.js:55885
[  815226ms] [LOG] [AuthService] getToken() - token exists: true, token length: 327 @ http://semiconlab-staging-alb-124259420.ap-south-1.elb.amazonaws.com/main.dart.js:55885
[  815226ms] [LOG] [ApiService] GET Request: labs-api/available-labs @ http://semiconlab-staging-alb-124259420.ap-south-1.elb.amazonaws.com/main.dart.js:55885
[  815227ms] [LOG] [ApiService] Headers: {Authorization: Bearer eyJhbGciOiJIUzI1NiIsInR5cCI6IkpXVCJ9.eyJlbWFpbCI6InN1cnlhLm5Ac2VtaWNvbm9zLmFpIiwic3ViIjo5NSwicm9sZSI6IkxlYXJuZXIiLCJvcmdJZCI6bnVsbCwidGVhbUlkIjpudWxsLCJhdmFpbGFibGVSb2xlcyI6W10sInNpZCI6ImI5NGVjYzQ3LTQ2MDItNDE5Zi1iMmY0LTViOTk1ODhhZjc2MSIsImlhdCI6MTc4NDc5OTY3MSwiZXhwIjoxNzg1NDA0NDcxfQ.XtqvvgxYi_43mtsjpbElbbWChpvHhFSh_eG6XYLo8oU} @ http://semiconlab-staging-alb-124259420.ap-south-1.elb.amazonaws.com/main.dart.js:55885
[  815472ms] [LOG] [ApiService] Response Status: 200 @ http://semiconlab-staging-alb-124259420.ap-south-1.elb.amazonaws.com/main.dart.js:55885
[  815472ms] [LOG] [ApiService] Response URL: http://semiconlab-staging-alb-124259420.ap-south-1.elb.amazonaws.com:3000/v1/labs-api/available-labs @ http://semiconlab-staging-alb-124259420.ap-south-1.elb.amazonaws.com/main.dart.js:55885
[  815472ms] [LOG] [AuthService] getToken() - token exists: true, token length: 327 @ http://semiconlab-staging-alb-124259420.ap-south-1.elb.amazonaws.com/main.dart.js:55885
[  815473ms] [LOG] [ApiService] GET Request: labs-api/start-status?domain_id=17 @ http://semiconlab-staging-alb-124259420.ap-south-1.elb.amazonaws.com/main.dart.js:55885
[  815473ms] [LOG] [ApiService] Headers: {Authorization: Bearer eyJhbGciOiJIUzI1NiIsInR5cCI6IkpXVCJ9.eyJlbWFpbCI6InN1cnlhLm5Ac2VtaWNvbm9zLmFpIiwic3ViIjo5NSwicm9sZSI6IkxlYXJuZXIiLCJvcmdJZCI6bnVsbCwidGVhbUlkIjpudWxsLCJhdmFpbGFibGVSb2xlcyI6W10sInNpZCI6ImI5NGVjYzQ3LTQ2MDItNDE5Zi1iMmY0LTViOTk1ODhhZjc2MSIsImlhdCI6MTc4NDc5OTY3MSwiZXhwIjoxNzg1NDA0NDcxfQ.XtqvvgxYi_43mtsjpbElbbWChpvHhFSh_eG6XYLo8oU} @ http://semiconlab-staging-alb-124259420.ap-south-1.elb.amazonaws.com/main.dart.js:55885
[  815624ms] [LOG] [ApiService] Response Status: 200 @ http://semiconlab-staging-alb-124259420.ap-south-1.elb.amazonaws.com/main.dart.js:55885
[  815624ms] [LOG] [ApiService] Response URL: http://semiconlab-staging-alb-124259420.ap-south-1.elb.amazonaws.com:3000/v1/labs-api/start-status?domain_id=17 @ http://semiconlab-staging-alb-124259420.ap-south-1.elb.amazonaws.com/main.dart.js:55885
[  816583ms] [LOG] [AuthService] getToken() - token exists: true, token length: 327 @ http://semiconlab-staging-alb-124259420.ap-south-1.elb.amazonaws.com/main.dart.js:55885
[  816584ms] [LOG] [ApiService] GET Request: users/me/ad-provisioning-status @ http://semiconlab-staging-alb-124259420.ap-south-1.elb.amazonaws.com/main.dart.js:55885
[  816584ms] [LOG] [ApiService] Headers: {Authorization: Bearer eyJhbGciOiJIUzI1NiIsInR5cCI6IkpXVCJ9.eyJlbWFpbCI6InN1cnlhLm5Ac2VtaWNvbm9zLmFpIiwic3ViIjo5NSwicm9sZSI6IkxlYXJuZXIiLCJvcmdJZCI6bnVsbCwidGVhbUlkIjpudWxsLCJhdmFpbGFibGVSb2xlcyI6W10sInNpZCI6ImI5NGVjYzQ3LTQ2MDItNDE5Zi1iMmY0LTViOTk1ODhhZjc2MSIsImlhdCI6MTc4NDc5OTY3MSwiZXhwIjoxNzg1NDA0NDcxfQ.XtqvvgxYi_43mtsjpbElbbWChpvHhFSh_eG6XYLo8oU} @ http://semiconlab-staging-alb-124259420.ap-south-1.elb.amazonaws.com/main.dart.js:55885
[  816933ms] [LOG] [ApiService] Response Status: 200 @ http://semiconlab-staging-alb-124259420.ap-south-1.elb.amazonaws.com/main.dart.js:55885
[  816934ms] [LOG] [ApiService] Response URL: http://semiconlab-staging-alb-124259420.ap-south-1.elb.amazonaws.com:3000/v1/users/me/ad-provisioning-status @ http://semiconlab-staging-alb-124259420.ap-south-1.elb.amazonaws.com/main.dart.js:55885
[  818590ms] [LOG] [AuthService] getToken() - token exists: true, token length: 327 @ http://semiconlab-staging-alb-124259420.ap-south-1.elb.amazonaws.com/main.dart.js:55885
[  818590ms] [LOG] [ApiService] GET Request: users/me/ad-provisioning-status @ http://semiconlab-staging-alb-124259420.ap-south-1.elb.amazonaws.com/main.dart.js:55885
[  818591ms] [LOG] [ApiService] Headers: {Authorization: Bearer eyJhbGciOiJIUzI1NiIsInR5cCI6IkpXVCJ9.eyJlbWFpbCI6InN1cnlhLm5Ac2VtaWNvbm9zLmFpIiwic3ViIjo5NSwicm9sZSI6IkxlYXJuZXIiLCJvcmdJZCI6bnVsbCwidGVhbUlkIjpudWxsLCJhdmFpbGFibGVSb2xlcyI6W10sInNpZCI6ImI5NGVjYzQ3LTQ2MDItNDE5Zi1iMmY0LTViOTk1ODhhZjc2MSIsImlhdCI6MTc4NDc5OTY3MSwiZXhwIjoxNzg1NDA0NDcxfQ.XtqvvgxYi_43mtsjpbElbbWChpvHhFSh_eG6XYLo8oU} @ http://semiconlab-staging-alb-124259420.ap-south-1.elb.amazonaws.com/main.dart.js:55885
[  818872ms] [LOG] [ApiService] Response Status: 200 @ http://semiconlab-staging-alb-124259420.ap-south-1.elb.amazonaws.com/main.dart.js:55885
[  818872ms] [LOG] [ApiService] Response URL: http://semiconlab-staging-alb-124259420.ap-south-1.elb.amazonaws.com:3000/v1/users/me/ad-provisioning-status @ http://semiconlab-staging-alb-124259420.ap-south-1.elb.amazonaws.com/main.dart.js:55885
[  820227ms] [LOG] [AuthService] getToken() - token exists: true, token length: 327 @ http://semiconlab-staging-alb-124259420.ap-south-1.elb.amazonaws.com/main.dart.js:55885
[  820228ms] [LOG] [ApiService] GET Request: labs-api/available-labs @ http://semiconlab-staging-alb-124259420.ap-south-1.elb.amazonaws.com/main.dart.js:55885
[  820228ms] [LOG] [ApiService] Headers: {Authorization: Bearer eyJhbGciOiJIUzI1NiIsInR5cCI6IkpXVCJ9.eyJlbWFpbCI6InN1cnlhLm5Ac2VtaWNvbm9zLmFpIiwic3ViIjo5NSwicm9sZSI6IkxlYXJuZXIiLCJvcmdJZCI6bnVsbCwidGVhbUlkIjpudWxsLCJhdmFpbGFibGVSb2xlcyI6W10sInNpZCI6ImI5NGVjYzQ3LTQ2MDItNDE5Zi1iMmY0LTViOTk1ODhhZjc2MSIsImlhdCI6MTc4NDc5OTY3MSwiZXhwIjoxNzg1NDA0NDcxfQ.XtqvvgxYi_43mtsjpbElbbWChpvHhFSh_eG6XYLo8oU} @ http://semiconlab-staging-alb-124259420.ap-south-1.elb.amazonaws.com/main.dart.js:55885
[  820477ms] [LOG] [ApiService] Response Status: 200 @ http://semiconlab-staging-alb-124259420.ap-south-1.elb.amazonaws.com/main.dart.js:55885
[  820477ms] [LOG] [ApiService] Response URL: http://semiconlab-staging-alb-124259420.ap-south-1.elb.amazonaws.com:3000/v1/labs-api/available-labs @ http://semiconlab-staging-alb-124259420.ap-south-1.elb.amazonaws.com/main.dart.js:55885
[  820477ms] [LOG] [AuthService] getToken() - token exists: true, token length: 327 @ http://semiconlab-staging-alb-124259420.ap-south-1.elb.amazonaws.com/main.dart.js:55885
[  820478ms] [LOG] [ApiService] GET Request: labs-api/start-status?domain_id=17 @ http://semiconlab-staging-alb-124259420.ap-south-1.elb.amazonaws.com/main.dart.js:55885
[  820478ms] [LOG] [ApiService] Headers: {Authorization: Bearer eyJhbGciOiJIUzI1NiIsInR5cCI6IkpXVCJ9.eyJlbWFpbCI6InN1cnlhLm5Ac2VtaWNvbm9zLmFpIiwic3ViIjo5NSwicm9sZSI6IkxlYXJuZXIiLCJvcmdJZCI6bnVsbCwidGVhbUlkIjpudWxsLCJhdmFpbGFibGVSb2xlcyI6W10sInNpZCI6ImI5NGVjYzQ3LTQ2MDItNDE5Zi1iMmY0LTViOTk1ODhhZjc2MSIsImlhdCI6MTc4NDc5OTY3MSwiZXhwIjoxNzg1NDA0NDcxfQ.XtqvvgxYi_43mtsjpbElbbWChpvHhFSh_eG6XYLo8oU} @ http://semiconlab-staging-alb-124259420.ap-south-1.elb.amazonaws.com/main.dart.js:55885
[  820597ms] [LOG] [AuthService] getToken() - token exists: true, token length: 327 @ http://semiconlab-staging-alb-124259420.ap-south-1.elb.amazonaws.com/main.dart.js:55885
[  820598ms] [LOG] [ApiService] GET Request: users/me/ad-provisioning-status @ http://semiconlab-staging-alb-124259420.ap-south-1.elb.amazonaws.com/main.dart.js:55885
[  820598ms] [LOG] [ApiService] Headers: {Authorization: Bearer eyJhbGciOiJIUzI1NiIsInR5cCI6IkpXVCJ9.eyJlbWFpbCI6InN1cnlhLm5Ac2VtaWNvbm9zLmFpIiwic3ViIjo5NSwicm9sZSI6IkxlYXJuZXIiLCJvcmdJZCI6bnVsbCwidGVhbUlkIjpudWxsLCJhdmFpbGFibGVSb2xlcyI6W10sInNpZCI6ImI5NGVjYzQ3LTQ2MDItNDE5Zi1iMmY0LTViOTk1ODhhZjc2MSIsImlhdCI6MTc4NDc5OTY3MSwiZXhwIjoxNzg1NDA0NDcxfQ.XtqvvgxYi_43mtsjpbElbbWChpvHhFSh_eG6XYLo8oU} @ http://semiconlab-staging-alb-124259420.ap-south-1.elb.amazonaws.com/main.dart.js:55885
[  820670ms] [LOG] [ApiService] Response Status: 200 @ http://semiconlab-staging-alb-124259420.ap-south-1.elb.amazonaws.com/main.dart.js:55885
[  820671ms] [LOG] [ApiService] Response URL: http://semiconlab-staging-alb-124259420.ap-south-1.elb.amazonaws.com:3000/v1/labs-api/start-status?domain_id=17 @ http://semiconlab-staging-alb-124259420.ap-south-1.elb.amazonaws.com/main.dart.js:55885
[  820877ms] [LOG] [ApiService] Response Status: 200 @ http://semiconlab-staging-alb-124259420.ap-south-1.elb.amazonaws.com/main.dart.js:55885
[  820877ms] [LOG] [ApiService] Response URL: http://semiconlab-staging-alb-124259420.ap-south-1.elb.amazonaws.com:3000/v1/users/me/ad-provisioning-status @ http://semiconlab-staging-alb-124259420.ap-south-1.elb.amazonaws.com/main.dart.js:55885
[  822586ms] [LOG] [AuthService] getToken() - token exists: true, token length: 327 @ http://semiconlab-staging-alb-124259420.ap-south-1.elb.amazonaws.com/main.dart.js:55885
[  822586ms] [LOG] [ApiService] GET Request: users/me/ad-provisioning-status @ http://semiconlab-staging-alb-124259420.ap-south-1.elb.amazonaws.com/main.dart.js:55885
[  822587ms] [LOG] [ApiService] Headers: {Authorization: Bearer eyJhbGciOiJIUzI1NiIsInR5cCI6IkpXVCJ9.eyJlbWFpbCI6InN1cnlhLm5Ac2VtaWNvbm9zLmFpIiwic3ViIjo5NSwicm9sZSI6IkxlYXJuZXIiLCJvcmdJZCI6bnVsbCwidGVhbUlkIjpudWxsLCJhdmFpbGFibGVSb2xlcyI6W10sInNpZCI6ImI5NGVjYzQ3LTQ2MDItNDE5Zi1iMmY0LTViOTk1ODhhZjc2MSIsImlhdCI6MTc4NDc5OTY3MSwiZXhwIjoxNzg1NDA0NDcxfQ.XtqvvgxYi_43mtsjpbElbbWChpvHhFSh_eG6XYLo8oU} @ http://semiconlab-staging-alb-124259420.ap-south-1.elb.amazonaws.com/main.dart.js:55885
[  822828ms] [LOG] [ApiService] Response Status: 200 @ http://semiconlab-staging-alb-124259420.ap-south-1.elb.amazonaws.com/main.dart.js:55885
[  822828ms] [LOG] [ApiService] Response URL: http://semiconlab-staging-alb-124259420.ap-south-1.elb.amazonaws.com:3000/v1/users/me/ad-provisioning-status @ http://semiconlab-staging-alb-124259420.ap-south-1.elb.amazonaws.com/main.dart.js:55885
[  825208ms] [LOG] [AuthService] getToken() - token exists: true, token length: 327 @ http://semiconlab-staging-alb-124259420.ap-south-1.elb.amazonaws.com/main.dart.js:55885
[  825209ms] [LOG] [ApiService] GET Request: labs-api/available-labs @ http://semiconlab-staging-alb-124259420.ap-south-1.elb.amazonaws.com/main.dart.js:55885
[  825209ms] [LOG] [ApiService] Headers: {Authorization: Bearer eyJhbGciOiJIUzI1NiIsInR5cCI6IkpXVCJ9.eyJlbWFpbCI6InN1cnlhLm5Ac2VtaWNvbm9zLmFpIiwic3ViIjo5NSwicm9sZSI6IkxlYXJuZXIiLCJvcmdJZCI6bnVsbCwidGVhbUlkIjpudWxsLCJhdmFpbGFibGVSb2xlcyI6W10sInNpZCI6ImI5NGVjYzQ3LTQ2MDItNDE5Zi1iMmY0LTViOTk1ODhhZjc2MSIsImlhdCI6MTc4NDc5OTY3MSwiZXhwIjoxNzg1NDA0NDcxfQ.XtqvvgxYi_43mtsjpbElbbWChpvHhFSh_eG6XYLo8oU} @ http://semiconlab-staging-alb-124259420.ap-south-1.elb.amazonaws.com/main.dart.js:55885
[  825320ms] [LOG] [ApiService] Response Status: 200 @ http://semiconlab-staging-alb-124259420.ap-south-1.elb.amazonaws.com/main.dart.js:55885
[  825320ms] [LOG] [ApiService] Response URL: http://semiconlab-staging-alb-124259420.ap-south-1.elb.amazonaws.com:3000/v1/labs-api/available-labs @ http://semiconlab-staging-alb-124259420.ap-south-1.elb.amazonaws.com/main.dart.js:55885
[  825321ms] [LOG] [AuthService] getToken() - token exists: true, token length: 327 @ http://semiconlab-staging-alb-124259420.ap-south-1.elb.amazonaws.com/main.dart.js:55885
[  825321ms] [LOG] [ApiService] GET Request: labs-api/start-status?domain_id=17 @ http://semiconlab-staging-alb-124259420.ap-south-1.elb.amazonaws.com/main.dart.js:55885
[  825321ms] [LOG] [ApiService] Headers: {Authorization: Bearer eyJhbGciOiJIUzI1NiIsInR5cCI6IkpXVCJ9.eyJlbWFpbCI6InN1cnlhLm5Ac2VtaWNvbm9zLmFpIiwic3ViIjo5NSwicm9sZSI6IkxlYXJuZXIiLCJvcmdJZCI6bnVsbCwidGVhbUlkIjpudWxsLCJhdmFpbGFibGVSb2xlcyI6W10sInNpZCI6ImI5NGVjYzQ3LTQ2MDItNDE5Zi1iMmY0LTViOTk1ODhhZjc2MSIsImlhdCI6MTc4NDc5OTY3MSwiZXhwIjoxNzg1NDA0NDcxfQ.XtqvvgxYi_43mtsjpbElbbWChpvHhFSh_eG6XYLo8oU} @ http://semiconlab-staging-alb-124259420.ap-south-1.elb.amazonaws.com/main.dart.js:55885
[  825363ms] [LOG] [ApiService] Response Status: 200 @ http://semiconlab-staging-alb-124259420.ap-south-1.elb.amazonaws.com/main.dart.js:55885
[  825364ms] [LOG] [ApiService] Response URL: http://semiconlab-staging-alb-124259420.ap-south-1.elb.amazonaws.com:3000/v1/labs-api/start-status?domain_id=17 @ http://semiconlab-staging-alb-124259420.ap-south-1.elb.amazonaws.com/main.dart.js:55885
[  827893ms] [LOG] [AuthService] getToken() - token exists: true, token length: 327 @ http://semiconlab-staging-alb-124259420.ap-south-1.elb.amazonaws.com/main.dart.js:55885
[  827893ms] [LOG] [AuthService] getToken() - token exists: true, token length: 327 @ http://semiconlab-staging-alb-124259420.ap-south-1.elb.amazonaws.com/main.dart.js:55885
[  827893ms] [LOG] [ApiService] GET Request: labs-api/available-labs @ http://semiconlab-staging-alb-124259420.ap-south-1.elb.amazonaws.com/main.dart.js:55885
[  827894ms] [LOG] [ApiService] Headers: {Authorization: Bearer eyJhbGciOiJIUzI1NiIsInR5cCI6IkpXVCJ9.eyJlbWFpbCI6InN1cnlhLm5Ac2VtaWNvbm9zLmFpIiwic3ViIjo5NSwicm9sZSI6IkxlYXJuZXIiLCJvcmdJZCI6bnVsbCwidGVhbUlkIjpudWxsLCJhdmFpbGFibGVSb2xlcyI6W10sInNpZCI6ImI5NGVjYzQ3LTQ2MDItNDE5Zi1iMmY0LTViOTk1ODhhZjc2MSIsImlhdCI6MTc4NDc5OTY3MSwiZXhwIjoxNzg1NDA0NDcxfQ.XtqvvgxYi_43mtsjpbElbbWChpvHhFSh_eG6XYLo8oU} @ http://semiconlab-staging-alb-124259420.ap-south-1.elb.amazonaws.com/main.dart.js:55885
[  827997ms] [LOG] [ApiService] Response Status: 200 @ http://semiconlab-staging-alb-124259420.ap-south-1.elb.amazonaws.com/main.dart.js:55885
[  827997ms] [LOG] [ApiService] Response URL: http://semiconlab-staging-alb-124259420.ap-south-1.elb.amazonaws.com:3000/v1/labs-api/available-labs @ http://semiconlab-staging-alb-124259420.ap-south-1.elb.amazonaws.com/main.dart.js:55885
[  827998ms] [LOG] [AuthService] getToken() - token exists: true, token length: 327 @ http://semiconlab-staging-alb-124259420.ap-south-1.elb.amazonaws.com/main.dart.js:55885
[  827998ms] [LOG] [ApiService] GET Request: /users/95 @ http://semiconlab-staging-alb-124259420.ap-south-1.elb.amazonaws.com/main.dart.js:55885
[  827998ms] [LOG] [ApiService] Headers: {Authorization: Bearer eyJhbGciOiJIUzI1NiIsInR5cCI6IkpXVCJ9.eyJlbWFpbCI6InN1cnlhLm5Ac2VtaWNvbm9zLmFpIiwic3ViIjo5NSwicm9sZSI6IkxlYXJuZXIiLCJvcmdJZCI6bnVsbCwidGVhbUlkIjpudWxsLCJhdmFpbGFibGVSb2xlcyI6W10sInNpZCI6ImI5NGVjYzQ3LTQ2MDItNDE5Zi1iMmY0LTViOTk1ODhhZjc2MSIsImlhdCI6MTc4NDc5OTY3MSwiZXhwIjoxNzg1NDA0NDcxfQ.XtqvvgxYi_43mtsjpbElbbWChpvHhFSh_eG6XYLo8oU} @ http://semiconlab-staging-alb-124259420.ap-south-1.elb.amazonaws.com/main.dart.js:55885
[  828071ms] [LOG] [ApiService] Response Status: 200 @ http://semiconlab-staging-alb-124259420.ap-south-1.elb.amazonaws.com/main.dart.js:55885
[  828071ms] [LOG] [ApiService] Response URL: http://semiconlab-staging-alb-124259420.ap-south-1.elb.amazonaws.com:3000/v1/users/95 @ http://semiconlab-staging-alb-124259420.ap-south-1.elb.amazonaws.com/main.dart.js:55885
[  830209ms] [LOG] [AuthService] getToken() - token exists: true, token length: 327 @ http://semiconlab-staging-alb-124259420.ap-south-1.elb.amazonaws.com/main.dart.js:55885
[  830209ms] [LOG] [ApiService] GET Request: labs-api/available-labs @ http://semiconlab-staging-alb-124259420.ap-south-1.elb.amazonaws.com/main.dart.js:55885
[  830210ms] [LOG] [ApiService] Headers: {Authorization: Bearer eyJhbGciOiJIUzI1NiIsInR5cCI6IkpXVCJ9.eyJlbWFpbCI6InN1cnlhLm5Ac2VtaWNvbm9zLmFpIiwic3ViIjo5NSwicm9sZSI6IkxlYXJuZXIiLCJvcmdJZCI6bnVsbCwidGVhbUlkIjpudWxsLCJhdmFpbGFibGVSb2xlcyI6W10sInNpZCI6ImI5NGVjYzQ3LTQ2MDItNDE5Zi1iMmY0LTViOTk1ODhhZjc2MSIsImlhdCI6MTc4NDc5OTY3MSwiZXhwIjoxNzg1NDA0NDcxfQ.XtqvvgxYi_43mtsjpbElbbWChpvHhFSh_eG6XYLo8oU} @ http://semiconlab-staging-alb-124259420.ap-south-1.elb.amazonaws.com/main.dart.js:55885
[  830321ms] [LOG] [ApiService] Response Status: 200 @ http://semiconlab-staging-alb-124259420.ap-south-1.elb.amazonaws.com/main.dart.js:55885
[  830322ms] [LOG] [ApiService] Response URL: http://semiconlab-staging-alb-124259420.ap-south-1.elb.amazonaws.com:3000/v1/labs-api/available-labs @ http://semiconlab-staging-alb-124259420.ap-south-1.elb.amazonaws.com/main.dart.js:55885
[  830322ms] [LOG] [AuthService] getToken() - token exists: true, token length: 327 @ http://semiconlab-staging-alb-124259420.ap-south-1.elb.amazonaws.com/main.dart.js:55885
[  830322ms] [LOG] [ApiService] GET Request: labs-api/start-status?domain_id=17 @ http://semiconlab-staging-alb-124259420.ap-south-1.elb.amazonaws.com/main.dart.js:55885
[  830323ms] [LOG] [ApiService] Headers: {Authorization: Bearer eyJhbGciOiJIUzI1NiIsInR5cCI6IkpXVCJ9.eyJlbWFpbCI6InN1cnlhLm5Ac2VtaWNvbm9zLmFpIiwic3ViIjo5NSwicm9sZSI6IkxlYXJuZXIiLCJvcmdJZCI6bnVsbCwidGVhbUlkIjpudWxsLCJhdmFpbGFibGVSb2xlcyI6W10sInNpZCI6ImI5NGVjYzQ3LTQ2MDItNDE5Zi1iMmY0LTViOTk1ODhhZjc2MSIsImlhdCI6MTc4NDc5OTY3MSwiZXhwIjoxNzg1NDA0NDcxfQ.XtqvvgxYi_43mtsjpbElbbWChpvHhFSh_eG6XYLo8oU} @ http://semiconlab-staging-alb-124259420.ap-south-1.elb.amazonaws.com/main.dart.js:55885
[  830399ms] [LOG] [ApiService] Response Status: 200 @ http://semiconlab-staging-alb-124259420.ap-south-1.elb.amazonaws.com/main.dart.js:55885
[  830400ms] [LOG] [ApiService] Response URL: http://semiconlab-staging-alb-124259420.ap-south-1.elb.amazonaws.com:3000/v1/labs-api/start-status?domain_id=17 @ http://semiconlab-staging-alb-124259420.ap-south-1.elb.amazonaws.com/main.dart.js:55885
[  835209ms] [LOG] [AuthService] getToken() - token exists: true, token length: 327 @ http://semiconlab-staging-alb-124259420.ap-south-1.elb.amazonaws.com/main.dart.js:55885
[  835209ms] [LOG] [ApiService] GET Request: labs-api/available-labs @ http://semiconlab-staging-alb-124259420.ap-south-1.elb.amazonaws.com/main.dart.js:55885
[  835209ms] [LOG] [ApiService] Headers: {Authorization: Bearer eyJhbGciOiJIUzI1NiIsInR5cCI6IkpXVCJ9.eyJlbWFpbCI6InN1cnlhLm5Ac2VtaWNvbm9zLmFpIiwic3ViIjo5NSwicm9sZSI6IkxlYXJuZXIiLCJvcmdJZCI6bnVsbCwidGVhbUlkIjpudWxsLCJhdmFpbGFibGVSb2xlcyI6W10sInNpZCI6ImI5NGVjYzQ3LTQ2MDItNDE5Zi1iMmY0LTViOTk1ODhhZjc2MSIsImlhdCI6MTc4NDc5OTY3MSwiZXhwIjoxNzg1NDA0NDcxfQ.XtqvvgxYi_43mtsjpbElbbWChpvHhFSh_eG6XYLo8oU} @ http://semiconlab-staging-alb-124259420.ap-south-1.elb.amazonaws.com/main.dart.js:55885
[  835379ms] [LOG] [ApiService] Response Status: 200 @ http://semiconlab-staging-alb-124259420.ap-south-1.elb.amazonaws.com/main.dart.js:55885
[  835379ms] [LOG] [ApiService] Response URL: http://semiconlab-staging-alb-124259420.ap-south-1.elb.amazonaws.com:3000/v1/labs-api/available-labs @ http://semiconlab-staging-alb-124259420.ap-south-1.elb.amazonaws.com/main.dart.js:55885
[  835380ms] [LOG] [AuthService] getToken() - token exists: true, token length: 327 @ http://semiconlab-staging-alb-124259420.ap-south-1.elb.amazonaws.com/main.dart.js:55885
[  835380ms] [LOG] [ApiService] GET Request: labs-api/start-status?domain_id=17 @ http://semiconlab-staging-alb-124259420.ap-south-1.elb.amazonaws.com/main.dart.js:55885
[  835380ms] [LOG] [ApiService] Headers: {Authorization: Bearer eyJhbGciOiJIUzI1NiIsInR5cCI6IkpXVCJ9.eyJlbWFpbCI6InN1cnlhLm5Ac2VtaWNvbm9zLmFpIiwic3ViIjo5NSwicm9sZSI6IkxlYXJuZXIiLCJvcmdJZCI6bnVsbCwidGVhbUlkIjpudWxsLCJhdmFpbGFibGVSb2xlcyI6W10sInNpZCI6ImI5NGVjYzQ3LTQ2MDItNDE5Zi1iMmY0LTViOTk1ODhhZjc2MSIsImlhdCI6MTc4NDc5OTY3MSwiZXhwIjoxNzg1NDA0NDcxfQ.XtqvvgxYi_43mtsjpbElbbWChpvHhFSh_eG6XYLo8oU} @ http://semiconlab-staging-alb-124259420.ap-south-1.elb.amazonaws.com/main.dart.js:55885
[  835534ms] [LOG] [ApiService] Response Status: 200 @ http://semiconlab-staging-alb-124259420.ap-south-1.elb.amazonaws.com/main.dart.js:55885
[  835534ms] [LOG] [ApiService] Response URL: http://semiconlab-staging-alb-124259420.ap-south-1.elb.amazonaws.com:3000/v1/labs-api/start-status?domain_id=17 @ http://semiconlab-staging-alb-124259420.ap-south-1.elb.amazonaws.com/main.dart.js:55885
[  840209ms] [LOG] [AuthService] getToken() - token exists: true, token length: 327 @ http://semiconlab-staging-alb-124259420.ap-south-1.elb.amazonaws.com/main.dart.js:55885
[  840209ms] [LOG] [ApiService] GET Request: labs-api/available-labs @ http://semiconlab-staging-alb-124259420.ap-south-1.elb.amazonaws.com/main.dart.js:55885
[  840209ms] [LOG] [ApiService] Headers: {Authorization: Bearer eyJhbGciOiJIUzI1NiIsInR5cCI6IkpXVCJ9.eyJlbWFpbCI6InN1cnlhLm5Ac2VtaWNvbm9zLmFpIiwic3ViIjo5NSwicm9sZSI6IkxlYXJuZXIiLCJvcmdJZCI6bnVsbCwidGVhbUlkIjpudWxsLCJhdmFpbGFibGVSb2xlcyI6W10sInNpZCI6ImI5NGVjYzQ3LTQ2MDItNDE5Zi1iMmY0LTViOTk1ODhhZjc2MSIsImlhdCI6MTc4NDc5OTY3MSwiZXhwIjoxNzg1NDA0NDcxfQ.XtqvvgxYi_43mtsjpbElbbWChpvHhFSh_eG6XYLo8oU} @ http://semiconlab-staging-alb-124259420.ap-south-1.elb.amazonaws.com/main.dart.js:55885
[  840617ms] [LOG] [ApiService] Response Status: 200 @ http://semiconlab-staging-alb-124259420.ap-south-1.elb.amazonaws.com/main.dart.js:55885
[  840617ms] [LOG] [ApiService] Response URL: http://semiconlab-staging-alb-124259420.ap-south-1.elb.amazonaws.com:3000/v1/labs-api/available-labs @ http://semiconlab-staging-alb-124259420.ap-south-1.elb.amazonaws.com/main.dart.js:55885
[  840617ms] [LOG] [AuthService] getToken() - token exists: true, token length: 327 @ http://semiconlab-staging-alb-124259420.ap-south-1.elb.amazonaws.com/main.dart.js:55885
[  840618ms] [LOG] [ApiService] GET Request: labs-api/start-status?domain_id=17 @ http://semiconlab-staging-alb-124259420.ap-south-1.elb.amazonaws.com/main.dart.js:55885
[  840618ms] [LOG] [ApiService] Headers: {Authorization: Bearer eyJhbGciOiJIUzI1NiIsInR5cCI6IkpXVCJ9.eyJlbWFpbCI6InN1cnlhLm5Ac2VtaWNvbm9zLmFpIiwic3ViIjo5NSwicm9sZSI6IkxlYXJuZXIiLCJvcmdJZCI6bnVsbCwidGVhbUlkIjpudWxsLCJhdmFpbGFibGVSb2xlcyI6W10sInNpZCI6ImI5NGVjYzQ3LTQ2MDItNDE5Zi1iMmY0LTViOTk1ODhhZjc2MSIsImlhdCI6MTc4NDc5OTY3MSwiZXhwIjoxNzg1NDA0NDcxfQ.XtqvvgxYi_43mtsjpbElbbWChpvHhFSh_eG6XYLo8oU} @ http://semiconlab-staging-alb-124259420.ap-south-1.elb.amazonaws.com/main.dart.js:55885
[  840982ms] [LOG] [ApiService] Response Status: 200 @ http://semiconlab-staging-alb-124259420.ap-south-1.elb.amazonaws.com/main.dart.js:55885
[  840982ms] [LOG] [ApiService] Response URL: http://semiconlab-staging-alb-124259420.ap-south-1.elb.amazonaws.com:3000/v1/labs-api/start-status?domain_id=17 @ http://semiconlab-staging-alb-124259420.ap-south-1.elb.amazonaws.com/main.dart.js:55885
[  845209ms] [LOG] [AuthService] getToken() - token exists: true, token length: 327 @ http://semiconlab-staging-alb-124259420.ap-south-1.elb.amazonaws.com/main.dart.js:55885
[  845209ms] [LOG] [ApiService] GET Request: labs-api/available-labs @ http://semiconlab-staging-alb-124259420.ap-south-1.elb.amazonaws.com/main.dart.js:55885
[  845209ms] [LOG] [ApiService] Headers: {Authorization: Bearer eyJhbGciOiJIUzI1NiIsInR5cCI6IkpXVCJ9.eyJlbWFpbCI6InN1cnlhLm5Ac2VtaWNvbm9zLmFpIiwic3ViIjo5NSwicm9sZSI6IkxlYXJuZXIiLCJvcmdJZCI6bnVsbCwidGVhbUlkIjpudWxsLCJhdmFpbGFibGVSb2xlcyI6W10sInNpZCI6ImI5NGVjYzQ3LTQ2MDItNDE5Zi1iMmY0LTViOTk1ODhhZjc2MSIsImlhdCI6MTc4NDc5OTY3MSwiZXhwIjoxNzg1NDA0NDcxfQ.XtqvvgxYi_43mtsjpbElbbWChpvHhFSh_eG6XYLo8oU} @ http://semiconlab-staging-alb-124259420.ap-south-1.elb.amazonaws.com/main.dart.js:55885
[  845353ms] [LOG] [ApiService] Response Status: 200 @ http://semiconlab-staging-alb-124259420.ap-south-1.elb.amazonaws.com/main.dart.js:55885
[  845353ms] [LOG] [ApiService] Response URL: http://semiconlab-staging-alb-124259420.ap-south-1.elb.amazonaws.com:3000/v1/labs-api/available-labs @ http://semiconlab-staging-alb-124259420.ap-south-1.elb.amazonaws.com/main.dart.js:55885
[  845353ms] [LOG] [AuthService] getToken() - token exists: true, token length: 327 @ http://semiconlab-staging-alb-124259420.ap-south-1.elb.amazonaws.com/main.dart.js:55885
[  845354ms] [LOG] [ApiService] GET Request: labs-api/start-status?domain_id=17 @ http://semiconlab-staging-alb-124259420.ap-south-1.elb.amazonaws.com/main.dart.js:55885
[  845354ms] [LOG] [ApiService] Headers: {Authorization: Bearer eyJhbGciOiJIUzI1NiIsInR5cCI6IkpXVCJ9.eyJlbWFpbCI6InN1cnlhLm5Ac2VtaWNvbm9zLmFpIiwic3ViIjo5NSwicm9sZSI6IkxlYXJuZXIiLCJvcmdJZCI6bnVsbCwidGVhbUlkIjpudWxsLCJhdmFpbGFibGVSb2xlcyI6W10sInNpZCI6ImI5NGVjYzQ3LTQ2MDItNDE5Zi1iMmY0LTViOTk1ODhhZjc2MSIsImlhdCI6MTc4NDc5OTY3MSwiZXhwIjoxNzg1NDA0NDcxfQ.XtqvvgxYi_43mtsjpbElbbWChpvHhFSh_eG6XYLo8oU} @ http://semiconlab-staging-alb-124259420.ap-south-1.elb.amazonaws.com/main.dart.js:55885
[  845395ms] [LOG] [ApiService] Response Status: 200 @ http://semiconlab-staging-alb-124259420.ap-south-1.elb.amazonaws.com/main.dart.js:55885
[  845395ms] [LOG] [ApiService] Response URL: http://semiconlab-staging-alb-124259420.ap-south-1.elb.amazonaws.com:3000/v1/labs-api/start-status?domain_id=17 @ http://semiconlab-staging-alb-124259420.ap-south-1.elb.amazonaws.com/main.dart.js:55885
[  850208ms] [LOG] [AuthService] getToken() - token exists: true, token length: 327 @ http://semiconlab-staging-alb-124259420.ap-south-1.elb.amazonaws.com/main.dart.js:55885
[  850209ms] [LOG] [ApiService] GET Request: labs-api/available-labs @ http://semiconlab-staging-alb-124259420.ap-south-1.elb.amazonaws.com/main.dart.js:55885
[  850209ms] [LOG] [ApiService] Headers: {Authorization: Bearer eyJhbGciOiJIUzI1NiIsInR5cCI6IkpXVCJ9.eyJlbWFpbCI6InN1cnlhLm5Ac2VtaWNvbm9zLmFpIiwic3ViIjo5NSwicm9sZSI6IkxlYXJuZXIiLCJvcmdJZCI6bnVsbCwidGVhbUlkIjpudWxsLCJhdmFpbGFibGVSb2xlcyI6W10sInNpZCI6ImI5NGVjYzQ3LTQ2MDItNDE5Zi1iMmY0LTViOTk1ODhhZjc2MSIsImlhdCI6MTc4NDc5OTY3MSwiZXhwIjoxNzg1NDA0NDcxfQ.XtqvvgxYi_43mtsjpbElbbWChpvHhFSh_eG6XYLo8oU} @ http://semiconlab-staging-alb-124259420.ap-south-1.elb.amazonaws.com/main.dart.js:55885
[  850323ms] [LOG] [ApiService] Response Status: 200 @ http://semiconlab-staging-alb-124259420.ap-south-1.elb.amazonaws.com/main.dart.js:55885
[  850323ms] [LOG] [ApiService] Response URL: http://semiconlab-staging-alb-124259420.ap-south-1.elb.amazonaws.com:3000/v1/labs-api/available-labs @ http://semiconlab-staging-alb-124259420.ap-south-1.elb.amazonaws.com/main.dart.js:55885
[  850324ms] [LOG] [AuthService] getToken() - token exists: true, token length: 327 @ http://semiconlab-staging-alb-124259420.ap-south-1.elb.amazonaws.com/main.dart.js:55885
[  850324ms] [LOG] [ApiService] GET Request: labs-api/start-status?domain_id=17 @ http://semiconlab-staging-alb-124259420.ap-south-1.elb.amazonaws.com/main.dart.js:55885
[  850324ms] [LOG] [ApiService] Headers: {Authorization: Bearer eyJhbGciOiJIUzI1NiIsInR5cCI6IkpXVCJ9.eyJlbWFpbCI6InN1cnlhLm5Ac2VtaWNvbm9zLmFpIiwic3ViIjo5NSwicm9sZSI6IkxlYXJuZXIiLCJvcmdJZCI6bnVsbCwidGVhbUlkIjpudWxsLCJhdmFpbGFibGVSb2xlcyI6W10sInNpZCI6ImI5NGVjYzQ3LTQ2MDItNDE5Zi1iMmY0LTViOTk1ODhhZjc2MSIsImlhdCI6MTc4NDc5OTY3MSwiZXhwIjoxNzg1NDA0NDcxfQ.XtqvvgxYi_43mtsjpbElbbWChpvHhFSh_eG6XYLo8oU} @ http://semiconlab-staging-alb-124259420.ap-south-1.elb.amazonaws.com/main.dart.js:55885
[  850397ms] [LOG] [ApiService] Response Status: 200 @ http://semiconlab-staging-alb-124259420.ap-south-1.elb.amazonaws.com/main.dart.js:55885
[  850397ms] [LOG] [ApiService] Response URL: http://semiconlab-staging-alb-124259420.ap-south-1.elb.amazonaws.com:3000/v1/labs-api/start-status?domain_id=17 @ http://semiconlab-staging-alb-124259420.ap-south-1.elb.amazonaws.com/main.dart.js:55885
[  855209ms] [LOG] [AuthService] getToken() - token exists: true, token length: 327 @ http://semiconlab-staging-alb-124259420.ap-south-1.elb.amazonaws.com/main.dart.js:55885
[  855209ms] [LOG] [ApiService] GET Request: labs-api/available-labs @ http://semiconlab-staging-alb-124259420.ap-south-1.elb.amazonaws.com/main.dart.js:55885
[  855210ms] [LOG] [ApiService] Headers: {Authorization: Bearer eyJhbGciOiJIUzI1NiIsInR5cCI6IkpXVCJ9.eyJlbWFpbCI6InN1cnlhLm5Ac2VtaWNvbm9zLmFpIiwic3ViIjo5NSwicm9sZSI6IkxlYXJuZXIiLCJvcmdJZCI6bnVsbCwidGVhbUlkIjpudWxsLCJhdmFpbGFibGVSb2xlcyI6W10sInNpZCI6ImI5NGVjYzQ3LTQ2MDItNDE5Zi1iMmY0LTViOTk1ODhhZjc2MSIsImlhdCI6MTc4NDc5OTY3MSwiZXhwIjoxNzg1NDA0NDcxfQ.XtqvvgxYi_43mtsjpbElbbWChpvHhFSh_eG6XYLo8oU} @ http://semiconlab-staging-alb-124259420.ap-south-1.elb.amazonaws.com/main.dart.js:55885
[  855349ms] [LOG] [ApiService] Response Status: 200 @ http://semiconlab-staging-alb-124259420.ap-south-1.elb.amazonaws.com/main.dart.js:55885
[  855349ms] [LOG] [ApiService] Response URL: http://semiconlab-staging-alb-124259420.ap-south-1.elb.amazonaws.com:3000/v1/labs-api/available-labs @ http://semiconlab-staging-alb-124259420.ap-south-1.elb.amazonaws.com/main.dart.js:55885
[  855349ms] [LOG] [AuthService] getToken() - token exists: true, token length: 327 @ http://semiconlab-staging-alb-124259420.ap-south-1.elb.amazonaws.com/main.dart.js:55885
[  855350ms] [LOG] [ApiService] GET Request: labs-api/start-status?domain_id=17 @ http://semiconlab-staging-alb-124259420.ap-south-1.elb.amazonaws.com/main.dart.js:55885
[  855350ms] [LOG] [ApiService] Headers: {Authorization: Bearer eyJhbGciOiJIUzI1NiIsInR5cCI6IkpXVCJ9.eyJlbWFpbCI6InN1cnlhLm5Ac2VtaWNvbm9zLmFpIiwic3ViIjo5NSwicm9sZSI6IkxlYXJuZXIiLCJvcmdJZCI6bnVsbCwidGVhbUlkIjpudWxsLCJhdmFpbGFibGVSb2xlcyI6W10sInNpZCI6ImI5NGVjYzQ3LTQ2MDItNDE5Zi1iMmY0LTViOTk1ODhhZjc2MSIsImlhdCI6MTc4NDc5OTY3MSwiZXhwIjoxNzg1NDA0NDcxfQ.XtqvvgxYi_43mtsjpbElbbWChpvHhFSh_eG6XYLo8oU} @ http://semiconlab-staging-alb-124259420.ap-south-1.elb.amazonaws.com/main.dart.js:55885
[  855395ms] [LOG] [ApiService] Response Status: 200 @ http://semiconlab-staging-alb-124259420.ap-south-1.elb.amazonaws.com/main.dart.js:55885
[  855395ms] [LOG] [ApiService] Response URL: http://semiconlab-staging-alb-124259420.ap-south-1.elb.amazonaws.com:3000/v1/labs-api/start-status?domain_id=17 @ http://semiconlab-staging-alb-124259420.ap-south-1.elb.amazonaws.com/main.dart.js:55885
[  860208ms] [LOG] [AuthService] getToken() - token exists: true, token length: 327 @ http://semiconlab-staging-alb-124259420.ap-south-1.elb.amazonaws.com/main.dart.js:55885
[  860209ms] [LOG] [ApiService] GET Request: labs-api/available-labs @ http://semiconlab-staging-alb-124259420.ap-south-1.elb.amazonaws.com/main.dart.js:55885
[  860209ms] [LOG] [ApiService] Headers: {Authorization: Bearer eyJhbGciOiJIUzI1NiIsInR5cCI6IkpXVCJ9.eyJlbWFpbCI6InN1cnlhLm5Ac2VtaWNvbm9zLmFpIiwic3ViIjo5NSwicm9sZSI6IkxlYXJuZXIiLCJvcmdJZCI6bnVsbCwidGVhbUlkIjpudWxsLCJhdmFpbGFibGVSb2xlcyI6W10sInNpZCI6ImI5NGVjYzQ3LTQ2MDItNDE5Zi1iMmY0LTViOTk1ODhhZjc2MSIsImlhdCI6MTc4NDc5OTY3MSwiZXhwIjoxNzg1NDA0NDcxfQ.XtqvvgxYi_43mtsjpbElbbWChpvHhFSh_eG6XYLo8oU} @ http://semiconlab-staging-alb-124259420.ap-south-1.elb.amazonaws.com/main.dart.js:55885
[  860326ms] [LOG] [ApiService] Response Status: 200 @ http://semiconlab-staging-alb-124259420.ap-south-1.elb.amazonaws.com/main.dart.js:55885
[  860326ms] [LOG] [ApiService] Response URL: http://semiconlab-staging-alb-124259420.ap-south-1.elb.amazonaws.com:3000/v1/labs-api/available-labs @ http://semiconlab-staging-alb-124259420.ap-south-1.elb.amazonaws.com/main.dart.js:55885
[  860326ms] [LOG] [AuthService] getToken() - token exists: true, token length: 327 @ http://semiconlab-staging-alb-124259420.ap-south-1.elb.amazonaws.com/main.dart.js:55885
[  860327ms] [LOG] [ApiService] GET Request: labs-api/start-status?domain_id=17 @ http://semiconlab-staging-alb-124259420.ap-south-1.elb.amazonaws.com/main.dart.js:55885
[  860327ms] [LOG] [ApiService] Headers: {Authorization: Bearer eyJhbGciOiJIUzI1NiIsInR5cCI6IkpXVCJ9.eyJlbWFpbCI6InN1cnlhLm5Ac2VtaWNvbm9zLmFpIiwic3ViIjo5NSwicm9sZSI6IkxlYXJuZXIiLCJvcmdJZCI6bnVsbCwidGVhbUlkIjpudWxsLCJhdmFpbGFibGVSb2xlcyI6W10sInNpZCI6ImI5NGVjYzQ3LTQ2MDItNDE5Zi1iMmY0LTViOTk1ODhhZjc2MSIsImlhdCI6MTc4NDc5OTY3MSwiZXhwIjoxNzg1NDA0NDcxfQ.XtqvvgxYi_43mtsjpbElbbWChpvHhFSh_eG6XYLo8oU} @ http://semiconlab-staging-alb-124259420.ap-south-1.elb.amazonaws.com/main.dart.js:55885
[  860391ms] [LOG] [ApiService] Response Status: 200 @ http://semiconlab-staging-alb-124259420.ap-south-1.elb.amazonaws.com/main.dart.js:55885
[  860391ms] [LOG] [ApiService] Response URL: http://semiconlab-staging-alb-124259420.ap-south-1.elb.amazonaws.com:3000/v1/labs-api/start-status?domain_id=17 @ http://semiconlab-staging-alb-124259420.ap-south-1.elb.amazonaws.com/main.dart.js:55885
[  865208ms] [LOG] [AuthService] getToken() - token exists: true, token length: 327 @ http://semiconlab-staging-alb-124259420.ap-south-1.elb.amazonaws.com/main.dart.js:55885
[  865209ms] [LOG] [ApiService] GET Request: labs-api/available-labs @ http://semiconlab-staging-alb-124259420.ap-south-1.elb.amazonaws.com/main.dart.js:55885
[  865209ms] [LOG] [ApiService] Headers: {Authorization: Bearer eyJhbGciOiJIUzI1NiIsInR5cCI6IkpXVCJ9.eyJlbWFpbCI6InN1cnlhLm5Ac2VtaWNvbm9zLmFpIiwic3ViIjo5NSwicm9sZSI6IkxlYXJuZXIiLCJvcmdJZCI6bnVsbCwidGVhbUlkIjpudWxsLCJhdmFpbGFibGVSb2xlcyI6W10sInNpZCI6ImI5NGVjYzQ3LTQ2MDItNDE5Zi1iMmY0LTViOTk1ODhhZjc2MSIsImlhdCI6MTc4NDc5OTY3MSwiZXhwIjoxNzg1NDA0NDcxfQ.XtqvvgxYi_43mtsjpbElbbWChpvHhFSh_eG6XYLo8oU} @ http://semiconlab-staging-alb-124259420.ap-south-1.elb.amazonaws.com/main.dart.js:55885
[  865359ms] [LOG] [ApiService] Response Status: 200 @ http://semiconlab-staging-alb-124259420.ap-south-1.elb.amazonaws.com/main.dart.js:55885
[  865359ms] [LOG] [ApiService] Response URL: http://semiconlab-staging-alb-124259420.ap-south-1.elb.amazonaws.com:3000/v1/labs-api/available-labs @ http://semiconlab-staging-alb-124259420.ap-south-1.elb.amazonaws.com/main.dart.js:55885
[  865359ms] [LOG] [AuthService] getToken() - token exists: true, token length: 327 @ http://semiconlab-staging-alb-124259420.ap-south-1.elb.amazonaws.com/main.dart.js:55885
[  865360ms] [LOG] [ApiService] GET Request: labs-api/start-status?domain_id=17 @ http://semiconlab-staging-alb-124259420.ap-south-1.elb.amazonaws.com/main.dart.js:55885
[  865360ms] [LOG] [ApiService] Headers: {Authorization: Bearer eyJhbGciOiJIUzI1NiIsInR5cCI6IkpXVCJ9.eyJlbWFpbCI6InN1cnlhLm5Ac2VtaWNvbm9zLmFpIiwic3ViIjo5NSwicm9sZSI6IkxlYXJuZXIiLCJvcmdJZCI6bnVsbCwidGVhbUlkIjpudWxsLCJhdmFpbGFibGVSb2xlcyI6W10sInNpZCI6ImI5NGVjYzQ3LTQ2MDItNDE5Zi1iMmY0LTViOTk1ODhhZjc2MSIsImlhdCI6MTc4NDc5OTY3MSwiZXhwIjoxNzg1NDA0NDcxfQ.XtqvvgxYi_43mtsjpbElbbWChpvHhFSh_eG6XYLo8oU} @ http://semiconlab-staging-alb-124259420.ap-south-1.elb.amazonaws.com/main.dart.js:55885
[  865432ms] [LOG] [ApiService] Response Status: 200 @ http://semiconlab-staging-alb-124259420.ap-south-1.elb.amazonaws.com/main.dart.js:55885
[  865433ms] [LOG] [ApiService] Response URL: http://semiconlab-staging-alb-124259420.ap-south-1.elb.amazonaws.com:3000/v1/labs-api/start-status?domain_id=17 @ http://semiconlab-staging-alb-124259420.ap-south-1.elb.amazonaws.com/main.dart.js:55885
[  870208ms] [LOG] [AuthService] getToken() - token exists: true, token length: 327 @ http://semiconlab-staging-alb-124259420.ap-south-1.elb.amazonaws.com/main.dart.js:55885
[  870209ms] [LOG] [ApiService] GET Request: labs-api/available-labs @ http://semiconlab-staging-alb-124259420.ap-south-1.elb.amazonaws.com/main.dart.js:55885
[  870209ms] [LOG] [ApiService] Headers: {Authorization: Bearer eyJhbGciOiJIUzI1NiIsInR5cCI6IkpXVCJ9.eyJlbWFpbCI6InN1cnlhLm5Ac2VtaWNvbm9zLmFpIiwic3ViIjo5NSwicm9sZSI6IkxlYXJuZXIiLCJvcmdJZCI6bnVsbCwidGVhbUlkIjpudWxsLCJhdmFpbGFibGVSb2xlcyI6W10sInNpZCI6ImI5NGVjYzQ3LTQ2MDItNDE5Zi1iMmY0LTViOTk1ODhhZjc2MSIsImlhdCI6MTc4NDc5OTY3MSwiZXhwIjoxNzg1NDA0NDcxfQ.XtqvvgxYi_43mtsjpbElbbWChpvHhFSh_eG6XYLo8oU} @ http://semiconlab-staging-alb-124259420.ap-south-1.elb.amazonaws.com/main.dart.js:55885
[  870335ms] [LOG] [ApiService] Response Status: 200 @ http://semiconlab-staging-alb-124259420.ap-south-1.elb.amazonaws.com/main.dart.js:55885
[  870336ms] [LOG] [ApiService] Response URL: http://semiconlab-staging-alb-124259420.ap-south-1.elb.amazonaws.com:3000/v1/labs-api/available-labs @ http://semiconlab-staging-alb-124259420.ap-south-1.elb.amazonaws.com/main.dart.js:55885
[  870336ms] [LOG] [AuthService] getToken() - token exists: true, token length: 327 @ http://semiconlab-staging-alb-124259420.ap-south-1.elb.amazonaws.com/main.dart.js:55885
[  870336ms] [LOG] [ApiService] GET Request: labs-api/start-status?domain_id=17 @ http://semiconlab-staging-alb-124259420.ap-south-1.elb.amazonaws.com/main.dart.js:55885
[  870336ms] [LOG] [ApiService] Headers: {Authorization: Bearer eyJhbGciOiJIUzI1NiIsInR5cCI6IkpXVCJ9.eyJlbWFpbCI6InN1cnlhLm5Ac2VtaWNvbm9zLmFpIiwic3ViIjo5NSwicm9sZSI6IkxlYXJuZXIiLCJvcmdJZCI6bnVsbCwidGVhbUlkIjpudWxsLCJhdmFpbGFibGVSb2xlcyI6W10sInNpZCI6ImI5NGVjYzQ3LTQ2MDItNDE5Zi1iMmY0LTViOTk1ODhhZjc2MSIsImlhdCI6MTc4NDc5OTY3MSwiZXhwIjoxNzg1NDA0NDcxfQ.XtqvvgxYi_43mtsjpbElbbWChpvHhFSh_eG6XYLo8oU} @ http://semiconlab-staging-alb-124259420.ap-south-1.elb.amazonaws.com/main.dart.js:55885
[  870380ms] [LOG] [ApiService] Response Status: 200 @ http://semiconlab-staging-alb-124259420.ap-south-1.elb.amazonaws.com/main.dart.js:55885
[  870381ms] [LOG] [ApiService] Response URL: http://semiconlab-staging-alb-124259420.ap-south-1.elb.amazonaws.com:3000/v1/labs-api/start-status?domain_id=17 @ http://semiconlab-staging-alb-124259420.ap-south-1.elb.amazonaws.com/main.dart.js:55885
[  875209ms] [LOG] [AuthService] getToken() - token exists: true, token length: 327 @ http://semiconlab-staging-alb-124259420.ap-south-1.elb.amazonaws.com/main.dart.js:55885
[  875209ms] [LOG] [ApiService] GET Request: labs-api/available-labs @ http://semiconlab-staging-alb-124259420.ap-south-1.elb.amazonaws.com/main.dart.js:55885
[  875209ms] [LOG] [ApiService] Headers: {Authorization: Bearer eyJhbGciOiJIUzI1NiIsInR5cCI6IkpXVCJ9.eyJlbWFpbCI6InN1cnlhLm5Ac2VtaWNvbm9zLmFpIiwic3ViIjo5NSwicm9sZSI6IkxlYXJuZXIiLCJvcmdJZCI6bnVsbCwidGVhbUlkIjpudWxsLCJhdmFpbGFibGVSb2xlcyI6W10sInNpZCI6ImI5NGVjYzQ3LTQ2MDItNDE5Zi1iMmY0LTViOTk1ODhhZjc2MSIsImlhdCI6MTc4NDc5OTY3MSwiZXhwIjoxNzg1NDA0NDcxfQ.XtqvvgxYi_43mtsjpbElbbWChpvHhFSh_eG6XYLo8oU} @ http://semiconlab-staging-alb-124259420.ap-south-1.elb.amazonaws.com/main.dart.js:55885
[  875353ms] [LOG] [ApiService] Response Status: 200 @ http://semiconlab-staging-alb-124259420.ap-south-1.elb.amazonaws.com/main.dart.js:55885
[  875354ms] [LOG] [ApiService] Response URL: http://semiconlab-staging-alb-124259420.ap-south-1.elb.amazonaws.com:3000/v1/labs-api/available-labs @ http://semiconlab-staging-alb-124259420.ap-south-1.elb.amazonaws.com/main.dart.js:55885
[  875354ms] [LOG] [AuthService] getToken() - token exists: true, token length: 327 @ http://semiconlab-staging-alb-124259420.ap-south-1.elb.amazonaws.com/main.dart.js:55885
[  875354ms] [LOG] [ApiService] GET Request: labs-api/start-status?domain_id=17 @ http://semiconlab-staging-alb-124259420.ap-south-1.elb.amazonaws.com/main.dart.js:55885
[  875354ms] [LOG] [ApiService] Headers: {Authorization: Bearer eyJhbGciOiJIUzI1NiIsInR5cCI6IkpXVCJ9.eyJlbWFpbCI6InN1cnlhLm5Ac2VtaWNvbm9zLmFpIiwic3ViIjo5NSwicm9sZSI6IkxlYXJuZXIiLCJvcmdJZCI6bnVsbCwidGVhbUlkIjpudWxsLCJhdmFpbGFibGVSb2xlcyI6W10sInNpZCI6ImI5NGVjYzQ3LTQ2MDItNDE5Zi1iMmY0LTViOTk1ODhhZjc2MSIsImlhdCI6MTc4NDc5OTY3MSwiZXhwIjoxNzg1NDA0NDcxfQ.XtqvvgxYi_43mtsjpbElbbWChpvHhFSh_eG6XYLo8oU} @ http://semiconlab-staging-alb-124259420.ap-south-1.elb.amazonaws.com/main.dart.js:55885
[  875425ms] [LOG] [ApiService] Response Status: 200 @ http://semiconlab-staging-alb-124259420.ap-south-1.elb.amazonaws.com/main.dart.js:55885
[  875425ms] [LOG] [ApiService] Response URL: http://semiconlab-staging-alb-124259420.ap-south-1.elb.amazonaws.com:3000/v1/labs-api/start-status?domain_id=17 @ http://semiconlab-staging-alb-124259420.ap-south-1.elb.amazonaws.com/main.dart.js:55885
[  880209ms] [LOG] [AuthService] getToken() - token exists: true, token length: 327 @ http://semiconlab-staging-alb-124259420.ap-south-1.elb.amazonaws.com/main.dart.js:55885
[  880209ms] [LOG] [ApiService] GET Request: labs-api/available-labs @ http://semiconlab-staging-alb-124259420.ap-south-1.elb.amazonaws.com/main.dart.js:55885
[  880209ms] [LOG] [ApiService] Headers: {Authorization: Bearer eyJhbGciOiJIUzI1NiIsInR5cCI6IkpXVCJ9.eyJlbWFpbCI6InN1cnlhLm5Ac2VtaWNvbm9zLmFpIiwic3ViIjo5NSwicm9sZSI6IkxlYXJuZXIiLCJvcmdJZCI6bnVsbCwidGVhbUlkIjpudWxsLCJhdmFpbGFibGVSb2xlcyI6W10sInNpZCI6ImI5NGVjYzQ3LTQ2MDItNDE5Zi1iMmY0LTViOTk1ODhhZjc2MSIsImlhdCI6MTc4NDc5OTY3MSwiZXhwIjoxNzg1NDA0NDcxfQ.XtqvvgxYi_43mtsjpbElbbWChpvHhFSh_eG6XYLo8oU} @ http://semiconlab-staging-alb-124259420.ap-south-1.elb.amazonaws.com/main.dart.js:55885
[  880329ms] [LOG] [ApiService] Response Status: 200 @ http://semiconlab-staging-alb-124259420.ap-south-1.elb.amazonaws.com/main.dart.js:55885
[  880329ms] [LOG] [ApiService] Response URL: http://semiconlab-staging-alb-124259420.ap-south-1.elb.amazonaws.com:3000/v1/labs-api/available-labs @ http://semiconlab-staging-alb-124259420.ap-south-1.elb.amazonaws.com/main.dart.js:55885
[  880329ms] [LOG] [AuthService] getToken() - token exists: true, token length: 327 @ http://semiconlab-staging-alb-124259420.ap-south-1.elb.amazonaws.com/main.dart.js:55885
[  880330ms] [LOG] [ApiService] GET Request: labs-api/start-status?domain_id=17 @ http://semiconlab-staging-alb-124259420.ap-south-1.elb.amazonaws.com/main.dart.js:55885
[  880330ms] [LOG] [ApiService] Headers: {Authorization: Bearer eyJhbGciOiJIUzI1NiIsInR5cCI6IkpXVCJ9.eyJlbWFpbCI6InN1cnlhLm5Ac2VtaWNvbm9zLmFpIiwic3ViIjo5NSwicm9sZSI6IkxlYXJuZXIiLCJvcmdJZCI6bnVsbCwidGVhbUlkIjpudWxsLCJhdmFpbGFibGVSb2xlcyI6W10sInNpZCI6ImI5NGVjYzQ3LTQ2MDItNDE5Zi1iMmY0LTViOTk1ODhhZjc2MSIsImlhdCI6MTc4NDc5OTY3MSwiZXhwIjoxNzg1NDA0NDcxfQ.XtqvvgxYi_43mtsjpbElbbWChpvHhFSh_eG6XYLo8oU} @ http://semiconlab-staging-alb-124259420.ap-south-1.elb.amazonaws.com/main.dart.js:55885
[  880378ms] [LOG] [ApiService] Response Status: 200 @ http://semiconlab-staging-alb-124259420.ap-south-1.elb.amazonaws.com/main.dart.js:55885
[  880378ms] [LOG] [ApiService] Response URL: http://semiconlab-staging-alb-124259420.ap-south-1.elb.amazonaws.com:3000/v1/labs-api/start-status?domain_id=17 @ http://semiconlab-staging-alb-124259420.ap-south-1.elb.amazonaws.com/main.dart.js:55885
[  885209ms] [LOG] [AuthService] getToken() - token exists: true, token length: 327 @ http://semiconlab-staging-alb-124259420.ap-south-1.elb.amazonaws.com/main.dart.js:55885
[  885209ms] [LOG] [ApiService] GET Request: labs-api/available-labs @ http://semiconlab-staging-alb-124259420.ap-south-1.elb.amazonaws.com/main.dart.js:55885
[  885209ms] [LOG] [ApiService] Headers: {Authorization: Bearer eyJhbGciOiJIUzI1NiIsInR5cCI6IkpXVCJ9.eyJlbWFpbCI6InN1cnlhLm5Ac2VtaWNvbm9zLmFpIiwic3ViIjo5NSwicm9sZSI6IkxlYXJuZXIiLCJvcmdJZCI6bnVsbCwidGVhbUlkIjpudWxsLCJhdmFpbGFibGVSb2xlcyI6W10sInNpZCI6ImI5NGVjYzQ3LTQ2MDItNDE5Zi1iMmY0LTViOTk1ODhhZjc2MSIsImlhdCI6MTc4NDc5OTY3MSwiZXhwIjoxNzg1NDA0NDcxfQ.XtqvvgxYi_43mtsjpbElbbWChpvHhFSh_eG6XYLo8oU} @ http://semiconlab-staging-alb-124259420.ap-south-1.elb.amazonaws.com/main.dart.js:55885
[  885346ms] [LOG] [ApiService] Response Status: 200 @ http://semiconlab-staging-alb-124259420.ap-south-1.elb.amazonaws.com/main.dart.js:55885
[  885346ms] [LOG] [ApiService] Response URL: http://semiconlab-staging-alb-124259420.ap-south-1.elb.amazonaws.com:3000/v1/labs-api/available-labs @ http://semiconlab-staging-alb-124259420.ap-south-1.elb.amazonaws.com/main.dart.js:55885
[  885346ms] [LOG] [AuthService] getToken() - token exists: true, token length: 327 @ http://semiconlab-staging-alb-124259420.ap-south-1.elb.amazonaws.com/main.dart.js:55885
[  885346ms] [LOG] [ApiService] GET Request: labs-api/start-status?domain_id=17 @ http://semiconlab-staging-alb-124259420.ap-south-1.elb.amazonaws.com/main.dart.js:55885
[  885347ms] [LOG] [ApiService] Headers: {Authorization: Bearer eyJhbGciOiJIUzI1NiIsInR5cCI6IkpXVCJ9.eyJlbWFpbCI6InN1cnlhLm5Ac2VtaWNvbm9zLmFpIiwic3ViIjo5NSwicm9sZSI6IkxlYXJuZXIiLCJvcmdJZCI6bnVsbCwidGVhbUlkIjpudWxsLCJhdmFpbGFibGVSb2xlcyI6W10sInNpZCI6ImI5NGVjYzQ3LTQ2MDItNDE5Zi1iMmY0LTViOTk1ODhhZjc2MSIsImlhdCI6MTc4NDc5OTY3MSwiZXhwIjoxNzg1NDA0NDcxfQ.XtqvvgxYi_43mtsjpbElbbWChpvHhFSh_eG6XYLo8oU} @ http://semiconlab-staging-alb-124259420.ap-south-1.elb.amazonaws.com/main.dart.js:55885
[  885418ms] [LOG] [ApiService] Response Status: 200 @ http://semiconlab-staging-alb-124259420.ap-south-1.elb.amazonaws.com/main.dart.js:55885
[  885418ms] [LOG] [ApiService] Response URL: http://semiconlab-staging-alb-124259420.ap-south-1.elb.amazonaws.com:3000/v1/labs-api/start-status?domain_id=17 @ http://semiconlab-staging-alb-124259420.ap-south-1.elb.amazonaws.com/main.dart.js:55885
[  890209ms] [LOG] [AuthService] getToken() - token exists: true, token length: 327 @ http://semiconlab-staging-alb-124259420.ap-south-1.elb.amazonaws.com/main.dart.js:55885
[  890209ms] [LOG] [ApiService] GET Request: labs-api/available-labs @ http://semiconlab-staging-alb-124259420.ap-south-1.elb.amazonaws.com/main.dart.js:55885
[  890209ms] [LOG] [ApiService] Headers: {Authorization: Bearer eyJhbGciOiJIUzI1NiIsInR5cCI6IkpXVCJ9.eyJlbWFpbCI6InN1cnlhLm5Ac2VtaWNvbm9zLmFpIiwic3ViIjo5NSwicm9sZSI6IkxlYXJuZXIiLCJvcmdJZCI6bnVsbCwidGVhbUlkIjpudWxsLCJhdmFpbGFibGVSb2xlcyI6W10sInNpZCI6ImI5NGVjYzQ3LTQ2MDItNDE5Zi1iMmY0LTViOTk1ODhhZjc2MSIsImlhdCI6MTc4NDc5OTY3MSwiZXhwIjoxNzg1NDA0NDcxfQ.XtqvvgxYi_43mtsjpbElbbWChpvHhFSh_eG6XYLo8oU} @ http://semiconlab-staging-alb-124259420.ap-south-1.elb.amazonaws.com/main.dart.js:55885
[  890321ms] [LOG] [ApiService] Response Status: 200 @ http://semiconlab-staging-alb-124259420.ap-south-1.elb.amazonaws.com/main.dart.js:55885
[  890321ms] [LOG] [ApiService] Response URL: http://semiconlab-staging-alb-124259420.ap-south-1.elb.amazonaws.com:3000/v1/labs-api/available-labs @ http://semiconlab-staging-alb-124259420.ap-south-1.elb.amazonaws.com/main.dart.js:55885
[  890321ms] [LOG] [AuthService] getToken() - token exists: true, token length: 327 @ http://semiconlab-staging-alb-124259420.ap-south-1.elb.amazonaws.com/main.dart.js:55885
[  890322ms] [LOG] [ApiService] GET Request: labs-api/start-status?domain_id=17 @ http://semiconlab-staging-alb-124259420.ap-south-1.elb.amazonaws.com/main.dart.js:55885
[  890322ms] [LOG] [ApiService] Headers: {Authorization: Bearer eyJhbGciOiJIUzI1NiIsInR5cCI6IkpXVCJ9.eyJlbWFpbCI6InN1cnlhLm5Ac2VtaWNvbm9zLmFpIiwic3ViIjo5NSwicm9sZSI6IkxlYXJuZXIiLCJvcmdJZCI6bnVsbCwidGVhbUlkIjpudWxsLCJhdmFpbGFibGVSb2xlcyI6W10sInNpZCI6ImI5NGVjYzQ3LTQ2MDItNDE5Zi1iMmY0LTViOTk1ODhhZjc2MSIsImlhdCI6MTc4NDc5OTY3MSwiZXhwIjoxNzg1NDA0NDcxfQ.XtqvvgxYi_43mtsjpbElbbWChpvHhFSh_eG6XYLo8oU} @ http://semiconlab-staging-alb-124259420.ap-south-1.elb.amazonaws.com/main.dart.js:55885
[  890362ms] [LOG] [ApiService] Response Status: 200 @ http://semiconlab-staging-alb-124259420.ap-south-1.elb.amazonaws.com/main.dart.js:55885
[  890362ms] [LOG] [ApiService] Response URL: http://semiconlab-staging-alb-124259420.ap-south-1.elb.amazonaws.com:3000/v1/labs-api/start-status?domain_id=17 @ http://semiconlab-staging-alb-124259420.ap-south-1.elb.amazonaws.com/main.dart.js:55885
[  895209ms] [LOG] [AuthService] getToken() - token exists: true, token length: 327 @ http://semiconlab-staging-alb-124259420.ap-south-1.elb.amazonaws.com/main.dart.js:55885
[  895209ms] [LOG] [ApiService] GET Request: labs-api/available-labs @ http://semiconlab-staging-alb-124259420.ap-south-1.elb.amazonaws.com/main.dart.js:55885
[  895209ms] [LOG] [ApiService] Headers: {Authorization: Bearer eyJhbGciOiJIUzI1NiIsInR5cCI6IkpXVCJ9.eyJlbWFpbCI6InN1cnlhLm5Ac2VtaWNvbm9zLmFpIiwic3ViIjo5NSwicm9sZSI6IkxlYXJuZXIiLCJvcmdJZCI6bnVsbCwidGVhbUlkIjpudWxsLCJhdmFpbGFibGVSb2xlcyI6W10sInNpZCI6ImI5NGVjYzQ3LTQ2MDItNDE5Zi1iMmY0LTViOTk1ODhhZjc2MSIsImlhdCI6MTc4NDc5OTY3MSwiZXhwIjoxNzg1NDA0NDcxfQ.XtqvvgxYi_43mtsjpbElbbWChpvHhFSh_eG6XYLo8oU} @ http://semiconlab-staging-alb-124259420.ap-south-1.elb.amazonaws.com/main.dart.js:55885
[  895363ms] [LOG] [ApiService] Response Status: 200 @ http://semiconlab-staging-alb-124259420.ap-south-1.elb.amazonaws.com/main.dart.js:55885
[  895363ms] [LOG] [ApiService] Response URL: http://semiconlab-staging-alb-124259420.ap-south-1.elb.amazonaws.com:3000/v1/labs-api/available-labs @ http://semiconlab-staging-alb-124259420.ap-south-1.elb.amazonaws.com/main.dart.js:55885
[  895364ms] [LOG] [AuthService] getToken() - token exists: true, token length: 327 @ http://semiconlab-staging-alb-124259420.ap-south-1.elb.amazonaws.com/main.dart.js:55885
[  895364ms] [LOG] [ApiService] GET Request: labs-api/start-status?domain_id=17 @ http://semiconlab-staging-alb-124259420.ap-south-1.elb.amazonaws.com/main.dart.js:55885
[  895364ms] [LOG] [ApiService] Headers: {Authorization: Bearer eyJhbGciOiJIUzI1NiIsInR5cCI6IkpXVCJ9.eyJlbWFpbCI6InN1cnlhLm5Ac2VtaWNvbm9zLmFpIiwic3ViIjo5NSwicm9sZSI6IkxlYXJuZXIiLCJvcmdJZCI6bnVsbCwidGVhbUlkIjpudWxsLCJhdmFpbGFibGVSb2xlcyI6W10sInNpZCI6ImI5NGVjYzQ3LTQ2MDItNDE5Zi1iMmY0LTViOTk1ODhhZjc2MSIsImlhdCI6MTc4NDc5OTY3MSwiZXhwIjoxNzg1NDA0NDcxfQ.XtqvvgxYi_43mtsjpbElbbWChpvHhFSh_eG6XYLo8oU} @ http://semiconlab-staging-alb-124259420.ap-south-1.elb.amazonaws.com/main.dart.js:55885
[  895429ms] [LOG] [ApiService] Response Status: 200 @ http://semiconlab-staging-alb-124259420.ap-south-1.elb.amazonaws.com/main.dart.js:55885
[  895429ms] [LOG] [ApiService] Response URL: http://semiconlab-staging-alb-124259420.ap-south-1.elb.amazonaws.com:3000/v1/labs-api/start-status?domain_id=17 @ http://semiconlab-staging-alb-124259420.ap-south-1.elb.amazonaws.com/main.dart.js:55885
[  900208ms] [LOG] [AuthService] getToken() - token exists: true, token length: 327 @ http://semiconlab-staging-alb-124259420.ap-south-1.elb.amazonaws.com/main.dart.js:55885
[  900209ms] [LOG] [ApiService] GET Request: labs-api/available-labs @ http://semiconlab-staging-alb-124259420.ap-south-1.elb.amazonaws.com/main.dart.js:55885
[  900209ms] [LOG] [ApiService] Headers: {Authorization: Bearer eyJhbGciOiJIUzI1NiIsInR5cCI6IkpXVCJ9.eyJlbWFpbCI6InN1cnlhLm5Ac2VtaWNvbm9zLmFpIiwic3ViIjo5NSwicm9sZSI6IkxlYXJuZXIiLCJvcmdJZCI6bnVsbCwidGVhbUlkIjpudWxsLCJhdmFpbGFibGVSb2xlcyI6W10sInNpZCI6ImI5NGVjYzQ3LTQ2MDItNDE5Zi1iMmY0LTViOTk1ODhhZjc2MSIsImlhdCI6MTc4NDc5OTY3MSwiZXhwIjoxNzg1NDA0NDcxfQ.XtqvvgxYi_43mtsjpbElbbWChpvHhFSh_eG6XYLo8oU} @ http://semiconlab-staging-alb-124259420.ap-south-1.elb.amazonaws.com/main.dart.js:55885
[  901131ms] [LOG] [ApiService] Response Status: 200 @ http://semiconlab-staging-alb-124259420.ap-south-1.elb.amazonaws.com/main.dart.js:55885
[  901131ms] [LOG] [ApiService] Response URL: http://semiconlab-staging-alb-124259420.ap-south-1.elb.amazonaws.com:3000/v1/labs-api/available-labs @ http://semiconlab-staging-alb-124259420.ap-south-1.elb.amazonaws.com/main.dart.js:55885
[  901131ms] [LOG] [AuthService] getToken() - token exists: true, token length: 327 @ http://semiconlab-staging-alb-124259420.ap-south-1.elb.amazonaws.com/main.dart.js:55885
[  901132ms] [LOG] [ApiService] GET Request: labs-api/start-status?domain_id=17 @ http://semiconlab-staging-alb-124259420.ap-south-1.elb.amazonaws.com/main.dart.js:55885
[  901132ms] [LOG] [ApiService] Headers: {Authorization: Bearer eyJhbGciOiJIUzI1NiIsInR5cCI6IkpXVCJ9.eyJlbWFpbCI6InN1cnlhLm5Ac2VtaWNvbm9zLmFpIiwic3ViIjo5NSwicm9sZSI6IkxlYXJuZXIiLCJvcmdJZCI6bnVsbCwidGVhbUlkIjpudWxsLCJhdmFpbGFibGVSb2xlcyI6W10sInNpZCI6ImI5NGVjYzQ3LTQ2MDItNDE5Zi1iMmY0LTViOTk1ODhhZjc2MSIsImlhdCI6MTc4NDc5OTY3MSwiZXhwIjoxNzg1NDA0NDcxfQ.XtqvvgxYi_43mtsjpbElbbWChpvHhFSh_eG6XYLo8oU} @ http://semiconlab-staging-alb-124259420.ap-south-1.elb.amazonaws.com/main.dart.js:55885
[  901501ms] [LOG] [ApiService] Response Status: 200 @ http://semiconlab-staging-alb-124259420.ap-south-1.elb.amazonaws.com/main.dart.js:55885
[  901501ms] [LOG] [ApiService] Response URL: http://semiconlab-staging-alb-124259420.ap-south-1.elb.amazonaws.com:3000/v1/labs-api/start-status?domain_id=17 @ http://semiconlab-staging-alb-124259420.ap-south-1.elb.amazonaws.com/main.dart.js:55885
[  905209ms] [LOG] [AuthService] getToken() - token exists: true, token length: 327 @ http://semiconlab-staging-alb-124259420.ap-south-1.elb.amazonaws.com/main.dart.js:55885
[  905209ms] [LOG] [ApiService] GET Request: labs-api/available-labs @ http://semiconlab-staging-alb-124259420.ap-south-1.elb.amazonaws.com/main.dart.js:55885
[  905210ms] [LOG] [ApiService] Headers: {Authorization: Bearer eyJhbGciOiJIUzI1NiIsInR5cCI6IkpXVCJ9.eyJlbWFpbCI6InN1cnlhLm5Ac2VtaWNvbm9zLmFpIiwic3ViIjo5NSwicm9sZSI6IkxlYXJuZXIiLCJvcmdJZCI6bnVsbCwidGVhbUlkIjpudWxsLCJhdmFpbGFibGVSb2xlcyI6W10sInNpZCI6ImI5NGVjYzQ3LTQ2MDItNDE5Zi1iMmY0LTViOTk1ODhhZjc2MSIsImlhdCI6MTc4NDc5OTY3MSwiZXhwIjoxNzg1NDA0NDcxfQ.XtqvvgxYi_43mtsjpbElbbWChpvHhFSh_eG6XYLo8oU} @ http://semiconlab-staging-alb-124259420.ap-south-1.elb.amazonaws.com/main.dart.js:55885
[  905368ms] [LOG] [ApiService] Response Status: 200 @ http://semiconlab-staging-alb-124259420.ap-south-1.elb.amazonaws.com/main.dart.js:55885
[  905368ms] [LOG] [ApiService] Response URL: http://semiconlab-staging-alb-124259420.ap-south-1.elb.amazonaws.com:3000/v1/labs-api/available-labs @ http://semiconlab-staging-alb-124259420.ap-south-1.elb.amazonaws.com/main.dart.js:55885
[  905369ms] [LOG] [AuthService] getToken() - token exists: true, token length: 327 @ http://semiconlab-staging-alb-124259420.ap-south-1.elb.amazonaws.com/main.dart.js:55885
[  905369ms] [LOG] [ApiService] GET Request: labs-api/start-status?domain_id=17 @ http://semiconlab-staging-alb-124259420.ap-south-1.elb.amazonaws.com/main.dart.js:55885
[  905369ms] [LOG] [ApiService] Headers: {Authorization: Bearer eyJhbGciOiJIUzI1NiIsInR5cCI6IkpXVCJ9.eyJlbWFpbCI6InN1cnlhLm5Ac2VtaWNvbm9zLmFpIiwic3ViIjo5NSwicm9sZSI6IkxlYXJuZXIiLCJvcmdJZCI6bnVsbCwidGVhbUlkIjpudWxsLCJhdmFpbGFibGVSb2xlcyI6W10sInNpZCI6ImI5NGVjYzQ3LTQ2MDItNDE5Zi1iMmY0LTViOTk1ODhhZjc2MSIsImlhdCI6MTc4NDc5OTY3MSwiZXhwIjoxNzg1NDA0NDcxfQ.XtqvvgxYi_43mtsjpbElbbWChpvHhFSh_eG6XYLo8oU} @ http://semiconlab-staging-alb-124259420.ap-south-1.elb.amazonaws.com/main.dart.js:55885
[  905411ms] [LOG] [ApiService] Response Status: 200 @ http://semiconlab-staging-alb-124259420.ap-south-1.elb.amazonaws.com/main.dart.js:55885
[  905412ms] [LOG] [ApiService] Response URL: http://semiconlab-staging-alb-124259420.ap-south-1.elb.amazonaws.com:3000/v1/labs-api/start-status?domain_id=17 @ http://semiconlab-staging-alb-124259420.ap-south-1.elb.amazonaws.com/main.dart.js:55885
[  910208ms] [LOG] [AuthService] getToken() - token exists: true, token length: 327 @ http://semiconlab-staging-alb-124259420.ap-south-1.elb.amazonaws.com/main.dart.js:55885
[  910209ms] [LOG] [ApiService] GET Request: labs-api/available-labs @ http://semiconlab-staging-alb-124259420.ap-south-1.elb.amazonaws.com/main.dart.js:55885
[  910209ms] [LOG] [ApiService] Headers: {Authorization: Bearer eyJhbGciOiJIUzI1NiIsInR5cCI6IkpXVCJ9.eyJlbWFpbCI6InN1cnlhLm5Ac2VtaWNvbm9zLmFpIiwic3ViIjo5NSwicm9sZSI6IkxlYXJuZXIiLCJvcmdJZCI6bnVsbCwidGVhbUlkIjpudWxsLCJhdmFpbGFibGVSb2xlcyI6W10sInNpZCI6ImI5NGVjYzQ3LTQ2MDItNDE5Zi1iMmY0LTViOTk1ODhhZjc2MSIsImlhdCI6MTc4NDc5OTY3MSwiZXhwIjoxNzg1NDA0NDcxfQ.XtqvvgxYi_43mtsjpbElbbWChpvHhFSh_eG6XYLo8oU} @ http://semiconlab-staging-alb-124259420.ap-south-1.elb.amazonaws.com/main.dart.js:55885
[  910328ms] [LOG] [ApiService] Response Status: 200 @ http://semiconlab-staging-alb-124259420.ap-south-1.elb.amazonaws.com/main.dart.js:55885
[  910328ms] [LOG] [ApiService] Response URL: http://semiconlab-staging-alb-124259420.ap-south-1.elb.amazonaws.com:3000/v1/labs-api/available-labs @ http://semiconlab-staging-alb-124259420.ap-south-1.elb.amazonaws.com/main.dart.js:55885
[  910328ms] [LOG] [AuthService] getToken() - token exists: true, token length: 327 @ http://semiconlab-staging-alb-124259420.ap-south-1.elb.amazonaws.com/main.dart.js:55885
[  910328ms] [LOG] [ApiService] GET Request: labs-api/start-status?domain_id=17 @ http://semiconlab-staging-alb-124259420.ap-south-1.elb.amazonaws.com/main.dart.js:55885
[  910329ms] [LOG] [ApiService] Headers: {Authorization: Bearer eyJhbGciOiJIUzI1NiIsInR5cCI6IkpXVCJ9.eyJlbWFpbCI6InN1cnlhLm5Ac2VtaWNvbm9zLmFpIiwic3ViIjo5NSwicm9sZSI6IkxlYXJuZXIiLCJvcmdJZCI6bnVsbCwidGVhbUlkIjpudWxsLCJhdmFpbGFibGVSb2xlcyI6W10sInNpZCI6ImI5NGVjYzQ3LTQ2MDItNDE5Zi1iMmY0LTViOTk1ODhhZjc2MSIsImlhdCI6MTc4NDc5OTY3MSwiZXhwIjoxNzg1NDA0NDcxfQ.XtqvvgxYi_43mtsjpbElbbWChpvHhFSh_eG6XYLo8oU} @ http://semiconlab-staging-alb-124259420.ap-south-1.elb.amazonaws.com/main.dart.js:55885
[  910396ms] [LOG] [ApiService] Response Status: 200 @ http://semiconlab-staging-alb-124259420.ap-south-1.elb.amazonaws.com/main.dart.js:55885
[  910396ms] [LOG] [ApiService] Response URL: http://semiconlab-staging-alb-124259420.ap-south-1.elb.amazonaws.com:3000/v1/labs-api/start-status?domain_id=17 @ http://semiconlab-staging-alb-124259420.ap-south-1.elb.amazonaws.com/main.dart.js:55885
[  915209ms] [LOG] [AuthService] getToken() - token exists: true, token length: 327 @ http://semiconlab-staging-alb-124259420.ap-south-1.elb.amazonaws.com/main.dart.js:55885
[  915209ms] [LOG] [ApiService] GET Request: labs-api/available-labs @ http://semiconlab-staging-alb-124259420.ap-south-1.elb.amazonaws.com/main.dart.js:55885
[  915210ms] [LOG] [ApiService] Headers: {Authorization: Bearer eyJhbGciOiJIUzI1NiIsInR5cCI6IkpXVCJ9.eyJlbWFpbCI6InN1cnlhLm5Ac2VtaWNvbm9zLmFpIiwic3ViIjo5NSwicm9sZSI6IkxlYXJuZXIiLCJvcmdJZCI6bnVsbCwidGVhbUlkIjpudWxsLCJhdmFpbGFibGVSb2xlcyI6W10sInNpZCI6ImI5NGVjYzQ3LTQ2MDItNDE5Zi1iMmY0LTViOTk1ODhhZjc2MSIsImlhdCI6MTc4NDc5OTY3MSwiZXhwIjoxNzg1NDA0NDcxfQ.XtqvvgxYi_43mtsjpbElbbWChpvHhFSh_eG6XYLo8oU} @ http://semiconlab-staging-alb-124259420.ap-south-1.elb.amazonaws.com/main.dart.js:55885
[  915349ms] [LOG] [ApiService] Response Status: 200 @ http://semiconlab-staging-alb-124259420.ap-south-1.elb.amazonaws.com/main.dart.js:55885
[  915349ms] [LOG] [ApiService] Response URL: http://semiconlab-staging-alb-124259420.ap-south-1.elb.amazonaws.com:3000/v1/labs-api/available-labs @ http://semiconlab-staging-alb-124259420.ap-south-1.elb.amazonaws.com/main.dart.js:55885
[  915350ms] [LOG] [AuthService] getToken() - token exists: true, token length: 327 @ http://semiconlab-staging-alb-124259420.ap-south-1.elb.amazonaws.com/main.dart.js:55885
[  915350ms] [LOG] [ApiService] GET Request: labs-api/start-status?domain_id=17 @ http://semiconlab-staging-alb-124259420.ap-south-1.elb.amazonaws.com/main.dart.js:55885
[  915350ms] [LOG] [ApiService] Headers: {Authorization: Bearer eyJhbGciOiJIUzI1NiIsInR5cCI6IkpXVCJ9.eyJlbWFpbCI6InN1cnlhLm5Ac2VtaWNvbm9zLmFpIiwic3ViIjo5NSwicm9sZSI6IkxlYXJuZXIiLCJvcmdJZCI6bnVsbCwidGVhbUlkIjpudWxsLCJhdmFpbGFibGVSb2xlcyI6W10sInNpZCI6ImI5NGVjYzQ3LTQ2MDItNDE5Zi1iMmY0LTViOTk1ODhhZjc2MSIsImlhdCI6MTc4NDc5OTY3MSwiZXhwIjoxNzg1NDA0NDcxfQ.XtqvvgxYi_43mtsjpbElbbWChpvHhFSh_eG6XYLo8oU} @ http://semiconlab-staging-alb-124259420.ap-south-1.elb.amazonaws.com/main.dart.js:55885
[  915393ms] [LOG] [ApiService] Response Status: 200 @ http://semiconlab-staging-alb-124259420.ap-south-1.elb.amazonaws.com/main.dart.js:55885
[  915393ms] [LOG] [ApiService] Response URL: http://semiconlab-staging-alb-124259420.ap-south-1.elb.amazonaws.com:3000/v1/labs-api/start-status?domain_id=17 @ http://semiconlab-staging-alb-124259420.ap-south-1.elb.amazonaws.com/main.dart.js:55885
[  920209ms] [LOG] [AuthService] getToken() - token exists: true, token length: 327 @ http://semiconlab-staging-alb-124259420.ap-south-1.elb.amazonaws.com/main.dart.js:55885
[  920209ms] [LOG] [ApiService] GET Request: labs-api/available-labs @ http://semiconlab-staging-alb-124259420.ap-south-1.elb.amazonaws.com/main.dart.js:55885
[  920209ms] [LOG] [ApiService] Headers: {Authorization: Bearer eyJhbGciOiJIUzI1NiIsInR5cCI6IkpXVCJ9.eyJlbWFpbCI6InN1cnlhLm5Ac2VtaWNvbm9zLmFpIiwic3ViIjo5NSwicm9sZSI6IkxlYXJuZXIiLCJvcmdJZCI6bnVsbCwidGVhbUlkIjpudWxsLCJhdmFpbGFibGVSb2xlcyI6W10sInNpZCI6ImI5NGVjYzQ3LTQ2MDItNDE5Zi1iMmY0LTViOTk1ODhhZjc2MSIsImlhdCI6MTc4NDc5OTY3MSwiZXhwIjoxNzg1NDA0NDcxfQ.XtqvvgxYi_43mtsjpbElbbWChpvHhFSh_eG6XYLo8oU} @ http://semiconlab-staging-alb-124259420.ap-south-1.elb.amazonaws.com/main.dart.js:55885
[  920324ms] [LOG] [ApiService] Response Status: 200 @ http://semiconlab-staging-alb-124259420.ap-south-1.elb.amazonaws.com/main.dart.js:55885
[  920324ms] [LOG] [ApiService] Response URL: http://semiconlab-staging-alb-124259420.ap-south-1.elb.amazonaws.com:3000/v1/labs-api/available-labs @ http://semiconlab-staging-alb-124259420.ap-south-1.elb.amazonaws.com/main.dart.js:55885
[  920325ms] [LOG] [AuthService] getToken() - token exists: true, token length: 327 @ http://semiconlab-staging-alb-124259420.ap-south-1.elb.amazonaws.com/main.dart.js:55885
[  920325ms] [LOG] [ApiService] GET Request: labs-api/start-status?domain_id=17 @ http://semiconlab-staging-alb-124259420.ap-south-1.elb.amazonaws.com/main.dart.js:55885
[  920325ms] [LOG] [ApiService] Headers: {Authorization: Bearer eyJhbGciOiJIUzI1NiIsInR5cCI6IkpXVCJ9.eyJlbWFpbCI6InN1cnlhLm5Ac2VtaWNvbm9zLmFpIiwic3ViIjo5NSwicm9sZSI6IkxlYXJuZXIiLCJvcmdJZCI6bnVsbCwidGVhbUlkIjpudWxsLCJhdmFpbGFibGVSb2xlcyI6W10sInNpZCI6ImI5NGVjYzQ3LTQ2MDItNDE5Zi1iMmY0LTViOTk1ODhhZjc2MSIsImlhdCI6MTc4NDc5OTY3MSwiZXhwIjoxNzg1NDA0NDcxfQ.XtqvvgxYi_43mtsjpbElbbWChpvHhFSh_eG6XYLo8oU} @ http://semiconlab-staging-alb-124259420.ap-south-1.elb.amazonaws.com/main.dart.js:55885
[  920392ms] [LOG] [ApiService] Response Status: 200 @ http://semiconlab-staging-alb-124259420.ap-south-1.elb.amazonaws.com/main.dart.js:55885
[  920392ms] [LOG] [ApiService] Response URL: http://semiconlab-staging-alb-124259420.ap-south-1.elb.amazonaws.com:3000/v1/labs-api/start-status?domain_id=17 @ http://semiconlab-staging-alb-124259420.ap-south-1.elb.amazonaws.com/main.dart.js:55885
[  925208ms] [LOG] [AuthService] getToken() - token exists: true, token length: 327 @ http://semiconlab-staging-alb-124259420.ap-south-1.elb.amazonaws.com/main.dart.js:55885
[  925209ms] [LOG] [ApiService] GET Request: labs-api/available-labs @ http://semiconlab-staging-alb-124259420.ap-south-1.elb.amazonaws.com/main.dart.js:55885
[  925209ms] [LOG] [ApiService] Headers: {Authorization: Bearer eyJhbGciOiJIUzI1NiIsInR5cCI6IkpXVCJ9.eyJlbWFpbCI6InN1cnlhLm5Ac2VtaWNvbm9zLmFpIiwic3ViIjo5NSwicm9sZSI6IkxlYXJuZXIiLCJvcmdJZCI6bnVsbCwidGVhbUlkIjpudWxsLCJhdmFpbGFibGVSb2xlcyI6W10sInNpZCI6ImI5NGVjYzQ3LTQ2MDItNDE5Zi1iMmY0LTViOTk1ODhhZjc2MSIsImlhdCI6MTc4NDc5OTY3MSwiZXhwIjoxNzg1NDA0NDcxfQ.XtqvvgxYi_43mtsjpbElbbWChpvHhFSh_eG6XYLo8oU} @ http://semiconlab-staging-alb-124259420.ap-south-1.elb.amazonaws.com/main.dart.js:55885
[  925345ms] [LOG] [ApiService] Response Status: 200 @ http://semiconlab-staging-alb-124259420.ap-south-1.elb.amazonaws.com/main.dart.js:55885
[  925345ms] [LOG] [ApiService] Response URL: http://semiconlab-staging-alb-124259420.ap-south-1.elb.amazonaws.com:3000/v1/labs-api/available-labs @ http://semiconlab-staging-alb-124259420.ap-south-1.elb.amazonaws.com/main.dart.js:55885
[  925346ms] [LOG] [AuthService] getToken() - token exists: true, token length: 327 @ http://semiconlab-staging-alb-124259420.ap-south-1.elb.amazonaws.com/main.dart.js:55885
[  925346ms] [LOG] [ApiService] GET Request: labs-api/start-status?domain_id=17 @ http://semiconlab-staging-alb-124259420.ap-south-1.elb.amazonaws.com/main.dart.js:55885
[  925346ms] [LOG] [ApiService] Headers: {Authorization: Bearer eyJhbGciOiJIUzI1NiIsInR5cCI6IkpXVCJ9.eyJlbWFpbCI6InN1cnlhLm5Ac2VtaWNvbm9zLmFpIiwic3ViIjo5NSwicm9sZSI6IkxlYXJuZXIiLCJvcmdJZCI6bnVsbCwidGVhbUlkIjpudWxsLCJhdmFpbGFibGVSb2xlcyI6W10sInNpZCI6ImI5NGVjYzQ3LTQ2MDItNDE5Zi1iMmY0LTViOTk1ODhhZjc2MSIsImlhdCI6MTc4NDc5OTY3MSwiZXhwIjoxNzg1NDA0NDcxfQ.XtqvvgxYi_43mtsjpbElbbWChpvHhFSh_eG6XYLo8oU} @ http://semiconlab-staging-alb-124259420.ap-south-1.elb.amazonaws.com/main.dart.js:55885
[  925387ms] [LOG] [ApiService] Response Status: 200 @ http://semiconlab-staging-alb-124259420.ap-south-1.elb.amazonaws.com/main.dart.js:55885
[  925387ms] [LOG] [ApiService] Response URL: http://semiconlab-staging-alb-124259420.ap-south-1.elb.amazonaws.com:3000/v1/labs-api/start-status?domain_id=17 @ http://semiconlab-staging-alb-124259420.ap-south-1.elb.amazonaws.com/main.dart.js:55885
