[    3203ms] [LOG] [AuthService] getToken() - token exists: true, token length: 327 @ http://semiconlab-staging-alb-124259420.ap-south-1.elb.amazonaws.com/main.dart.js:55885
[    3204ms] [LOG] [ApiService] GET Request: labs-api/available-labs @ http://semiconlab-staging-alb-124259420.ap-south-1.elb.amazonaws.com/main.dart.js:55885
[    3204ms] [LOG] [ApiService] Headers: {Authorization: Bearer eyJhbGciOiJIUzI1NiIsInR5cCI6IkpXVCJ9.eyJlbWFpbCI6InN1cnlhLm5Ac2VtaWNvbm9zLmFpIiwic3ViIjo5NSwicm9sZSI6IkxlYXJuZXIiLCJvcmdJZCI6bnVsbCwidGVhbUlkIjpudWxsLCJhdmFpbGFibGVSb2xlcyI6W10sInNpZCI6ImI5NGVjYzQ3LTQ2MDItNDE5Zi1iMmY0LTViOTk1ODhhZjc2MSIsImlhdCI6MTc4NDc5OTY3MSwiZXhwIjoxNzg1NDA0NDcxfQ.XtqvvgxYi_43mtsjpbElbbWChpvHhFSh_eG6XYLo8oU} @ http://semiconlab-staging-alb-124259420.ap-south-1.elb.amazonaws.com/main.dart.js:55885
[    3347ms] [LOG] [ApiService] Response Status: 200 @ http://semiconlab-staging-alb-124259420.ap-south-1.elb.amazonaws.com/main.dart.js:55885
[    3347ms] [LOG] [ApiService] Response URL: http://semiconlab-staging-alb-124259420.ap-south-1.elb.amazonaws.com:3000/v1/labs-api/available-labs @ http://semiconlab-staging-alb-124259420.ap-south-1.elb.amazonaws.com/main.dart.js:55885
[    3347ms] [LOG] [AuthService] getToken() - token exists: true, token length: 327 @ http://semiconlab-staging-alb-124259420.ap-south-1.elb.amazonaws.com/main.dart.js:55885
[    3348ms] [LOG] [ApiService] GET Request: labs-api/start-status?domain_id=17 @ http://semiconlab-staging-alb-124259420.ap-south-1.elb.amazonaws.com/main.dart.js:55885
[    3348ms] [LOG] [ApiService] Headers: {Authorization: Bearer eyJhbGciOiJIUzI1NiIsInR5cCI6IkpXVCJ9.eyJlbWFpbCI6InN1cnlhLm5Ac2VtaWNvbm9zLmFpIiwic3ViIjo5NSwicm9sZSI6IkxlYXJuZXIiLCJvcmdJZCI6bnVsbCwidGVhbUlkIjpudWxsLCJhdmFpbGFibGVSb2xlcyI6W10sInNpZCI6ImI5NGVjYzQ3LTQ2MDItNDE5Zi1iMmY0LTViOTk1ODhhZjc2MSIsImlhdCI6MTc4NDc5OTY3MSwiZXhwIjoxNzg1NDA0NDcxfQ.XtqvvgxYi_43mtsjpbElbbWChpvHhFSh_eG6XYLo8oU} @ http://semiconlab-staging-alb-124259420.ap-south-1.elb.amazonaws.com/main.dart.js:55885
[    3415ms] [LOG] [ApiService] Response Status: 200 @ http://semiconlab-staging-alb-124259420.ap-south-1.elb.amazonaws.com/main.dart.js:55885
[    3415ms] [LOG] [ApiService] Response URL: http://semiconlab-staging-alb-124259420.ap-south-1.elb.amazonaws.com:3000/v1/labs-api/start-status?domain_id=17 @ http://semiconlab-staging-alb-124259420.ap-south-1.elb.amazonaws.com/main.dart.js:55885
[    8203ms] [LOG] [AuthService] getToken() - token exists: true, token length: 327 @ http://semiconlab-staging-alb-124259420.ap-south-1.elb.amazonaws.com/main.dart.js:55885
[    8204ms] [LOG] [ApiService] GET Request: labs-api/available-labs @ http://semiconlab-staging-alb-124259420.ap-south-1.elb.amazonaws.com/main.dart.js:55885
[    8204ms] [LOG] [ApiService] Headers: {Authorization: Bearer eyJhbGciOiJIUzI1NiIsInR5cCI6IkpXVCJ9.eyJlbWFpbCI6InN1cnlhLm5Ac2VtaWNvbm9zLmFpIiwic3ViIjo5NSwicm9sZSI6IkxlYXJuZXIiLCJvcmdJZCI6bnVsbCwidGVhbUlkIjpudWxsLCJhdmFpbGFibGVSb2xlcyI6W10sInNpZCI6ImI5NGVjYzQ3LTQ2MDItNDE5Zi1iMmY0LTViOTk1ODhhZjc2MSIsImlhdCI6MTc4NDc5OTY3MSwiZXhwIjoxNzg1NDA0NDcxfQ.XtqvvgxYi_43mtsjpbElbbWChpvHhFSh_eG6XYLo8oU} @ http://semiconlab-staging-alb-124259420.ap-south-1.elb.amazonaws.com/main.dart.js:55885
[    8320ms] [LOG] [ApiService] Response Status: 200 @ http://semiconlab-staging-alb-124259420.ap-south-1.elb.amazonaws.com/main.dart.js:55885
[    8320ms] [LOG] [ApiService] Response URL: http://semiconlab-staging-alb-124259420.ap-south-1.elb.amazonaws.com:3000/v1/labs-api/available-labs @ http://semiconlab-staging-alb-124259420.ap-south-1.elb.amazonaws.com/main.dart.js:55885
[    8321ms] [LOG] [AuthService] getToken() - token exists: true, token length: 327 @ http://semiconlab-staging-alb-124259420.ap-south-1.elb.amazonaws.com/main.dart.js:55885
[    8321ms] [LOG] [ApiService] GET Request: labs-api/start-status?domain_id=17 @ http://semiconlab-staging-alb-124259420.ap-south-1.elb.amazonaws.com/main.dart.js:55885
[    8321ms] [LOG] [ApiService] Headers: {Authorization: Bearer eyJhbGciOiJIUzI1NiIsInR5cCI6IkpXVCJ9.eyJlbWFpbCI6InN1cnlhLm5Ac2VtaWNvbm9zLmFpIiwic3ViIjo5NSwicm9sZSI6IkxlYXJuZXIiLCJvcmdJZCI6bnVsbCwidGVhbUlkIjpudWxsLCJhdmFpbGFibGVSb2xlcyI6W10sInNpZCI6ImI5NGVjYzQ3LTQ2MDItNDE5Zi1iMmY0LTViOTk1ODhhZjc2MSIsImlhdCI6MTc4NDc5OTY3MSwiZXhwIjoxNzg1NDA0NDcxfQ.XtqvvgxYi_43mtsjpbElbbWChpvHhFSh_eG6XYLo8oU} @ http://semiconlab-staging-alb-124259420.ap-south-1.elb.amazonaws.com/main.dart.js:55885
[    8365ms] [LOG] [ApiService] Response Status: 200 @ http://semiconlab-staging-alb-124259420.ap-south-1.elb.amazonaws.com/main.dart.js:55885
[    8365ms] [LOG] [ApiService] Response URL: http://semiconlab-staging-alb-124259420.ap-south-1.elb.amazonaws.com:3000/v1/labs-api/start-status?domain_id=17 @ http://semiconlab-staging-alb-124259420.ap-south-1.elb.amazonaws.com/main.dart.js:55885
[   13204ms] [LOG] [AuthService] getToken() - token exists: true, token length: 327 @ http://semiconlab-staging-alb-124259420.ap-south-1.elb.amazonaws.com/main.dart.js:55885
[   13204ms] [LOG] [ApiService] GET Request: labs-api/available-labs @ http://semiconlab-staging-alb-124259420.ap-south-1.elb.amazonaws.com/main.dart.js:55885
[   13204ms] [LOG] [ApiService] Headers: {Authorization: Bearer eyJhbGciOiJIUzI1NiIsInR5cCI6IkpXVCJ9.eyJlbWFpbCI6InN1cnlhLm5Ac2VtaWNvbm9zLmFpIiwic3ViIjo5NSwicm9sZSI6IkxlYXJuZXIiLCJvcmdJZCI6bnVsbCwidGVhbUlkIjpudWxsLCJhdmFpbGFibGVSb2xlcyI6W10sInNpZCI6ImI5NGVjYzQ3LTQ2MDItNDE5Zi1iMmY0LTViOTk1ODhhZjc2MSIsImlhdCI6MTc4NDc5OTY3MSwiZXhwIjoxNzg1NDA0NDcxfQ.XtqvvgxYi_43mtsjpbElbbWChpvHhFSh_eG6XYLo8oU} @ http://semiconlab-staging-alb-124259420.ap-south-1.elb.amazonaws.com/main.dart.js:55885
[   13344ms] [LOG] [ApiService] Response Status: 200 @ http://semiconlab-staging-alb-124259420.ap-south-1.elb.amazonaws.com/main.dart.js:55885
[   13344ms] [LOG] [ApiService] Response URL: http://semiconlab-staging-alb-124259420.ap-south-1.elb.amazonaws.com:3000/v1/labs-api/available-labs @ http://semiconlab-staging-alb-124259420.ap-south-1.elb.amazonaws.com/main.dart.js:55885
[   13344ms] [LOG] [AuthService] getToken() - token exists: true, token length: 327 @ http://semiconlab-staging-alb-124259420.ap-south-1.elb.amazonaws.com/main.dart.js:55885
[   13345ms] [LOG] [ApiService] GET Request: labs-api/start-status?domain_id=17 @ http://semiconlab-staging-alb-124259420.ap-south-1.elb.amazonaws.com/main.dart.js:55885
[   13345ms] [LOG] [ApiService] Headers: {Authorization: Bearer eyJhbGciOiJIUzI1NiIsInR5cCI6IkpXVCJ9.eyJlbWFpbCI6InN1cnlhLm5Ac2VtaWNvbm9zLmFpIiwic3ViIjo5NSwicm9sZSI6IkxlYXJuZXIiLCJvcmdJZCI6bnVsbCwidGVhbUlkIjpudWxsLCJhdmFpbGFibGVSb2xlcyI6W10sInNpZCI6ImI5NGVjYzQ3LTQ2MDItNDE5Zi1iMmY0LTViOTk1ODhhZjc2MSIsImlhdCI6MTc4NDc5OTY3MSwiZXhwIjoxNzg1NDA0NDcxfQ.XtqvvgxYi_43mtsjpbElbbWChpvHhFSh_eG6XYLo8oU} @ http://semiconlab-staging-alb-124259420.ap-south-1.elb.amazonaws.com/main.dart.js:55885
[   13412ms] [LOG] [ApiService] Response Status: 200 @ http://semiconlab-staging-alb-124259420.ap-south-1.elb.amazonaws.com/main.dart.js:55885
[   13412ms] [LOG] [ApiService] Response URL: http://semiconlab-staging-alb-124259420.ap-south-1.elb.amazonaws.com:3000/v1/labs-api/start-status?domain_id=17 @ http://semiconlab-staging-alb-124259420.ap-south-1.elb.amazonaws.com/main.dart.js:55885
[   18203ms] [LOG] [AuthService] getToken() - token exists: true, token length: 327 @ http://semiconlab-staging-alb-124259420.ap-south-1.elb.amazonaws.com/main.dart.js:55885
[   18204ms] [LOG] [ApiService] GET Request: labs-api/available-labs @ http://semiconlab-staging-alb-124259420.ap-south-1.elb.amazonaws.com/main.dart.js:55885
[   18204ms] [LOG] [ApiService] Headers: {Authorization: Bearer eyJhbGciOiJIUzI1NiIsInR5cCI6IkpXVCJ9.eyJlbWFpbCI6InN1cnlhLm5Ac2VtaWNvbm9zLmFpIiwic3ViIjo5NSwicm9sZSI6IkxlYXJuZXIiLCJvcmdJZCI6bnVsbCwidGVhbUlkIjpudWxsLCJhdmFpbGFibGVSb2xlcyI6W10sInNpZCI6ImI5NGVjYzQ3LTQ2MDItNDE5Zi1iMmY0LTViOTk1ODhhZjc2MSIsImlhdCI6MTc4NDc5OTY3MSwiZXhwIjoxNzg1NDA0NDcxfQ.XtqvvgxYi_43mtsjpbElbbWChpvHhFSh_eG6XYLo8oU} @ http://semiconlab-staging-alb-124259420.ap-south-1.elb.amazonaws.com/main.dart.js:55885
[   18399ms] [LOG] [ApiService] Response Status: 200 @ http://semiconlab-staging-alb-124259420.ap-south-1.elb.amazonaws.com/main.dart.js:55885
[   18399ms] [LOG] [ApiService] Response URL: http://semiconlab-staging-alb-124259420.ap-south-1.elb.amazonaws.com:3000/v1/labs-api/available-labs @ http://semiconlab-staging-alb-124259420.ap-south-1.elb.amazonaws.com/main.dart.js:55885
[   18399ms] [LOG] [AuthService] getToken() - token exists: true, token length: 327 @ http://semiconlab-staging-alb-124259420.ap-south-1.elb.amazonaws.com/main.dart.js:55885
[   18399ms] [LOG] [ApiService] GET Request: labs-api/start-status?domain_id=17 @ http://semiconlab-staging-alb-124259420.ap-south-1.elb.amazonaws.com/main.dart.js:55885
[   18400ms] [LOG] [ApiService] Headers: {Authorization: Bearer eyJhbGciOiJIUzI1NiIsInR5cCI6IkpXVCJ9.eyJlbWFpbCI6InN1cnlhLm5Ac2VtaWNvbm9zLmFpIiwic3ViIjo5NSwicm9sZSI6IkxlYXJuZXIiLCJvcmdJZCI6bnVsbCwidGVhbUlkIjpudWxsLCJhdmFpbGFibGVSb2xlcyI6W10sInNpZCI6ImI5NGVjYzQ3LTQ2MDItNDE5Zi1iMmY0LTViOTk1ODhhZjc2MSIsImlhdCI6MTc4NDc5OTY3MSwiZXhwIjoxNzg1NDA0NDcxfQ.XtqvvgxYi_43mtsjpbElbbWChpvHhFSh_eG6XYLo8oU} @ http://semiconlab-staging-alb-124259420.ap-south-1.elb.amazonaws.com/main.dart.js:55885
[   18792ms] [LOG] [ApiService] Response Status: 200 @ http://semiconlab-staging-alb-124259420.ap-south-1.elb.amazonaws.com/main.dart.js:55885
[   18792ms] [LOG] [ApiService] Response URL: http://semiconlab-staging-alb-124259420.ap-south-1.elb.amazonaws.com:3000/v1/labs-api/start-status?domain_id=17 @ http://semiconlab-staging-alb-124259420.ap-south-1.elb.amazonaws.com/main.dart.js:55885
[   23203ms] [LOG] [AuthService] getToken() - token exists: true, token length: 327 @ http://semiconlab-staging-alb-124259420.ap-south-1.elb.amazonaws.com/main.dart.js:55885
[   23204ms] [LOG] [ApiService] GET Request: labs-api/available-labs @ http://semiconlab-staging-alb-124259420.ap-south-1.elb.amazonaws.com/main.dart.js:55885
[   23204ms] [LOG] [ApiService] Headers: {Authorization: Bearer eyJhbGciOiJIUzI1NiIsInR5cCI6IkpXVCJ9.eyJlbWFpbCI6InN1cnlhLm5Ac2VtaWNvbm9zLmFpIiwic3ViIjo5NSwicm9sZSI6IkxlYXJuZXIiLCJvcmdJZCI6bnVsbCwidGVhbUlkIjpudWxsLCJhdmFpbGFibGVSb2xlcyI6W10sInNpZCI6ImI5NGVjYzQ3LTQ2MDItNDE5Zi1iMmY0LTViOTk1ODhhZjc2MSIsImlhdCI6MTc4NDc5OTY3MSwiZXhwIjoxNzg1NDA0NDcxfQ.XtqvvgxYi_43mtsjpbElbbWChpvHhFSh_eG6XYLo8oU} @ http://semiconlab-staging-alb-124259420.ap-south-1.elb.amazonaws.com/main.dart.js:55885
[   23342ms] [LOG] [ApiService] Response Status: 200 @ http://semiconlab-staging-alb-124259420.ap-south-1.elb.amazonaws.com/main.dart.js:55885
[   23342ms] [LOG] [ApiService] Response URL: http://semiconlab-staging-alb-124259420.ap-south-1.elb.amazonaws.com:3000/v1/labs-api/available-labs @ http://semiconlab-staging-alb-124259420.ap-south-1.elb.amazonaws.com/main.dart.js:55885
[   23342ms] [LOG] [AuthService] getToken() - token exists: true, token length: 327 @ http://semiconlab-staging-alb-124259420.ap-south-1.elb.amazonaws.com/main.dart.js:55885
[   23343ms] [LOG] [ApiService] GET Request: labs-api/start-status?domain_id=17 @ http://semiconlab-staging-alb-124259420.ap-south-1.elb.amazonaws.com/main.dart.js:55885
[   23343ms] [LOG] [ApiService] Headers: {Authorization: Bearer eyJhbGciOiJIUzI1NiIsInR5cCI6IkpXVCJ9.eyJlbWFpbCI6InN1cnlhLm5Ac2VtaWNvbm9zLmFpIiwic3ViIjo5NSwicm9sZSI6IkxlYXJuZXIiLCJvcmdJZCI6bnVsbCwidGVhbUlkIjpudWxsLCJhdmFpbGFibGVSb2xlcyI6W10sInNpZCI6ImI5NGVjYzQ3LTQ2MDItNDE5Zi1iMmY0LTViOTk1ODhhZjc2MSIsImlhdCI6MTc4NDc5OTY3MSwiZXhwIjoxNzg1NDA0NDcxfQ.XtqvvgxYi_43mtsjpbElbbWChpvHhFSh_eG6XYLo8oU} @ http://semiconlab-staging-alb-124259420.ap-south-1.elb.amazonaws.com/main.dart.js:55885
[   23387ms] [LOG] [ApiService] Response Status: 200 @ http://semiconlab-staging-alb-124259420.ap-south-1.elb.amazonaws.com/main.dart.js:55885
[   23387ms] [LOG] [ApiService] Response URL: http://semiconlab-staging-alb-124259420.ap-south-1.elb.amazonaws.com:3000/v1/labs-api/start-status?domain_id=17 @ http://semiconlab-staging-alb-124259420.ap-south-1.elb.amazonaws.com/main.dart.js:55885
[   28204ms] [LOG] [AuthService] getToken() - token exists: true, token length: 327 @ http://semiconlab-staging-alb-124259420.ap-south-1.elb.amazonaws.com/main.dart.js:55885
[   28204ms] [LOG] [ApiService] GET Request: labs-api/available-labs @ http://semiconlab-staging-alb-124259420.ap-south-1.elb.amazonaws.com/main.dart.js:55885
[   28204ms] [LOG] [ApiService] Headers: {Authorization: Bearer eyJhbGciOiJIUzI1NiIsInR5cCI6IkpXVCJ9.eyJlbWFpbCI6InN1cnlhLm5Ac2VtaWNvbm9zLmFpIiwic3ViIjo5NSwicm9sZSI6IkxlYXJuZXIiLCJvcmdJZCI6bnVsbCwidGVhbUlkIjpudWxsLCJhdmFpbGFibGVSb2xlcyI6W10sInNpZCI6ImI5NGVjYzQ3LTQ2MDItNDE5Zi1iMmY0LTViOTk1ODhhZjc2MSIsImlhdCI6MTc4NDc5OTY3MSwiZXhwIjoxNzg1NDA0NDcxfQ.XtqvvgxYi_43mtsjpbElbbWChpvHhFSh_eG6XYLo8oU} @ http://semiconlab-staging-alb-124259420.ap-south-1.elb.amazonaws.com/main.dart.js:55885
[   28316ms] [LOG] [ApiService] Response Status: 200 @ http://semiconlab-staging-alb-124259420.ap-south-1.elb.amazonaws.com/main.dart.js:55885
[   28316ms] [LOG] [ApiService] Response URL: http://semiconlab-staging-alb-124259420.ap-south-1.elb.amazonaws.com:3000/v1/labs-api/available-labs @ http://semiconlab-staging-alb-124259420.ap-south-1.elb.amazonaws.com/main.dart.js:55885
[   28316ms] [LOG] [AuthService] getToken() - token exists: true, token length: 327 @ http://semiconlab-staging-alb-124259420.ap-south-1.elb.amazonaws.com/main.dart.js:55885
[   28317ms] [LOG] [ApiService] GET Request: labs-api/start-status?domain_id=17 @ http://semiconlab-staging-alb-124259420.ap-south-1.elb.amazonaws.com/main.dart.js:55885
[   28317ms] [LOG] [ApiService] Headers: {Authorization: Bearer eyJhbGciOiJIUzI1NiIsInR5cCI6IkpXVCJ9.eyJlbWFpbCI6InN1cnlhLm5Ac2VtaWNvbm9zLmFpIiwic3ViIjo5NSwicm9sZSI6IkxlYXJuZXIiLCJvcmdJZCI6bnVsbCwidGVhbUlkIjpudWxsLCJhdmFpbGFibGVSb2xlcyI6W10sInNpZCI6ImI5NGVjYzQ3LTQ2MDItNDE5Zi1iMmY0LTViOTk1ODhhZjc2MSIsImlhdCI6MTc4NDc5OTY3MSwiZXhwIjoxNzg1NDA0NDcxfQ.XtqvvgxYi_43mtsjpbElbbWChpvHhFSh_eG6XYLo8oU} @ http://semiconlab-staging-alb-124259420.ap-south-1.elb.amazonaws.com/main.dart.js:55885
[   28379ms] [LOG] [ApiService] Response Status: 200 @ http://semiconlab-staging-alb-124259420.ap-south-1.elb.amazonaws.com/main.dart.js:55885
[   28379ms] [LOG] [ApiService] Response URL: http://semiconlab-staging-alb-124259420.ap-south-1.elb.amazonaws.com:3000/v1/labs-api/start-status?domain_id=17 @ http://semiconlab-staging-alb-124259420.ap-south-1.elb.amazonaws.com/main.dart.js:55885
[   33203ms] [LOG] [AuthService] getToken() - token exists: true, token length: 327 @ http://semiconlab-staging-alb-124259420.ap-south-1.elb.amazonaws.com/main.dart.js:55885
[   33204ms] [LOG] [ApiService] GET Request: labs-api/available-labs @ http://semiconlab-staging-alb-124259420.ap-south-1.elb.amazonaws.com/main.dart.js:55885
[   33204ms] [LOG] [ApiService] Headers: {Authorization: Bearer eyJhbGciOiJIUzI1NiIsInR5cCI6IkpXVCJ9.eyJlbWFpbCI6InN1cnlhLm5Ac2VtaWNvbm9zLmFpIiwic3ViIjo5NSwicm9sZSI6IkxlYXJuZXIiLCJvcmdJZCI6bnVsbCwidGVhbUlkIjpudWxsLCJhdmFpbGFibGVSb2xlcyI6W10sInNpZCI6ImI5NGVjYzQ3LTQ2MDItNDE5Zi1iMmY0LTViOTk1ODhhZjc2MSIsImlhdCI6MTc4NDc5OTY3MSwiZXhwIjoxNzg1NDA0NDcxfQ.XtqvvgxYi_43mtsjpbElbbWChpvHhFSh_eG6XYLo8oU} @ http://semiconlab-staging-alb-124259420.ap-south-1.elb.amazonaws.com/main.dart.js:55885
[   33347ms] [LOG] [ApiService] Response Status: 200 @ http://semiconlab-staging-alb-124259420.ap-south-1.elb.amazonaws.com/main.dart.js:55885
[   33347ms] [LOG] [ApiService] Response URL: http://semiconlab-staging-alb-124259420.ap-south-1.elb.amazonaws.com:3000/v1/labs-api/available-labs @ http://semiconlab-staging-alb-124259420.ap-south-1.elb.amazonaws.com/main.dart.js:55885
[   33347ms] [LOG] [AuthService] getToken() - token exists: true, token length: 327 @ http://semiconlab-staging-alb-124259420.ap-south-1.elb.amazonaws.com/main.dart.js:55885
[   33348ms] [LOG] [ApiService] GET Request: labs-api/start-status?domain_id=17 @ http://semiconlab-staging-alb-124259420.ap-south-1.elb.amazonaws.com/main.dart.js:55885
[   33348ms] [LOG] [ApiService] Headers: {Authorization: Bearer eyJhbGciOiJIUzI1NiIsInR5cCI6IkpXVCJ9.eyJlbWFpbCI6InN1cnlhLm5Ac2VtaWNvbm9zLmFpIiwic3ViIjo5NSwicm9sZSI6IkxlYXJuZXIiLCJvcmdJZCI6bnVsbCwidGVhbUlkIjpudWxsLCJhdmFpbGFibGVSb2xlcyI6W10sInNpZCI6ImI5NGVjYzQ3LTQ2MDItNDE5Zi1iMmY0LTViOTk1ODhhZjc2MSIsImlhdCI6MTc4NDc5OTY3MSwiZXhwIjoxNzg1NDA0NDcxfQ.XtqvvgxYi_43mtsjpbElbbWChpvHhFSh_eG6XYLo8oU} @ http://semiconlab-staging-alb-124259420.ap-south-1.elb.amazonaws.com/main.dart.js:55885
[   33412ms] [LOG] [ApiService] Response Status: 200 @ http://semiconlab-staging-alb-124259420.ap-south-1.elb.amazonaws.com/main.dart.js:55885
[   33412ms] [LOG] [ApiService] Response URL: http://semiconlab-staging-alb-124259420.ap-south-1.elb.amazonaws.com:3000/v1/labs-api/start-status?domain_id=17 @ http://semiconlab-staging-alb-124259420.ap-south-1.elb.amazonaws.com/main.dart.js:55885
[   37614ms] [LOG] 🎉 DV Training Module - Interactive features loaded successfully! @ http://semiconlab-staging-alb-124259420.ap-south-1.elb.amazonaws.com/assets/common/interactive.js:129
[   39595ms] [LOG] [AuthService] getToken() - token exists: true, token length: 327 @ http://semiconlab-staging-alb-124259420.ap-south-1.elb.amazonaws.com/main.dart.js:55885
[   39596ms] [LOG] [AuthProvider] _loadUser() - hasToken: true @ http://semiconlab-staging-alb-124259420.ap-south-1.elb.amazonaws.com/main.dart.js:55885
[   39599ms] [LOG] [AuthProvider] Loaded user from storage: surya.n@semiconos.ai @ http://semiconlab-staging-alb-124259420.ap-south-1.elb.amazonaws.com/main.dart.js:55885
[   39600ms] [LOG] [AuthService] getToken() - token exists: true, token length: 327 @ http://semiconlab-staging-alb-124259420.ap-south-1.elb.amazonaws.com/main.dart.js:55885
[   39601ms] [LOG] [ApiService] GET Request: /users/profile/me @ http://semiconlab-staging-alb-124259420.ap-south-1.elb.amazonaws.com/main.dart.js:55885
[   39601ms] [LOG] [ApiService] Headers: {Authorization: Bearer eyJhbGciOiJIUzI1NiIsInR5cCI6IkpXVCJ9.eyJlbWFpbCI6InN1cnlhLm5Ac2VtaWNvbm9zLmFpIiwic3ViIjo5NSwicm9sZSI6IkxlYXJuZXIiLCJvcmdJZCI6bnVsbCwidGVhbUlkIjpudWxsLCJhdmFpbGFibGVSb2xlcyI6W10sInNpZCI6ImI5NGVjYzQ3LTQ2MDItNDE5Zi1iMmY0LTViOTk1ODhhZjc2MSIsImlhdCI6MTc4NDc5OTY3MSwiZXhwIjoxNzg1NDA0NDcxfQ.XtqvvgxYi_43mtsjpbElbbWChpvHhFSh_eG6XYLo8oU} @ http://semiconlab-staging-alb-124259420.ap-south-1.elb.amazonaws.com/main.dart.js:55885
[   39635ms] [LOG] [LearnerRouteChecker] Checking pending payment for user 95... @ http://semiconlab-staging-alb-124259420.ap-south-1.elb.amazonaws.com/main.dart.js:55885
[   39645ms] [LOG] [AuthService] getToken() - token exists: true, token length: 327 @ http://semiconlab-staging-alb-124259420.ap-south-1.elb.amazonaws.com/main.dart.js:55885
[   39646ms] [LOG] [ApiService] GET Request: /users/95/pending-payment @ http://semiconlab-staging-alb-124259420.ap-south-1.elb.amazonaws.com/main.dart.js:55885
[   39646ms] [LOG] [ApiService] Headers: {Authorization: Bearer eyJhbGciOiJIUzI1NiIsInR5cCI6IkpXVCJ9.eyJlbWFpbCI6InN1cnlhLm5Ac2VtaWNvbm9zLmFpIiwic3ViIjo5NSwicm9sZSI6IkxlYXJuZXIiLCJvcmdJZCI6bnVsbCwidGVhbUlkIjpudWxsLCJhdmFpbGFibGVSb2xlcyI6W10sInNpZCI6ImI5NGVjYzQ3LTQ2MDItNDE5Zi1iMmY0LTViOTk1ODhhZjc2MSIsImlhdCI6MTc4NDc5OTY3MSwiZXhwIjoxNzg1NDA0NDcxfQ.XtqvvgxYi_43mtsjpbElbbWChpvHhFSh_eG6XYLo8oU} @ http://semiconlab-staging-alb-124259420.ap-south-1.elb.amazonaws.com/main.dart.js:55885
[   40032ms] [LOG] [ApiService] Response Status: 200 @ http://semiconlab-staging-alb-124259420.ap-south-1.elb.amazonaws.com/main.dart.js:55885
[   40032ms] [LOG] [ApiService] Response URL: http://semiconlab-staging-alb-124259420.ap-south-1.elb.amazonaws.com:3000/v1/users/profile/me @ http://semiconlab-staging-alb-124259420.ap-south-1.elb.amazonaws.com/main.dart.js:55885
[   40034ms] [LOG] [AuthProvider] Refreshed user profile: surya.n@semiconos.ai @ http://semiconlab-staging-alb-124259420.ap-south-1.elb.amazonaws.com/main.dart.js:55885
[   40058ms] [LOG] [ApiService] Response Status: 200 @ http://semiconlab-staging-alb-124259420.ap-south-1.elb.amazonaws.com/main.dart.js:55885
[   40058ms] [LOG] [ApiService] Response URL: http://semiconlab-staging-alb-124259420.ap-south-1.elb.amazonaws.com:3000/v1/users/95/pending-payment @ http://semiconlab-staging-alb-124259420.ap-south-1.elb.amazonaws.com/main.dart.js:55885
[   40058ms] [LOG] checkPendingPayment result for user 95: {hasPendingPayment: false} @ http://semiconlab-staging-alb-124259420.ap-south-1.elb.amazonaws.com/main.dart.js:55885
[   40059ms] [LOG] [LearnerRouteChecker] Pending payment check result: {hasPendingPayment: false} @ http://semiconlab-staging-alb-124259420.ap-south-1.elb.amazonaws.com/main.dart.js:55885
[   40059ms] [LOG] [LearnerRouteChecker] Has pending payment or needs subscription: false @ http://semiconlab-staging-alb-124259420.ap-south-1.elb.amazonaws.com/main.dart.js:55885
[   40060ms] [LOG] [LearnerRouteChecker] Checking enrollment status... @ http://semiconlab-staging-alb-124259420.ap-south-1.elb.amazonaws.com/main.dart.js:55885
[   40061ms] [LOG] [AuthService] getToken() - token exists: true, token length: 327 @ http://semiconlab-staging-alb-124259420.ap-south-1.elb.amazonaws.com/main.dart.js:55885
[   40062ms] [LOG] [ApiService] GET Request: /users/95/modules?limit=100 @ http://semiconlab-staging-alb-124259420.ap-south-1.elb.amazonaws.com/main.dart.js:55885
[   40062ms] [LOG] [ApiService] Headers: {Authorization: Bearer eyJhbGciOiJIUzI1NiIsInR5cCI6IkpXVCJ9.eyJlbWFpbCI6InN1cnlhLm5Ac2VtaWNvbm9zLmFpIiwic3ViIjo5NSwicm9sZSI6IkxlYXJuZXIiLCJvcmdJZCI6bnVsbCwidGVhbUlkIjpudWxsLCJhdmFpbGFibGVSb2xlcyI6W10sInNpZCI6ImI5NGVjYzQ3LTQ2MDItNDE5Zi1iMmY0LTViOTk1ODhhZjc2MSIsImlhdCI6MTc4NDc5OTY3MSwiZXhwIjoxNzg1NDA0NDcxfQ.XtqvvgxYi_43mtsjpbElbbWChpvHhFSh_eG6XYLo8oU} @ http://semiconlab-staging-alb-124259420.ap-south-1.elb.amazonaws.com/main.dart.js:55885
[   40063ms] [LOG] [AuthService] getToken() - token exists: true, token length: 327 @ http://semiconlab-staging-alb-124259420.ap-south-1.elb.amazonaws.com/main.dart.js:55885
[   40063ms] [LOG] [ApiService] GET Request: /users/95/skills @ http://semiconlab-staging-alb-124259420.ap-south-1.elb.amazonaws.com/main.dart.js:55885
[   40063ms] [LOG] [ApiService] Headers: {Authorization: Bearer eyJhbGciOiJIUzI1NiIsInR5cCI6IkpXVCJ9.eyJlbWFpbCI6InN1cnlhLm5Ac2VtaWNvbm9zLmFpIiwic3ViIjo5NSwicm9sZSI6IkxlYXJuZXIiLCJvcmdJZCI6bnVsbCwidGVhbUlkIjpudWxsLCJhdmFpbGFibGVSb2xlcyI6W10sInNpZCI6ImI5NGVjYzQ3LTQ2MDItNDE5Zi1iMmY0LTViOTk1ODhhZjc2MSIsImlhdCI6MTc4NDc5OTY3MSwiZXhwIjoxNzg1NDA0NDcxfQ.XtqvvgxYi_43mtsjpbElbbWChpvHhFSh_eG6XYLo8oU} @ http://semiconlab-staging-alb-124259420.ap-south-1.elb.amazonaws.com/main.dart.js:55885
[   40064ms] [LOG] [AuthService] getToken() - token exists: true, token length: 327 @ http://semiconlab-staging-alb-124259420.ap-south-1.elb.amazonaws.com/main.dart.js:55885
[   40064ms] [LOG] [ApiService] GET Request: /users/95 @ http://semiconlab-staging-alb-124259420.ap-south-1.elb.amazonaws.com/main.dart.js:55885
[   40065ms] [LOG] [ApiService] Headers: {Authorization: Bearer eyJhbGciOiJIUzI1NiIsInR5cCI6IkpXVCJ9.eyJlbWFpbCI6InN1cnlhLm5Ac2VtaWNvbm9zLmFpIiwic3ViIjo5NSwicm9sZSI6IkxlYXJuZXIiLCJvcmdJZCI6bnVsbCwidGVhbUlkIjpudWxsLCJhdmFpbGFibGVSb2xlcyI6W10sInNpZCI6ImI5NGVjYzQ3LTQ2MDItNDE5Zi1iMmY0LTViOTk1ODhhZjc2MSIsImlhdCI6MTc4NDc5OTY3MSwiZXhwIjoxNzg1NDA0NDcxfQ.XtqvvgxYi_43mtsjpbElbbWChpvHhFSh_eG6XYLo8oU} @ http://semiconlab-staging-alb-124259420.ap-south-1.elb.amazonaws.com/main.dart.js:55885
[   40253ms] [LOG] [ApiService] Response Status: 204 @ http://semiconlab-staging-alb-124259420.ap-south-1.elb.amazonaws.com/main.dart.js:55885
[   40253ms] [LOG] [ApiService] Response URL: http://semiconlab-staging-alb-124259420.ap-south-1.elb.amazonaws.com:3000/v1/users/95/modules?limit=100 @ http://semiconlab-staging-alb-124259420.ap-south-1.elb.amazonaws.com/main.dart.js:55885
[   40271ms] [LOG] [ApiService] Response Status: 200 @ http://semiconlab-staging-alb-124259420.ap-south-1.elb.amazonaws.com/main.dart.js:55885
[   40271ms] [LOG] [ApiService] Response URL: http://semiconlab-staging-alb-124259420.ap-south-1.elb.amazonaws.com:3000/v1/users/95/skills @ http://semiconlab-staging-alb-124259420.ap-south-1.elb.amazonaws.com/main.dart.js:55885
[   40324ms] [LOG] [ApiService] Response Status: 200 @ http://semiconlab-staging-alb-124259420.ap-south-1.elb.amazonaws.com/main.dart.js:55885
[   40324ms] [LOG] [ApiService] Response URL: http://semiconlab-staging-alb-124259420.ap-south-1.elb.amazonaws.com:3000/v1/users/95 @ http://semiconlab-staging-alb-124259420.ap-south-1.elb.amazonaws.com/main.dart.js:55885
[   40324ms] [LOG] [LearnerRouteChecker] ENROLLMENT CHECK RESULTS: @ http://semiconlab-staging-alb-124259420.ap-south-1.elb.amazonaws.com/main.dart.js:55885
[   40325ms] [LOG]   - Modules: 0 @ http://semiconlab-staging-alb-124259420.ap-south-1.elb.amazonaws.com/main.dart.js:55885
[   40325ms] [LOG]   - Skills: 0 @ http://semiconlab-staging-alb-124259420.ap-south-1.elb.amazonaws.com/main.dart.js:55885
[   40325ms] [LOG]   - Domain Access: true @ http://semiconlab-staging-alb-124259420.ap-south-1.elb.amazonaws.com/main.dart.js:55885
[   40326ms] [LOG]   - Has Enrollments: false @ http://semiconlab-staging-alb-124259420.ap-south-1.elb.amazonaws.com/main.dart.js:55885
[   40368ms] [LOG] [AuthService] getToken() - token exists: true, token length: 327 @ http://semiconlab-staging-alb-124259420.ap-south-1.elb.amazonaws.com/main.dart.js:55885
[   40369ms] [LOG] [ApiService] GET Request: /notifications/unread @ http://semiconlab-staging-alb-124259420.ap-south-1.elb.amazonaws.com/main.dart.js:55885
[   40370ms] [LOG] [ApiService] Headers: {Authorization: Bearer eyJhbGciOiJIUzI1NiIsInR5cCI6IkpXVCJ9.eyJlbWFpbCI6InN1cnlhLm5Ac2VtaWNvbm9zLmFpIiwic3ViIjo5NSwicm9sZSI6IkxlYXJuZXIiLCJvcmdJZCI6bnVsbCwidGVhbUlkIjpudWxsLCJhdmFpbGFibGVSb2xlcyI6W10sInNpZCI6ImI5NGVjYzQ3LTQ2MDItNDE5Zi1iMmY0LTViOTk1ODhhZjc2MSIsImlhdCI6MTc4NDc5OTY3MSwiZXhwIjoxNzg1NDA0NDcxfQ.XtqvvgxYi_43mtsjpbElbbWChpvHhFSh_eG6XYLo8oU} @ http://semiconlab-staging-alb-124259420.ap-south-1.elb.amazonaws.com/main.dart.js:55885
[   40370ms] [LOG] [AuthService] getToken() - token exists: true, token length: 327 @ http://semiconlab-staging-alb-124259420.ap-south-1.elb.amazonaws.com/main.dart.js:55885
[   40370ms] [LOG] [AuthService] getToken() - token exists: true, token length: 327 @ http://semiconlab-staging-alb-124259420.ap-south-1.elb.amazonaws.com/main.dart.js:55885
[   40371ms] [LOG] [ApiService] GET Request: /users/profile/me @ http://semiconlab-staging-alb-124259420.ap-south-1.elb.amazonaws.com/main.dart.js:55885
[   40372ms] [LOG] [ApiService] Headers: {Authorization: Bearer eyJhbGciOiJIUzI1NiIsInR5cCI6IkpXVCJ9.eyJlbWFpbCI6InN1cnlhLm5Ac2VtaWNvbm9zLmFpIiwic3ViIjo5NSwicm9sZSI6IkxlYXJuZXIiLCJvcmdJZCI6bnVsbCwidGVhbUlkIjpudWxsLCJhdmFpbGFibGVSb2xlcyI6W10sInNpZCI6ImI5NGVjYzQ3LTQ2MDItNDE5Zi1iMmY0LTViOTk1ODhhZjc2MSIsImlhdCI6MTc4NDc5OTY3MSwiZXhwIjoxNzg1NDA0NDcxfQ.XtqvvgxYi_43mtsjpbElbbWChpvHhFSh_eG6XYLo8oU} @ http://semiconlab-staging-alb-124259420.ap-south-1.elb.amazonaws.com/main.dart.js:55885
[   40388ms] [LOG] [AuthService] getToken() - token exists: true, token length: 327 @ http://semiconlab-staging-alb-124259420.ap-south-1.elb.amazonaws.com/main.dart.js:55885
[   40388ms] [LOG] [AuthService] getToken() - token exists: true, token length: 327 @ http://semiconlab-staging-alb-124259420.ap-south-1.elb.amazonaws.com/main.dart.js:55885
[   40389ms] [LOG] [AuthService] getToken() - token exists: true, token length: 327 @ http://semiconlab-staging-alb-124259420.ap-south-1.elb.amazonaws.com/main.dart.js:55885
[   40389ms] [LOG] [AuthService] getToken() - token exists: true, token length: 327 @ http://semiconlab-staging-alb-124259420.ap-south-1.elb.amazonaws.com/main.dart.js:55885
[   40390ms] [LOG] [ApiService] GET Request: labs-api/available-labs @ http://semiconlab-staging-alb-124259420.ap-south-1.elb.amazonaws.com/main.dart.js:55885
[   40390ms] [LOG] [ApiService] Headers: {Authorization: Bearer eyJhbGciOiJIUzI1NiIsInR5cCI6IkpXVCJ9.eyJlbWFpbCI6InN1cnlhLm5Ac2VtaWNvbm9zLmFpIiwic3ViIjo5NSwicm9sZSI6IkxlYXJuZXIiLCJvcmdJZCI6bnVsbCwidGVhbUlkIjpudWxsLCJhdmFpbGFibGVSb2xlcyI6W10sInNpZCI6ImI5NGVjYzQ3LTQ2MDItNDE5Zi1iMmY0LTViOTk1ODhhZjc2MSIsImlhdCI6MTc4NDc5OTY3MSwiZXhwIjoxNzg1NDA0NDcxfQ.XtqvvgxYi_43mtsjpbElbbWChpvHhFSh_eG6XYLo8oU} @ http://semiconlab-staging-alb-124259420.ap-south-1.elb.amazonaws.com/main.dart.js:55885
[   40391ms] [LOG] [AuthService] getToken() - token exists: true, token length: 327 @ http://semiconlab-staging-alb-124259420.ap-south-1.elb.amazonaws.com/main.dart.js:55885
[   40391ms] [LOG] [ApiService] GET Request: /users/95 @ http://semiconlab-staging-alb-124259420.ap-south-1.elb.amazonaws.com/main.dart.js:55885
[   40391ms] [LOG] [ApiService] Headers: {Authorization: Bearer eyJhbGciOiJIUzI1NiIsInR5cCI6IkpXVCJ9.eyJlbWFpbCI6InN1cnlhLm5Ac2VtaWNvbm9zLmFpIiwic3ViIjo5NSwicm9sZSI6IkxlYXJuZXIiLCJvcmdJZCI6bnVsbCwidGVhbUlkIjpudWxsLCJhdmFpbGFibGVSb2xlcyI6W10sInNpZCI6ImI5NGVjYzQ3LTQ2MDItNDE5Zi1iMmY0LTViOTk1ODhhZjc2MSIsImlhdCI6MTc4NDc5OTY3MSwiZXhwIjoxNzg1NDA0NDcxfQ.XtqvvgxYi_43mtsjpbElbbWChpvHhFSh_eG6XYLo8oU} @ http://semiconlab-staging-alb-124259420.ap-south-1.elb.amazonaws.com/main.dart.js:55885
[   40890ms] [LOG] [ApiService] Response Status: 200 @ http://semiconlab-staging-alb-124259420.ap-south-1.elb.amazonaws.com/main.dart.js:55885
[   40891ms] [LOG] [ApiService] Response URL: http://semiconlab-staging-alb-124259420.ap-south-1.elb.amazonaws.com:3000/v1/users/profile/me @ http://semiconlab-staging-alb-124259420.ap-south-1.elb.amazonaws.com/main.dart.js:55885
[   40894ms] [LOG] [ApiService] GET Request: /subscriptions/available-domains @ http://semiconlab-staging-alb-124259420.ap-south-1.elb.amazonaws.com/main.dart.js:55885
[   40894ms] [LOG] [ApiService] Headers: {} @ http://semiconlab-staging-alb-124259420.ap-south-1.elb.amazonaws.com/main.dart.js:55885
[   40895ms] [LOG] [ApiService] Response Status: 200 @ http://semiconlab-staging-alb-124259420.ap-south-1.elb.amazonaws.com/main.dart.js:55885
[   40895ms] [LOG] [ApiService] Response URL: http://semiconlab-staging-alb-124259420.ap-south-1.elb.amazonaws.com:3000/v1/users/95 @ http://semiconlab-staging-alb-124259420.ap-south-1.elb.amazonaws.com/main.dart.js:55885
[   40896ms] [LOG] [AuthService] getToken() - token exists: true, token length: 327 @ http://semiconlab-staging-alb-124259420.ap-south-1.elb.amazonaws.com/main.dart.js:55885
[   40897ms] [LOG] [ApiService] GET Request: /skills?page=1&limit=200&domainId=17 @ http://semiconlab-staging-alb-124259420.ap-south-1.elb.amazonaws.com/main.dart.js:55885
[   40897ms] [LOG] [ApiService] Headers: {Authorization: Bearer eyJhbGciOiJIUzI1NiIsInR5cCI6IkpXVCJ9.eyJlbWFpbCI6InN1cnlhLm5Ac2VtaWNvbm9zLmFpIiwic3ViIjo5NSwicm9sZSI6IkxlYXJuZXIiLCJvcmdJZCI6bnVsbCwidGVhbUlkIjpudWxsLCJhdmFpbGFibGVSb2xlcyI6W10sInNpZCI6ImI5NGVjYzQ3LTQ2MDItNDE5Zi1iMmY0LTViOTk1ODhhZjc2MSIsImlhdCI6MTc4NDc5OTY3MSwiZXhwIjoxNzg1NDA0NDcxfQ.XtqvvgxYi_43mtsjpbElbbWChpvHhFSh_eG6XYLo8oU} @ http://semiconlab-staging-alb-124259420.ap-south-1.elb.amazonaws.com/main.dart.js:55885
[   40897ms] [LOG] [ApiService] Response Status: 200 @ http://semiconlab-staging-alb-124259420.ap-south-1.elb.amazonaws.com/main.dart.js:55885
[   40898ms] [LOG] [ApiService] Response URL: http://semiconlab-staging-alb-124259420.ap-south-1.elb.amazonaws.com:3000/v1/notifications/unread @ http://semiconlab-staging-alb-124259420.ap-south-1.elb.amazonaws.com/main.dart.js:55885
[   40909ms] [LOG] [AuthService] getToken() - token exists: true, token length: 327 @ http://semiconlab-staging-alb-124259420.ap-south-1.elb.amazonaws.com/main.dart.js:55885
[   40966ms] [LOG] [ApiService] Response Status: 200 @ http://semiconlab-staging-alb-124259420.ap-south-1.elb.amazonaws.com/main.dart.js:55885
[   40967ms] [LOG] [ApiService] Response URL: http://semiconlab-staging-alb-124259420.ap-south-1.elb.amazonaws.com:3000/v1/labs-api/available-labs @ http://semiconlab-staging-alb-124259420.ap-south-1.elb.amazonaws.com/main.dart.js:55885
[   40967ms] [LOG] [AuthService] getToken() - token exists: true, token length: 327 @ http://semiconlab-staging-alb-124259420.ap-south-1.elb.amazonaws.com/main.dart.js:55885
[   40968ms] [LOG] [ApiService] GET Request: /users/95 @ http://semiconlab-staging-alb-124259420.ap-south-1.elb.amazonaws.com/main.dart.js:55885
[   40968ms] [LOG] [ApiService] Headers: {Authorization: Bearer eyJhbGciOiJIUzI1NiIsInR5cCI6IkpXVCJ9.eyJlbWFpbCI6InN1cnlhLm5Ac2VtaWNvbm9zLmFpIiwic3ViIjo5NSwicm9sZSI6IkxlYXJuZXIiLCJvcmdJZCI6bnVsbCwidGVhbUlkIjpudWxsLCJhdmFpbGFibGVSb2xlcyI6W10sInNpZCI6ImI5NGVjYzQ3LTQ2MDItNDE5Zi1iMmY0LTViOTk1ODhhZjc2MSIsImlhdCI6MTc4NDc5OTY3MSwiZXhwIjoxNzg1NDA0NDcxfQ.XtqvvgxYi_43mtsjpbElbbWChpvHhFSh_eG6XYLo8oU} @ http://semiconlab-staging-alb-124259420.ap-south-1.elb.amazonaws.com/main.dart.js:55885
[   41102ms] [LOG] [ApiService] Response Status: 200 @ http://semiconlab-staging-alb-124259420.ap-south-1.elb.amazonaws.com/main.dart.js:55885
[   41102ms] [LOG] [ApiService] Response URL: http://semiconlab-staging-alb-124259420.ap-south-1.elb.amazonaws.com:3000/v1/subscriptions/available-domains @ http://semiconlab-staging-alb-124259420.ap-south-1.elb.amazonaws.com/main.dart.js:55885
[   41103ms] [LOG] [CoursesBody] Available domains raw response: [{id: 18, name: Analog Layout, description: al, image_url: null}, {id: 16, name: Design Verification, description: null, image_url: null}, {id: 17, name: Physical Design, description: null, image_url: null}] @ http://semiconlab-staging-alb-124259420.ap-south-1.elb.amazonaws.com/main.dart.js:55885
[   41104ms] [LOG] [CoursesBody] Parsed 3 domains from available-domains @ http://semiconlab-staging-alb-124259420.ap-south-1.elb.amazonaws.com/main.dart.js:55885
[   41104ms] [LOG] [AuthService] getToken() - token exists: true, token length: 327 @ http://semiconlab-staging-alb-124259420.ap-south-1.elb.amazonaws.com/main.dart.js:55885
[   41105ms] [LOG] [ApiService] GET Request: /users/95 @ http://semiconlab-staging-alb-124259420.ap-south-1.elb.amazonaws.com/main.dart.js:55885
[   41105ms] [LOG] [ApiService] Headers: {Authorization: Bearer eyJhbGciOiJIUzI1NiIsInR5cCI6IkpXVCJ9.eyJlbWFpbCI6InN1cnlhLm5Ac2VtaWNvbm9zLmFpIiwic3ViIjo5NSwicm9sZSI6IkxlYXJuZXIiLCJvcmdJZCI6bnVsbCwidGVhbUlkIjpudWxsLCJhdmFpbGFibGVSb2xlcyI6W10sInNpZCI6ImI5NGVjYzQ3LTQ2MDItNDE5Zi1iMmY0LTViOTk1ODhhZjc2MSIsImlhdCI6MTc4NDc5OTY3MSwiZXhwIjoxNzg1NDA0NDcxfQ.XtqvvgxYi_43mtsjpbElbbWChpvHhFSh_eG6XYLo8oU} @ http://semiconlab-staging-alb-124259420.ap-south-1.elb.amazonaws.com/main.dart.js:55885
[   41117ms] [LOG] [AuthService] getToken() - token exists: true, token length: 327 @ http://semiconlab-staging-alb-124259420.ap-south-1.elb.amazonaws.com/main.dart.js:55885
[   41135ms] [LOG] [ApiService] Response Status: 200 @ http://semiconlab-staging-alb-124259420.ap-south-1.elb.amazonaws.com/main.dart.js:55885
[   41136ms] [LOG] [ApiService] Response URL: http://semiconlab-staging-alb-124259420.ap-south-1.elb.amazonaws.com:3000/v1/skills?page=1&limit=200&domainId=17 @ http://semiconlab-staging-alb-124259420.ap-south-1.elb.amazonaws.com/main.dart.js:55885
[   41136ms] [LOG] [AuthService] getToken() - token exists: true, token length: 327 @ http://semiconlab-staging-alb-124259420.ap-south-1.elb.amazonaws.com/main.dart.js:55885
[   41136ms] [LOG] [ApiService] GET Request: /users/95/modules?limit=100 @ http://semiconlab-staging-alb-124259420.ap-south-1.elb.amazonaws.com/main.dart.js:55885
[   41137ms] [LOG] [ApiService] Headers: {Authorization: Bearer eyJhbGciOiJIUzI1NiIsInR5cCI6IkpXVCJ9.eyJlbWFpbCI6InN1cnlhLm5Ac2VtaWNvbm9zLmFpIiwic3ViIjo5NSwicm9sZSI6IkxlYXJuZXIiLCJvcmdJZCI6bnVsbCwidGVhbUlkIjpudWxsLCJhdmFpbGFibGVSb2xlcyI6W10sInNpZCI6ImI5NGVjYzQ3LTQ2MDItNDE5Zi1iMmY0LTViOTk1ODhhZjc2MSIsImlhdCI6MTc4NDc5OTY3MSwiZXhwIjoxNzg1NDA0NDcxfQ.XtqvvgxYi_43mtsjpbElbbWChpvHhFSh_eG6XYLo8oU} @ http://semiconlab-staging-alb-124259420.ap-south-1.elb.amazonaws.com/main.dart.js:55885
[   41157ms] [LOG] [ApiService] Response Status: 200 @ http://semiconlab-staging-alb-124259420.ap-south-1.elb.amazonaws.com/main.dart.js:55885
[   41157ms] [LOG] [ApiService] Response URL: http://semiconlab-staging-alb-124259420.ap-south-1.elb.amazonaws.com:3000/v1/users/95 @ http://semiconlab-staging-alb-124259420.ap-south-1.elb.amazonaws.com/main.dart.js:55885
[   41277ms] [LOG] [ApiService] Response Status: 200 @ http://semiconlab-staging-alb-124259420.ap-south-1.elb.amazonaws.com/main.dart.js:55885
[   41278ms] [LOG] [ApiService] Response URL: http://semiconlab-staging-alb-124259420.ap-south-1.elb.amazonaws.com:3000/v1/users/95 @ http://semiconlab-staging-alb-124259420.ap-south-1.elb.amazonaws.com/main.dart.js:55885
[   41278ms] [LOG] [CoursesBody] Enrolled domains from profile: 1 @ http://semiconlab-staging-alb-124259420.ap-south-1.elb.amazonaws.com/main.dart.js:55885
[   41279ms] [LOG] [AuthService] getToken() - token exists: true, token length: 327 @ http://semiconlab-staging-alb-124259420.ap-south-1.elb.amazonaws.com/main.dart.js:55885
[   41279ms] [LOG] [ApiService] GET Request: /users/95/skills @ http://semiconlab-staging-alb-124259420.ap-south-1.elb.amazonaws.com/main.dart.js:55885
[   41279ms] [LOG] [ApiService] Headers: {Authorization: Bearer eyJhbGciOiJIUzI1NiIsInR5cCI6IkpXVCJ9.eyJlbWFpbCI6InN1cnlhLm5Ac2VtaWNvbm9zLmFpIiwic3ViIjo5NSwicm9sZSI6IkxlYXJuZXIiLCJvcmdJZCI6bnVsbCwidGVhbUlkIjpudWxsLCJhdmFpbGFibGVSb2xlcyI6W10sInNpZCI6ImI5NGVjYzQ3LTQ2MDItNDE5Zi1iMmY0LTViOTk1ODhhZjc2MSIsImlhdCI6MTc4NDc5OTY3MSwiZXhwIjoxNzg1NDA0NDcxfQ.XtqvvgxYi_43mtsjpbElbbWChpvHhFSh_eG6XYLo8oU} @ http://semiconlab-staging-alb-124259420.ap-south-1.elb.amazonaws.com/main.dart.js:55885
[   41280ms] [LOG] [ApiService] Response Status: 204 @ http://semiconlab-staging-alb-124259420.ap-south-1.elb.amazonaws.com/main.dart.js:55885
[   41280ms] [LOG] [ApiService] Response URL: http://semiconlab-staging-alb-124259420.ap-south-1.elb.amazonaws.com:3000/v1/users/95/modules?limit=100 @ http://semiconlab-staging-alb-124259420.ap-south-1.elb.amazonaws.com/main.dart.js:55885
[   41423ms] [LOG] [ApiService] Response Status: 200 @ http://semiconlab-staging-alb-124259420.ap-south-1.elb.amazonaws.com/main.dart.js:55885
[   41423ms] [LOG] [ApiService] Response URL: http://semiconlab-staging-alb-124259420.ap-south-1.elb.amazonaws.com:3000/v1/users/95/skills @ http://semiconlab-staging-alb-124259420.ap-south-1.elb.amazonaws.com/main.dart.js:55885
[   41426ms] [LOG] [AuthService] getToken() - token exists: true, token length: 327 @ http://semiconlab-staging-alb-124259420.ap-south-1.elb.amazonaws.com/main.dart.js:55885
[   41426ms] [LOG] [DiscoverService] GET /discover/learner-landing params={limit: 50, domainId: 17, domain_id: 17, sort-by: createdOn, sort-order: desc} @ http://semiconlab-staging-alb-124259420.ap-south-1.elb.amazonaws.com/main.dart.js:55885
[   41427ms] [LOG] [ApiService] GET Request: /discover/learner-landing?limit=50&domainId=17&domain_id=17&sort-by=createdOn&sort-order=desc @ http://semiconlab-staging-alb-124259420.ap-south-1.elb.amazonaws.com/main.dart.js:55885
[   41427ms] [LOG] [ApiService] Headers: {Authorization: Bearer eyJhbGciOiJIUzI1NiIsInR5cCI6IkpXVCJ9.eyJlbWFpbCI6InN1cnlhLm5Ac2VtaWNvbm9zLmFpIiwic3ViIjo5NSwicm9sZSI6IkxlYXJuZXIiLCJvcmdJZCI6bnVsbCwidGVhbUlkIjpudWxsLCJhdmFpbGFibGVSb2xlcyI6W10sInNpZCI6ImI5NGVjYzQ3LTQ2MDItNDE5Zi1iMmY0LTViOTk1ODhhZjc2MSIsImlhdCI6MTc4NDc5OTY3MSwiZXhwIjoxNzg1NDA0NDcxfQ.XtqvvgxYi_43mtsjpbElbbWChpvHhFSh_eG6XYLo8oU} @ http://semiconlab-staging-alb-124259420.ap-south-1.elb.amazonaws.com/main.dart.js:55885
[   41451ms] [LOG] [AuthService] getToken() - token exists: true, token length: 327 @ http://semiconlab-staging-alb-124259420.ap-south-1.elb.amazonaws.com/main.dart.js:55885
[   41452ms] [LOG] [ApiService] GET Request: labs-api/start-status?domain_id=17 @ http://semiconlab-staging-alb-124259420.ap-south-1.elb.amazonaws.com/main.dart.js:55885
[   41452ms] [LOG] [ApiService] Headers: {Authorization: Bearer eyJhbGciOiJIUzI1NiIsInR5cCI6IkpXVCJ9.eyJlbWFpbCI6InN1cnlhLm5Ac2VtaWNvbm9zLmFpIiwic3ViIjo5NSwicm9sZSI6IkxlYXJuZXIiLCJvcmdJZCI6bnVsbCwidGVhbUlkIjpudWxsLCJhdmFpbGFibGVSb2xlcyI6W10sInNpZCI6ImI5NGVjYzQ3LTQ2MDItNDE5Zi1iMmY0LTViOTk1ODhhZjc2MSIsImlhdCI6MTc4NDc5OTY3MSwiZXhwIjoxNzg1NDA0NDcxfQ.XtqvvgxYi_43mtsjpbElbbWChpvHhFSh_eG6XYLo8oU} @ http://semiconlab-staging-alb-124259420.ap-south-1.elb.amazonaws.com/main.dart.js:55885
[   41453ms] [LOG] [AuthService] getToken() - token exists: true, token length: 327 @ http://semiconlab-staging-alb-124259420.ap-south-1.elb.amazonaws.com/main.dart.js:55885
[   41453ms] [LOG] [AuthService] getToken() - token exists: true, token length: 327 @ http://semiconlab-staging-alb-124259420.ap-south-1.elb.amazonaws.com/main.dart.js:55885
[   41453ms] [LOG] [ApiService] GET Request: labs-api/available-labs @ http://semiconlab-staging-alb-124259420.ap-south-1.elb.amazonaws.com/main.dart.js:55885
[   41454ms] [LOG] [ApiService] Headers: {Authorization: Bearer eyJhbGciOiJIUzI1NiIsInR5cCI6IkpXVCJ9.eyJlbWFpbCI6InN1cnlhLm5Ac2VtaWNvbm9zLmFpIiwic3ViIjo5NSwicm9sZSI6IkxlYXJuZXIiLCJvcmdJZCI6bnVsbCwidGVhbUlkIjpudWxsLCJhdmFpbGFibGVSb2xlcyI6W10sInNpZCI6ImI5NGVjYzQ3LTQ2MDItNDE5Zi1iMmY0LTViOTk1ODhhZjc2MSIsImlhdCI6MTc4NDc5OTY3MSwiZXhwIjoxNzg1NDA0NDcxfQ.XtqvvgxYi_43mtsjpbElbbWChpvHhFSh_eG6XYLo8oU} @ http://semiconlab-staging-alb-124259420.ap-south-1.elb.amazonaws.com/main.dart.js:55885
[   41640ms] [LOG] [ApiService] Response Status: 200 @ http://semiconlab-staging-alb-124259420.ap-south-1.elb.amazonaws.com/main.dart.js:55885
[   41640ms] [LOG] [ApiService] Response URL: http://semiconlab-staging-alb-124259420.ap-south-1.elb.amazonaws.com:3000/v1/labs-api/start-status?domain_id=17 @ http://semiconlab-staging-alb-124259420.ap-south-1.elb.amazonaws.com/main.dart.js:55885
[   41641ms] [LOG] [ApiService] Response Status: 200 @ http://semiconlab-staging-alb-124259420.ap-south-1.elb.amazonaws.com/main.dart.js:55885
[   41641ms] [LOG] [ApiService] Response URL: http://semiconlab-staging-alb-124259420.ap-south-1.elb.amazonaws.com:3000/v1/labs-api/available-labs @ http://semiconlab-staging-alb-124259420.ap-south-1.elb.amazonaws.com/main.dart.js:55885
[   41641ms] [LOG] [AuthService] getToken() - token exists: true, token length: 327 @ http://semiconlab-staging-alb-124259420.ap-south-1.elb.amazonaws.com/main.dart.js:55885
[   41642ms] [LOG] [ApiService] GET Request: /users/95 @ http://semiconlab-staging-alb-124259420.ap-south-1.elb.amazonaws.com/main.dart.js:55885
[   41642ms] [LOG] [ApiService] Headers: {Authorization: Bearer eyJhbGciOiJIUzI1NiIsInR5cCI6IkpXVCJ9.eyJlbWFpbCI6InN1cnlhLm5Ac2VtaWNvbm9zLmFpIiwic3ViIjo5NSwicm9sZSI6IkxlYXJuZXIiLCJvcmdJZCI6bnVsbCwidGVhbUlkIjpudWxsLCJhdmFpbGFibGVSb2xlcyI6W10sInNpZCI6ImI5NGVjYzQ3LTQ2MDItNDE5Zi1iMmY0LTViOTk1ODhhZjc2MSIsImlhdCI6MTc4NDc5OTY3MSwiZXhwIjoxNzg1NDA0NDcxfQ.XtqvvgxYi_43mtsjpbElbbWChpvHhFSh_eG6XYLo8oU} @ http://semiconlab-staging-alb-124259420.ap-south-1.elb.amazonaws.com/main.dart.js:55885
[   41698ms] [LOG] [ApiService] Response Status: 200 @ http://semiconlab-staging-alb-124259420.ap-south-1.elb.amazonaws.com/main.dart.js:55885
[   41698ms] [LOG] [ApiService] Response URL: http://semiconlab-staging-alb-124259420.ap-south-1.elb.amazonaws.com:3000/v1/discover/learner-landing?limit=50&domainId=17&domain_id=17&sort-by=createdOn&sort-order=desc @ http://semiconlab-staging-alb-124259420.ap-south-1.elb.amazonaws.com/main.dart.js:55885
[   41700ms] [LOG] [CoursesBody] Landing response: {data: {certifications: [{id: 67, title: testing, description: dfda, level_of_difficulty: Intermediate, image_url: null, domain_id: 17, domain_name: Physical Design, tool_id: 3, tool: {id: 3, name: Cadence}, modules_count: 0, practicals: 0, lab_testcases_count: 0, duration: null}, {id: 66, title: Basic STA - Synopsys, description: Static Timing Analysis including basic STA flow and DMSA-based ECO generation for logical and physical domains., level_of_difficulty: Advanced, image_url: null, domain_id: 17, domain_name: Physical Design, tool_id: 2, tool: {id: 2, name: Synopsys}, modules_count: 1, practicals: 2, lab_testcases_count: 2, duration: 3}, {id: 65, title: Basic STA - Cadence, description: Static Timing Analysis including basic STA flow and DMSA-based ECO generation for logical and physical domains., level_of_difficulty: Advanced, image_url: null, domain_id: 17, domain_name: Physical Design, tool_id: 3, tool: {id: 3, name: Cadence}, modules_count: 2, practicals: 4, lab_testcases_count: 4, duration: 6}, {id: 64, title: Basic PV - Synopsys, description: Physical Verification encompassing GDS merging and sign-off checks., level_of_difficulty: Intermediate, image_url: null, domain_id: 17, domain_name: Physical Design, tool_id: 2, tool: {id: 2, name: Synopsys}, modules_count: 1, practicals: 0, lab_testcases_count: 0, duration: 50}, {id: 63, title: Basic PV - Cadence, description: Physical Verification encompassing GDS merging and sign-off checks., level_of_difficulty: Intermediate, image_url: null, domain_id: 17, domain_name: Physical Design, tool_id: 3, tool: {id: 3, name: Cadence}, modules_count: 1, practicals: 0, lab_testcases_count: 0, duration: 50}, {id: 62, title: Basic PnR - Synopsys, description: Complete Place-and-Route flow covering design init, floorplan, placement, CTS, routing, post-route, chip finish, power planning, filler gaps, DRC/LVS, antenna, and dummy fill., level_of_difficulty: Advanced, image_url: null, domain_id: 17, domain_name: Physical Design, tool_id: 2, tool: {id: 2, name: Synopsys}, modules_count: 6, practicals: 12, lab_testcases_count: 12, duration: 12}, {id: 61, title: Basic PnR - Cadence, description: Complete Place-and-Route flow covering design init, floorplan, placement, CTS, routing, post-route, chip finish, power planning, filler gaps, DRC/LVS, antenna, and dummy fill., level_of_difficulty: Advanced, image_url: null, domain_id: 17, domain_name: Physical Design, tool_id: 3, tool: {id: 3, name: Cadence}, modules_count: 6, practicals: 12, lab_testcases_count: 12, duration: 12}, {id: 60, title: Basic LEC - Synopsys, description: Logical Equivalence Checking using Formality for RTL-to-netlist and netlist-to-netlist comparisons, including clock-gating app option issues., level_of_difficulty: Intermediate, image_url: null, domain_id: 17, domain_name: Physical Design, tool_id: 2, tool: {id: 2, name: Synopsys}, modules_count: 3, practicals: 7, lab_testcases_count: 7, duration: 6}, {id: 59, title: Basic LEC - Cadence, description: Logical Equivalence Checking using Formality for RTL-to-netlist and netlist-to-netlist comparisons, including clock-gating app option issues., level_of_difficulty: Intermediate, image_url: null, domain_id: 17, domain_name: Physical Design, tool_id: 3, tool: {id: 3, name: Cadence}, modules_count: 0, practicals: 0, lab_testcases_count: 0, duration: null}, {id: 58, title: Basic Synthesis - Synopsys, description: Covers RTL-to-netlist conversion including unresolved references, timing checks, logic-aware synthesis, and physical-aware synthesis flows., level_of_difficulty: Intermediate, image_url: null, domain_id: 17, domain_name: Physical Design, tool_id: 2, tool: {id: 2, name: Synopsys}, modules_count: 4, practicals: 8, lab_testcases_count: 8, duration: 8}, {id: 57, title: Basic Synthesis - Cadence, description: Covers RTL-to-netlist conversion including unresolved references, timing checks, logic-aware synthesis, and physical-aware synthesis flows., level_of_difficulty: Intermediate, image_url: null, domain_id: 17, domain_name: Physical Design, tool_id: 3, tool: {id: 3, name: Cadence}, modules_count: 4, practicals: 8, lab_testcases_count: 8, duration: 8}], top_picked_modules: [{type: module, id: 86, name: DRC Flow - Calibre, description: null, duration: 50, level: Beginner, image_url: null, enrolled_count: 1, lab_testcases_count: 0, practicals: 0}, {type: module, id: 82, name: Chip Finish (Synopsys), description: Execute chip-finish steps to prepare the design for tape-out. Tool: Synopsys., duration: 2, level: Advanced, image_url: null, enrolled_count: 1, lab_testcases_count: 2, practicals: 2}, {type: module, id: 81, name: Chip Finish (Cadence), description: Execute chip-finish steps to prepare the design for tape-out. Tool: Cadence., duration: 2, level: Advanced, image_url: null, enrolled_count: 1, lab_testcases_count: 2, practicals: 2}, {type: module, id: 80, name: Route (Synopsys), description: Execute global and detail routing while meeting DRC and timing constraints. Tool: Synopsys., duration: 2, level: Advanced, image_url: null, enrolled_count: 1, lab_testcases_count: 2, practicals: 2}, {type: module, id: 79, name: Route (Cadence), description: Execute global and detail routing while meeting DRC and timing constraints. Tool: Cadence., duration: 2, level: Advanced, image_url: null, enrolled_count: 1, lab_testcases_count: 2, practicals: 2}, {type: module, id: 78, name: CTS (Synopsys), description: Build and optimize the clock tree to meet skew and latency specifications. Tool: Synopsys., duration: 2, level: Advanced, image_url: null, enrolled_count: 1, lab_testcases_count: 2, practicals: 2}, {type: module, id: 77, name: CTS (Cadence), description: Build and optimize the clock tree to meet skew and latency specifications. Tool: Cadence., duration: 2, level: Advanced, image_url: null, enrolled_count: 1, lab_testcases_count: 2, practicals: 2}, {type: module, id: 76, name: Placement (Synopsys), description: Perform standard-cell placement optimizing for timing, congestion, and area. Tool: Synopsys., duration: 2, level: Advanced, image_url: null, enrolled_count: 1, lab_testcases_count: 2, practicals: 2}, {type: module, id: 75, name: Placement (Cadence), description: Perform standard-cell placement optimizing for timing, congestion, and area. Tool: Cadence., duration: 2, level: Advanced, image_url: null, enrolled_count: 1, lab_testcases_count: 2, practicals: 2}, {type: module, id: 74, name: Floorplan (Synopsys), description: Define die/core area, place hard macros, and create the floorplan for the design. Tool: Synopsys., duration: 2, level: Advanced, image_url: null, enrolled_count: 1, lab_testcases_count: 2, practicals: 2}, {type: module, id: 73, name: Floorplan (Cadence), description: Define die/core area, place hard macros, and create the floorplan for the design. Tool: Cadence., duration: 2, level: Advanced, image_url: null, enrolled_count: 1, lab_testcases_count: 2, practicals: 2}, {type: module, id: 72, name: Design Init (Synopsys), description: Initialize the PnR design database, load libraries, and verify design setup. Tool: Synopsys., duration: 2, level: Advanced, image_url: null, enrolled_count: 1, lab_testcases_count: 2, practicals: 2}, {type: module, id: 71, name: Design Init (Cadence), description: Initialize the PnR design database, load libraries, and verify design setup. Tool: Cadence., duration: 2, level: Advanced, image_url: null, enrolled_count: 1, lab_testcases_count: 2, practicals: 2}, {type: module, id: 67, name: Physical Aware Synthesis (Synopsys), description: Run physical-aware synthesis using placement constraints to improve timing and area. Tool: Synopsys., duration: 2, level: Intermediate, image_url: null, enrolled_count: 1, lab_testcases_count: 2, practicals: 2}, {type: module, id: 66, name: Physical Aware Synthesis (Cadence), description: Run physical-aware synthesis using placement constraints to improve timing and area. Tool: Cadence., duration: 2, level: Intermediate, image_url: null, enrolled_count: 1, lab_testcases_count: 2, practicals: 2}, {type: module, id: 65, name: Logic Aware Synthesis (Synopsys), description: Apply logic-aware synthesis optimizations to improve quality of results. Tool: Synopsys., duration: 2, level: Intermediate, image_url: null, enrolled_count: 1, lab_testcases_count: 2, practicals: 2}, {type: module, id: 64, name: Logic Aware Synthesis (Cadence), description: Apply logic-aware synthesis optimizations to improve quality of results. Tool: Cadence., duration: 2, level: Intermediate, image_url: null, enrolled_count: 1, lab_testcases_count: 2, practicals: 2}, {type: module, id: 63, name: Check Timing Issues (Synopsys), description: Analyze and resolve timing violations reported during the synthesis flow. Tool: Synopsys., duration: 2, level: Intermediate, image_url: null, enrolled_count: 1, lab_testcases_count: 2, practicals: 2}, {type: module, id: 62, name: Check Timing Issues (Cadence), description: Analyze and resolve timing violations reported during the synthesis flow. Tool: Cadence., duration: 2, level: Intermediate, image_url: null, enrolled_count: 1, lab_testcases_count: 2, practicals: 2}, {type: module, id: 61, name: Unresolved References (Synopsys), description: Identify and resolve unresolved reference errors encountered during synthesis. Tool: Synopsys., duration: 2, level: Intermediate, image_url: null, enrolled_count: 1, lab_testcases_count: 2, practicals: 2}, {type: module, id: 60, name: Unresolved References (Cadence), description: Identify and resolve unresolved reference errors encountered during synthesis. Tool: Cadence., duration: 2, level: Intermediate, image_url: null, enrolled_count: 1, lab_testcases_count: 2, practicals: 2}], top_picked: [{type: skill, id: 61, title: Basic PnR - Cadence, description: Complete Place-and-Route flow covering design init, floorplan, placement, CTS, routing, post-route, chip finish, power planning, filler gaps, DRC/LVS, antenna, and dummy fill., level_of_difficulty: Advanced, image_url: null, domain_id: 17, domain_name: Physical Design, enrolled_count: 1, tool_id: 3, tool: {id: 3, name: Cadence}, modules_count: 6, practicals: 12, lab_testcases_count: 12, duration: 12}, {type: skill, id: 62, title: Basic PnR - Synopsys, description: Complete Place-and-Route flow covering design init, floorplan, placement, CTS, routing, post-route, chip finish, power planning, filler gaps, DRC/LVS, antenna, and dummy fill., level_of_difficulty: Advanced, image_url: null, domain_id: 17, domain_name: Physical Design, enrolled_count: 1, tool_id: 2, tool: {id: 2, name: Synopsys}, modules_count: 6, practicals: 12, lab_testcases_count: 12, duration: 12}, {type: skill, id: 64, title: Basic PV - Synopsys, description: Physical Verification encompassing GDS merging and sign-off checks., level_of_difficulty: Intermediate, image_url: null, domain_id: 17, domain_name: Physical Design, enrolled_count: 1, tool_id: 2, tool: {id: 2, name: Synopsys}, modules_count: 1, practicals: 0, lab_testcases_count: 0, duration: 50}, {type: skill, id: 57, title: Basic Synthesis - Cadence, description: Covers RTL-to-netlist conversion including unresolved references, timing checks, logic-aware synthesis, and physical-aware synthesis flows., level_of_difficulty: Intermediate, image_url: null, domain_id: 17, domain_name: Physical Design, enrolled_count: 1, tool_id: 3, tool: {id: 3, name: Cadence}, modules_count: 4, practicals: 8, lab_testcases_count: 8, duration: 8}, {type: skill, id: 58, title: Basic Synthesis - Synopsys, description: Covers RTL-to-netlist conversion including unresolved references, timing checks, logic-aware synthesis, and physical-aware synthesis flows., level_of_difficulty: Intermediate, image_url: null, domain_id: 17, domain_name: Physical Design, enrolled_count: 1, tool_id: 2, tool: {id: 2, name: Synopsys}, modules_count: 4, practicals: 8, lab_testcases_count: 8, duration: 8}, {type: module, id: 62, name: Check Timing Issues (Cadence), description: Analyze and resolve timing violations reported during the synthesis flow. Tool: Cadence., duration: 2, level: Intermediate, image_url: null, enrolled_count: 1, lab_testcases_count: 2, practicals: 2}, {type: module, id: 63, name: Check Timing Issues (Synopsys), description: Analyze and resolve timing violations reported during the synthesis flow. Tool: Synopsys., duration: 2, level: Intermediate, image_url: null, enrolled_count: 1, lab_testcases_count: 2, practicals: 2}, {type: module, id: 81, name: Chip Finish (Cadence), description: Execute chip-finish steps to prepare the design for tape-out. Tool: Cadence., duration: 2, level: Advanced, image_url: null, enrolled_count: 1, lab_testcases_count: 2, practicals: 2}, {type: module, id: 82, name: Chip Finish (Synopsys), description: Execute chip-finish steps to prepare the design for tape-out. Tool: Synopsys., duration: 2, level: Advanced, image_url: null, enrolled_count: 1, lab_testcases_count: 2, practicals: 2}, {type: module, id: 77, name: CTS (Cadence), description: Build and optimize the clock tree to meet skew and latency specifications. Tool: Cadence., duration: 2, level: Advanced, image_url: null, enrolled_count: 1, lab_testcases_count: 2, practicals: 2}, {type: module, id: 78, name: CTS (Synopsys), description: Build and optimize the clock tree to meet skew and latency specifications. Tool: Synopsys., duration: 2, level: Advanced, image_url: null, enrolled_count: 1, lab_testcases_count: 2, practicals: 2}, {type: module, id: 71, name: Design Init (Cadence), description: Initialize the PnR design database, load libraries, and verify design setup. Tool: Cadence., duration: 2, level: Advanced, image_url: null, enrolled_count: 1, lab_testcases_count: 2, practicals: 2}, {type: module, id: 72, name: Design Init (Synopsys), description: Initialize the PnR design database, load libraries, and verify design setup. Tool: Synopsys., duration: 2, level: Advanced, image_url: null, enrolled_count: 1, lab_testcases_count: 2, practicals: 2}, {type: module, id: 86, name: DRC Flow - Calibre, description: null, duration: 50, level: Beginner, image_url: null, enrolled_count: 1, lab_testcases_count: 0, practicals: 0}, {type: module, id: 73, name: Floorplan (Cadence), description: Define die/core area, place hard macros, and create the floorplan for the design. Tool: Cadence., duration: 2, level: Advanced, image_url: null, enrolled_count: 1, lab_testcases_count: 2, practicals: 2}, {type: module, id: 74, name: Floorplan (Synopsys), description: Define die/core area, place hard macros, and create the floorplan for the design. Tool: Synopsys., duration: 2, level: Advanced, image_url: null, enrolled_count: 1, lab_testcases_count: 2, practicals: 2}, {type: module, id: 64, name: Logic Aware Synthesis (Cadence), description: Apply logic-aware synthesis optimizations to improve quality of results. Tool: Cadence., duration: 2, level: Intermediate, image_url: null, enrolled_count: 1, lab_testcases_count: 2, practicals: 2}, {type: module, id: 65, name: Logic Aware Synthesis (Synopsys), description: Apply logic-aware synthesis optimizations to improve quality of results. Tool: Synopsys., duration: 2, level: Intermediate, image_url: null, enrolled_count: 1, lab_testcases_count: 2, practicals: 2}, {type: module, id: 66, name: Physical Aware Synthesis (Cadence), description: Run physical-aware synthesis using placement constraints to improve timing and area. Tool: Cadence., duration: 2, level: Intermediate, image_url: null, enrolled_count: 1, lab_testcases_count: 2, practicals: 2}, {type: module, id: 67, name: Physical Aware Synthesis (Synopsys), description: Run physical-aware synthesis using placement constraints to improve timing and area. Tool: Synopsys., duration: 2, level: Intermediate, image_url: null, enrolled_count: 1, lab_testcases_count: 2, practicals: 2}, {type: module, id: 75, name: Placement (Cadence), description: Perform standard-cell placement optimizing for timing, congestion, and area. Tool: Cadence., duration: 2, level: Advanced, image_url: null, enrolled_count: 1, lab_testcases_count: 2, practicals: 2}, {type: module, id: 76, name: Placement (Synopsys), description: Perform standard-cell placement optimizing for timing, congestion, and area. Tool: Synopsys., duration: 2, level: Advanced, image_url: null, enrolled_count: 1, lab_testcases_count: 2, practicals: 2}, {type: module, id: 79, name: Route (Cadence), description: Execute global and detail routing while meeting DRC and timing constraints. Tool: Cadence., duration: 2, level: Advanced, image_url: null, enrolled_count: 1, lab_testcases_count: 2, practicals: 2}, {type: module, id: 80, name: Route (Synopsys), description: Execute global and detail routing while meeting DRC and timing constraints. Tool: Synopsys., duration: 2, level: Advanced, image_url: null, enrolled_count: 1, lab_testcases_count: 2, practicals: 2}, {type: module, id: 60, name: Unresolved References (Cadence), description: Identify and resolve unresolved reference errors encountered during synthesis. Tool: Cadence., duration: 2, level: Intermediate, image_url: null, enrolled_count: 1, lab_testcases_count: 2, practicals: 2}, {type: module, id: 61, name: Unresolved References (Synopsys), description: Identify and resolve unresolved reference errors encountered during synthesis. Tool: Synopsys., duration: 2, level: Intermediate, image_url: null, enrolled_count: 1, lab_testcases_count: 2, practicals: 2}], top_picked_skills: [{type: skill, id: 61, title: Basic PnR - Cadence, description: Complete Place-and-Route flow covering design init, floorplan, placement, CTS, routing, post-route, chip finish, power planning, filler gaps, DRC/LVS, antenna, and dummy fill., level_of_difficulty: Advanced, image_url: null, domain_id: 17, domain_name: Physical Design, enrolled_count: 1, tool_id: 3, tool: {id: 3, name: Cadence}, modules_count: 6, practicals: 12, lab_testcases_count: 12, duration: 12}, {type: skill, id: 62, title: Basic PnR - Synopsys, description: Complete Place-and-Route flow covering design init, floorplan, placement, CTS, routing, post-route, chip finish, power planning, filler gaps, DRC/LVS, antenna, and dummy fill., level_of_difficulty: Advanced, image_url: null, domain_id: 17, domain_name: Physical Design, enrolled_count: 1, tool_id: 2, tool: {id: 2, name: Synopsys}, modules_count: 6, practicals: 12, lab_testcases_count: 12, duration: 12}, {type: skill, id: 64, title: Basic PV - Synopsys, description: Physical Verification encompassing GDS merging and sign-off checks., level_of_difficulty: Intermediate, image_url: null, domain_id: 17, domain_name: Physical Design, enrolled_count: 1, tool_id: 2, tool: {id: 2, name: Synopsys}, modules_count: 1, practicals: 0, lab_testcases_count: 0, duration: 50}, {type: skill, id: 57, title: Basic Synthesis - Cadence, description: Covers RTL-to-netlist conversion including unresolved references, timing checks, logic-aware synthesis, and physical-aware synthesis flows., level_of_difficulty: Intermediate, image_url: null, domain_id: 17, domain_name: Physical Design, enrolled_count: 1, tool_id: 3, tool: {id: 3, name: Cadence}, modules_count: 4, practicals: 8, lab_testcases_count: 8, duration: 8}, {type: skill, id: 58, title: Basic Synthesis - Synopsys, description: Covers RTL-to-netlist conversion including unresolved references, timing checks, logic-aware synthesis, and physical-aware synthesis flows., level_of_difficulty: Intermediate, image_url: null, domain_id: 17, domain_name: Physical Design, enrolled_count: 1, tool_id: 2, tool: {id: 2, name: Synopsys}, modules_count: 4, practicals: 8, lab_testcases_count: 8, duration: 8}, {type: skill, id: 59, title: Basic LEC - Cadence, description: Logical Equivalence Checking using Formality for RTL-to-netlist and netlist-to-netlist comparisons, including clock-gating app option issues., level_of_difficulty: Intermediate, image_url: null, domain_id: 17, domain_name: Physical Design, enrolled_count: 0, tool_id: 3, tool: {id: 3, name: Cadence}, modules_count: 0, practicals: 0, lab_testcases_count: 0, duration: null}, {type: skill, id: 60, title: Basic LEC - Synopsys, description: Logical Equivalence Checking using Formality for RTL-to-netlist and netlist-to-netlist comparisons, including clock-gating app option issues., level_of_difficulty: Intermediate, image_url: null, domain_id: 17, domain_name: Physical Design, enrolled_count: 0, tool_id: 2, tool: {id: 2, name: Synopsys}, modules_count: 3, practicals: 7, lab_testcases_count: 7, duration: 6}, {type: skill, id: 63, title: Basic PV - Cadence, description: Physical Verification encompassing GDS merging and sign-off checks., level_of_difficulty: Intermediate, image_url: null, domain_id: 17, domain_name: Physical Design, enrolled_count: 0, tool_id: 3, tool: {id: 3, name: Cadence}, modules_count: 1, practicals: 0, lab_testcases_count: 0, duration: 50}, {type: skill, id: 65, title: Basic STA - Cadence, description: Static Timing Analysis including basic STA flow and DMSA-based ECO generation for logical and physical domains., level_of_difficulty: Advanced, image_url: null, domain_id: 17, domain_name: Physical Design, enrolled_count: 0, tool_id: 3, tool: {id: 3, name: Cadence}, modules_count: 2, practicals: 4, lab_testcases_count: 4, duration: 6}, {type: skill, id: 66, title: Basic STA - Synopsys, description: Static Timing Analysis including basic STA flow and DMSA-based ECO generation for logical and physical domains., level_of_difficulty: Advanced, image_url: null, domain_id: 17, domain_name: Physical Design, enrolled_count: 0, tool_id: 2, tool: {id: 2, name: Synopsys}, modules_count: 1, practicals: 2, lab_testcases_count: 2, duration: 3}, {type: skill, id: 67, title: testing, description: dfda, level_of_difficulty: Intermediate, image_url: null, domain_id: 17, domain_name: Physical Design, enrolled_count: 0, tool_id: 3, tool: {id: 3, name: Cadence}, modules_count: 0, practicals: 0, lab_testcases_count: 0, duration: null}], recommended_domains: [{id: 17, name: Physical Design, description: null, image_url: null, skills_count: 11, modules_count: 26, enrolled_count: 7, supported_tools: []}, {id: 16, name: Design Verification, description: null, image_url: null, skills_count: 7, modules_count: 19, enrolled_count: 6, supported_tools: []}, {id: 18, name: Analog Layout, description: al, image_url: null, skills_count: 8, modules_count: 12, enrolled_count: 4, supported_tools: []}]}} @ http://semiconlab-staging-alb-124259420.ap-south-1.elb.amazonaws.com/main.dart.js:55885
[   41702ms] [LOG] [ApiService] GET Request: /modules?page=1&limit=100&domainId=17&sort-by=createdOn&sort-order=desc @ http://semiconlab-staging-alb-124259420.ap-south-1.elb.amazonaws.com/main.dart.js:55885
[   41702ms] [LOG] [ApiService] Headers: {Authorization: Bearer eyJhbGciOiJIUzI1NiIsInR5cCI6IkpXVCJ9.eyJlbWFpbCI6InN1cnlhLm5Ac2VtaWNvbm9zLmFpIiwic3ViIjo5NSwicm9sZSI6IkxlYXJuZXIiLCJvcmdJZCI6bnVsbCwidGVhbUlkIjpudWxsLCJhdmFpbGFibGVSb2xlcyI6W10sInNpZCI6ImI5NGVjYzQ3LTQ2MDItNDE5Zi1iMmY0LTViOTk1ODhhZjc2MSIsImlhdCI6MTc4NDc5OTY3MSwiZXhwIjoxNzg1NDA0NDcxfQ.XtqvvgxYi_43mtsjpbElbbWChpvHhFSh_eG6XYLo8oU} @ http://semiconlab-staging-alb-124259420.ap-south-1.elb.amazonaws.com/main.dart.js:55885
[   41829ms] [LOG] [ApiService] Response Status: 200 @ http://semiconlab-staging-alb-124259420.ap-south-1.elb.amazonaws.com/main.dart.js:55885
[   41830ms] [LOG] [ApiService] Response URL: http://semiconlab-staging-alb-124259420.ap-south-1.elb.amazonaws.com:3000/v1/users/95 @ http://semiconlab-staging-alb-124259420.ap-south-1.elb.amazonaws.com/main.dart.js:55885
[   41887ms] [LOG] [ApiService] Response Status: 200 @ http://semiconlab-staging-alb-124259420.ap-south-1.elb.amazonaws.com/main.dart.js:55885
[   41888ms] [LOG] [ApiService] Response URL: http://semiconlab-staging-alb-124259420.ap-south-1.elb.amazonaws.com:3000/v1/modules?page=1&limit=100&domainId=17&sort-by=createdOn&sort-order=desc @ http://semiconlab-staging-alb-124259420.ap-south-1.elb.amazonaws.com/main.dart.js:55885
[   42613ms] [LOG] [ApiService] GET Request: labs-api/available-labs @ http://semiconlab-staging-alb-124259420.ap-south-1.elb.amazonaws.com/main.dart.js:55885
[   42615ms] [LOG] [ApiService] Headers: {Authorization: Bearer eyJhbGciOiJIUzI1NiIsInR5cCI6IkpXVCJ9.eyJlbWFpbCI6InN1cnlhLm5Ac2VtaWNvbm9zLmFpIiwic3ViIjo5NSwicm9sZSI6IkxlYXJuZXIiLCJvcmdJZCI6bnVsbCwidGVhbUlkIjpudWxsLCJhdmFpbGFibGVSb2xlcyI6W10sInNpZCI6ImI5NGVjYzQ3LTQ2MDItNDE5Zi1iMmY0LTViOTk1ODhhZjc2MSIsImlhdCI6MTc4NDc5OTY3MSwiZXhwIjoxNzg1NDA0NDcxfQ.XtqvvgxYi_43mtsjpbElbbWChpvHhFSh_eG6XYLo8oU} @ http://semiconlab-staging-alb-124259420.ap-south-1.elb.amazonaws.com/main.dart.js:55885
[   42786ms] [LOG] [AuthService] getToken() - token exists: true, token length: 327 @ http://semiconlab-staging-alb-124259420.ap-south-1.elb.amazonaws.com/main.dart.js:55885
[   42786ms] [LOG] [ModuleService] Base URL: http://Semiconlab-Staging-ALB-124259420.ap-south-1.elb.amazonaws.com:3000/v1 @ http://semiconlab-staging-alb-124259420.ap-south-1.elb.amazonaws.com/main.dart.js:55885
[   42786ms] [LOG] [ModuleService] Modules Endpoint: /modules @ http://semiconlab-staging-alb-124259420.ap-south-1.elb.amazonaws.com/main.dart.js:55885
[   42787ms] [LOG] [ModuleService] Full URL will be: http://Semiconlab-Staging-ALB-124259420.ap-south-1.elb.amazonaws.com:3000/v1/modules @ http://semiconlab-staging-alb-124259420.ap-south-1.elb.amazonaws.com/main.dart.js:55885
[   42787ms] [LOG] [ModuleService] Calling GET /modules with params: {page: 1, limit: 100, domainId: 17, sort-by: createdOn, sort-order: desc} @ http://semiconlab-staging-alb-124259420.ap-south-1.elb.amazonaws.com/main.dart.js:55885
[   42787ms] [LOG] [ModuleService] Response status: 200 @ http://semiconlab-staging-alb-124259420.ap-south-1.elb.amazonaws.com/main.dart.js:55885
[   42787ms] [LOG] [ModuleService] Response data type: minified:asm @ http://semiconlab-staging-alb-124259420.ap-south-1.elb.amazonaws.com/main.dart.js:55885
[   42787ms] [LOG] [ModuleService] Response data: {data: [{id: 85, created_on: 2026-07-15T06:36:04.427Z, updated_on: 2026-07-15T06:36:04.427Z, name: DMSA Based ECO Generation (Synopsys), description: Perform distributed multi-scenario STA and generate logical and physical ECOs to close timing. Tool: Synopsys., duration: 3, level: Advanced, image_url: null, external_module_id: STA-SNPS-DMSA, lab_testcases_count: 2, practicals: 2}, {id: 84, created_on: 2026-07-15T06:36:04.357Z, updated_on: 2026-07-15T06:36:04.357Z, name: DMSA Based ECO Generation (Cadence), description: Perform distributed multi-scenario STA and generate logical and physical ECOs to close timing. Tool: Cadence., duration: 3, level: Advanced, image_url: null, external_module_id: STA-CDN-DMSA, lab_testcases_count: 2, practicals: 2}, {id: 83, created_on: 2026-07-15T06:36:04.328Z, updated_on: 2026-07-15T06:36:04.328Z, name: Basic STA Flow (Cadence), description: Set up and run static timing analysis; interpret slack reports and identify critical paths. Tool: Cadence., duration: 3, level: Advanced, image_url: null, external_module_id: STA-CDN-STA, lab_testcases_count: 2, practicals: 2}, {id: 82, created_on: 2026-07-15T06:36:04.302Z, updated_on: 2026-07-15T06:36:04.302Z, name: Chip Finish (Synopsys), description: Execute chip-finish steps to prepare the design for tape-out. Tool: Synopsys., duration: 2, level: Advanced, image_url: null, external_module_id: PNR-SNPS-CF, lab_testcases_count: 2, practicals: 2}, {id: 81, created_on: 2026-07-15T06:36:04.250Z, updated_on: 2026-07-15T06:36:04.250Z, name: Chip Finish (Cadence), description: Execute chip-finish steps to prepare the design for tape-out. Tool: Cadence., duration: 2, level: Advanced, image_url: null, external_module_id: PNR-CDN-CF, lab_testcases_count: 2, practicals: 2}, {id: 80, created_on: 2026-07-15T06:36:04.219Z, updated_on: 2026-07-15T06:36:04.219Z, name: Route (Synopsys), description: Execute global and detail routing while meeting DRC and timing constraints. Tool: Synopsys., duration: 2, level: Advanced, image_url: null, external_module_id: PNR-SNPS-RT, lab_testcases_count: 2, practicals: 2}, {id: 79, created_on: 2026-07-15T06:36:04.153Z, updated_on: 2026-07-15T06:36:04.153Z, name: Route (Cadence), description: Execute global and detail routing while meeting DRC and timing constraints. Tool: Cadence., duration: 2, level: Advanced, image_url: null, external_module_id: PNR-CDN-RT, lab_testcases_count: 2, practicals: 2}, {id: 78, created_on: 2026-07-15T06:36:04.124Z, updated_on: 2026-07-15T06:36:04.124Z, name: CTS (Synopsys), description: Build and optimize the clock tree to meet skew and latency specifications. Tool: Synopsys., duration: 2, level: Advanced, image_url: null, external_module_id: PNR-SNPS-CTS, lab_testcases_count: 2, practicals: 2}, {id: 77, created_on: 2026-07-15T06:36:04.080Z, updated_on: 2026-07-15T06:36:04.080Z, name: CTS (Cadence), description: Build and optimize the clock tree to meet skew and latency specifications. Tool: Cadence., duration: 2, level: Advanced, image_url: null, external_module_id: PNR-CDN-CTS, lab_testcases_count: 2, practicals: 2}, {id: 76, created_on: 2026-07-15T06:36:04.017Z, updated_on: 2026-07-15T06:36:04.017Z, name: Placement (Synopsys), description: Perform standard-cell placement optimizing for timing, congestion, and area. Tool: Synopsys., duration: 2, level: Advanced, image_url: null, external_module_id: PNR-SNPS-PL, lab_testcases_count: 2, practicals: 2}, {id: 75, created_on: 2026-07-15T06:36:03.914Z, updated_on: 2026-07-15T06:36:03.914Z, name: Placement (Cadence), description: Perform standard-cell placement optimizing for timing, congestion, and area. Tool: Cadence., duration: 2, level: Advanced, image_url: null, external_module_id: PNR-CDN-PL, lab_testcases_count: 2, practicals: 2}, {id: 74, created_on: 2026-07-15T06:36:03.869Z, updated_on: 2026-07-15T06:36:03.869Z, name: Floorplan (Synopsys), description: Define die/core area, place hard macros, and create the floorplan for the design. Tool: Synopsys., duration: 2, level: Advanced, image_url: null, external_module_id: PNR-SNPS-FP, lab_testcases_count: 2, practicals: 2}, {id: 73, created_on: 2026-07-15T06:36:03.839Z, updated_on: 2026-07-15T06:36:03.839Z, name: Floorplan (Cadence), description: Define die/core area, place hard macros, and create the floorplan for the design. Tool: Cadence., duration: 2, level: Advanced, image_url: null, external_module_id: PNR-CDN-FP, lab_testcases_count: 2, practicals: 2}, {id: 72, created_on: 2026-07-15T06:36:03.810Z, updated_on: 2026-07-15T06:36:03.810Z, name: Design Init (Synopsys), description: Initialize the PnR design database, load libraries, and verify design setup. Tool: Synopsys., duration: 2, level: Advanced, image_url: null, external_module_id: PNR-SNPS-DI, lab_testcases_count: 2, practicals: 2}, {id: 71, created_on: 2026-07-15T06:36:03.746Z, updated_on: 2026-07-15T06:36:03.746Z, name: Design Init (Cadence), description: Initialize the PnR design database, load libraries, and verify design setup. Tool: Cadence., duration: 2, level: Advanced, image_url: null, external_module_id: PNR-CDN-DI, lab_testcases_count: 2, practicals: 2}, {id: 70, created_on: 2026-07-15T06:36:03.714Z, updated_on: 2026-07-15T06:36:03.714Z, name: LEC Testcase for Clock Gating App Option (Synopsys), description: Debug and resolve LEC failures related to clock-gating application options. Tool: Synopsys., duration: 2, level: Intermediate, image_url: null, external_module_id: LEC-SNPS-CG, lab_testcases_count: 2, practicals: 2}, {id: 69, created_on: 2026-07-15T06:36:03.601Z, updated_on: 2026-07-15T06:36:03.601Z, name: LEC Netlist to Netlist (Synopsys), description: Validate netlist-to-netlist equivalence after ECO or optimization steps. Tool: Synopsys., duration: 2, level: Intermediate, image_url: null, external_module_id: LEC-SNPS-N2N, lab_testcases_count: 3, practicals: 3}, {id: 68, created_on: 2026-07-15T06:36:03.503Z, updated_on: 2026-07-15T06:36:03.503Z, name: LEC RTL to Netlist (Synopsys), description: Perform formal equivalence checking from RTL to gate-level netlist using Formality. Tool: Synopsys., duration: 2, level: Intermediate, image_url: null, external_module_id: LEC-SNPS-R2N, lab_testcases_count: 2, practicals: 2}, {id: 67, created_on: 2026-07-15T06:36:03.446Z, updated_on: 2026-07-15T06:36:03.446Z, name: Physical Aware Synthesis (Synopsys), description: Run physical-aware synthesis using placement constraints to improve timing and area. Tool: Synopsys., duration: 2, level: Intermediate, image_url: null, external_module_id: SYN-SNPS-PS, lab_testcases_count: 2, practicals: 2}, {id: 66, created_on: 2026-07-15T06:36:03.360Z, updated_on: 2026-07-15T06:36:03.360Z, name: Physical Aware Synthesis (Cadence), description: Run physical-aware synthesis using placement constraints to improve timing and area. Tool: Cadence., duration: 2, level: Intermediate, image_url: null, external_module_id: SYN-CDN-PS, lab_testcases_count: 2, practicals: 2}, {id: 65, created_on: 2026-07-15T06:36:03.260Z, updated_on: 2026-07-15T06:36:03.260Z, name: Logic Aware Synthesis (Synopsys), description: Apply logic-aware synthesis optimizations to improve quality of results. Tool: Synopsys., duration: 2, level: Intermediate, image_url: null, external_module_id: SYN-SNPS-LS, lab_testcases_count: 2, practicals: 2}, {id: 64, created_on: 2026-07-15T06:36:03.146Z, updated_on: 2026-07-15T06:36:03.146Z, name: Logic Aware Synthesis (Cadence), description: Apply logic-aware synthesis optimizations to improve quality of results. Tool: Cadence., duration: 2, level: Intermediate, image_url: null, external_module_id: SYN-CDN-LS, lab_testcases_count: 2, practicals: 2}, {id: 63, created_on: 2026-07-15T06:36:03.080Z, updated_on: 2026-07-15T06:36:03.080Z, name: Check Timing Issues (Synopsys), description: Analyze and resolve timing violations reported during the synthesis flow. Tool: Synopsys., duration: 2, level: Intermediate, image_url: null, external_module_id: SYN-SNPS-CT, lab_testcases_count: 2, practicals: 2}, {id: 62, created_on: 2026-07-15T06:36:02.997Z, updated_on: 2026-07-15T06:36:02.997Z, name: Check Timing Issues (Cadence), description: Analyze and resolve timing violations reported during the synthesis flow. Tool: Cadence., duration: 2, level: Intermediate, image_url: null, external_module_id: SYN-CDN-CT, lab_testcases_count: 2, practicals: 2}, {id: 61, created_on: 2026-07-15T06:36:02.899Z, updated_on: 2026-07-15T06:36:02.899Z, name: Unresolved References (Synopsys), description: Identify and resolve unresolved reference errors encountered during synthesis. Tool: Synopsys., duration: 2, level: Intermediate, image_url: null, external_module_id: SYN-SNPS-URR, lab_testcases_count: 2, practicals: 2}, {id: 60, created_on: 2026-07-15T06:36:02.700Z, updated_on: 2026-07-15T06:36:02.700Z, name: Unresolved References (Cadence), description: Identify and resolve unresolved reference errors encountered during synthesis. Tool: Cadence., duration: 2, level: Intermediate, image_url: null, external_module_id: SYN-CDN-URR, lab_testcases_count: 2, practicals: 2}], pagination: {page: 1, limit: 100, total: 26, totalPages: 1, hasNext: false, hasPrev: false}} @ http://semiconlab-staging-alb-124259420.ap-south-1.elb.amazonaws.com/main.dart.js:55885
[   42787ms] [LOG] [CoursesBody] Extracted: certs=11, modules=21, mixed=26, domains=3, topSkills=11 @ http://semiconlab-staging-alb-124259420.ap-south-1.elb.amazonaws.com/main.dart.js:55885
[   42787ms] [LOG] [AuthService] getToken() - token exists: true, token length: 327 @ http://semiconlab-staging-alb-124259420.ap-south-1.elb.amazonaws.com/main.dart.js:55885
[   43010ms] [LOG] [AuthService] getToken() - token exists: true, token length: 327 @ http://semiconlab-staging-alb-124259420.ap-south-1.elb.amazonaws.com/main.dart.js:55885
[   43011ms] [LOG] [ApiService] GET Request: /users/95/tools?limit=100&domainId=17 @ http://semiconlab-staging-alb-124259420.ap-south-1.elb.amazonaws.com/main.dart.js:55885
[   43011ms] [LOG] [ApiService] Headers: {Authorization: Bearer eyJhbGciOiJIUzI1NiIsInR5cCI6IkpXVCJ9.eyJlbWFpbCI6InN1cnlhLm5Ac2VtaWNvbm9zLmFpIiwic3ViIjo5NSwicm9sZSI6IkxlYXJuZXIiLCJvcmdJZCI6bnVsbCwidGVhbUlkIjpudWxsLCJhdmFpbGFibGVSb2xlcyI6W10sInNpZCI6ImI5NGVjYzQ3LTQ2MDItNDE5Zi1iMmY0LTViOTk1ODhhZjc2MSIsImlhdCI6MTc4NDc5OTY3MSwiZXhwIjoxNzg1NDA0NDcxfQ.XtqvvgxYi_43mtsjpbElbbWChpvHhFSh_eG6XYLo8oU} @ http://semiconlab-staging-alb-124259420.ap-south-1.elb.amazonaws.com/main.dart.js:55885
[   43208ms] [LOG] [ApiService] Response Status: 200 @ http://semiconlab-staging-alb-124259420.ap-south-1.elb.amazonaws.com/main.dart.js:55885
[   43208ms] [LOG] [ApiService] Response URL: http://semiconlab-staging-alb-124259420.ap-south-1.elb.amazonaws.com:3000/v1/labs-api/available-labs @ http://semiconlab-staging-alb-124259420.ap-south-1.elb.amazonaws.com/main.dart.js:55885
[   43209ms] [LOG] [AuthService] getToken() - token exists: true, token length: 327 @ http://semiconlab-staging-alb-124259420.ap-south-1.elb.amazonaws.com/main.dart.js:55885
[   43210ms] [LOG] [ApiService] GET Request: labs-api/start-status?domain_id=17 @ http://semiconlab-staging-alb-124259420.ap-south-1.elb.amazonaws.com/main.dart.js:55885
[   43210ms] [LOG] [ApiService] Headers: {Authorization: Bearer eyJhbGciOiJIUzI1NiIsInR5cCI6IkpXVCJ9.eyJlbWFpbCI6InN1cnlhLm5Ac2VtaWNvbm9zLmFpIiwic3ViIjo5NSwicm9sZSI6IkxlYXJuZXIiLCJvcmdJZCI6bnVsbCwidGVhbUlkIjpudWxsLCJhdmFpbGFibGVSb2xlcyI6W10sInNpZCI6ImI5NGVjYzQ3LTQ2MDItNDE5Zi1iMmY0LTViOTk1ODhhZjc2MSIsImlhdCI6MTc4NDc5OTY3MSwiZXhwIjoxNzg1NDA0NDcxfQ.XtqvvgxYi_43mtsjpbElbbWChpvHhFSh_eG6XYLo8oU} @ http://semiconlab-staging-alb-124259420.ap-south-1.elb.amazonaws.com/main.dart.js:55885
[   43276ms] [LOG] [ApiService] Response Status: 200 @ http://semiconlab-staging-alb-124259420.ap-south-1.elb.amazonaws.com/main.dart.js:55885
[   43276ms] [LOG] [ApiService] Response URL: http://semiconlab-staging-alb-124259420.ap-south-1.elb.amazonaws.com:3000/v1/users/95/tools?limit=100&domainId=17 @ http://semiconlab-staging-alb-124259420.ap-south-1.elb.amazonaws.com/main.dart.js:55885
[   43325ms] [LOG] [ApiService] Response Status: 200 @ http://semiconlab-staging-alb-124259420.ap-south-1.elb.amazonaws.com/main.dart.js:55885
[   43325ms] [LOG] [ApiService] Response URL: http://semiconlab-staging-alb-124259420.ap-south-1.elb.amazonaws.com:3000/v1/labs-api/start-status?domain_id=17 @ http://semiconlab-staging-alb-124259420.ap-south-1.elb.amazonaws.com/main.dart.js:55885
[   43326ms] [LOG] [AuthService] getToken() - token exists: true, token length: 327 @ http://semiconlab-staging-alb-124259420.ap-south-1.elb.amazonaws.com/main.dart.js:55885
[   43326ms] [LOG] [AuthService] getToken() - token exists: true, token length: 327 @ http://semiconlab-staging-alb-124259420.ap-south-1.elb.amazonaws.com/main.dart.js:55885
[   43327ms] [LOG] [ApiService] GET Request: labs-api/available-labs @ http://semiconlab-staging-alb-124259420.ap-south-1.elb.amazonaws.com/main.dart.js:55885
[   43327ms] [LOG] [ApiService] Headers: {Authorization: Bearer eyJhbGciOiJIUzI1NiIsInR5cCI6IkpXVCJ9.eyJlbWFpbCI6InN1cnlhLm5Ac2VtaWNvbm9zLmFpIiwic3ViIjo5NSwicm9sZSI6IkxlYXJuZXIiLCJvcmdJZCI6bnVsbCwidGVhbUlkIjpudWxsLCJhdmFpbGFibGVSb2xlcyI6W10sInNpZCI6ImI5NGVjYzQ3LTQ2MDItNDE5Zi1iMmY0LTViOTk1ODhhZjc2MSIsImlhdCI6MTc4NDc5OTY3MSwiZXhwIjoxNzg1NDA0NDcxfQ.XtqvvgxYi_43mtsjpbElbbWChpvHhFSh_eG6XYLo8oU} @ http://semiconlab-staging-alb-124259420.ap-south-1.elb.amazonaws.com/main.dart.js:55885
[   43428ms] [LOG] [ApiService] Response Status: 200 @ http://semiconlab-staging-alb-124259420.ap-south-1.elb.amazonaws.com/main.dart.js:55885
[   43429ms] [LOG] [ApiService] Response URL: http://semiconlab-staging-alb-124259420.ap-south-1.elb.amazonaws.com:3000/v1/labs-api/available-labs @ http://semiconlab-staging-alb-124259420.ap-south-1.elb.amazonaws.com/main.dart.js:55885
[   43429ms] [LOG] [AuthService] getToken() - token exists: true, token length: 327 @ http://semiconlab-staging-alb-124259420.ap-south-1.elb.amazonaws.com/main.dart.js:55885
[   43429ms] [LOG] [ApiService] GET Request: /users/95 @ http://semiconlab-staging-alb-124259420.ap-south-1.elb.amazonaws.com/main.dart.js:55885
[   43430ms] [LOG] [ApiService] Headers: {Authorization: Bearer eyJhbGciOiJIUzI1NiIsInR5cCI6IkpXVCJ9.eyJlbWFpbCI6InN1cnlhLm5Ac2VtaWNvbm9zLmFpIiwic3ViIjo5NSwicm9sZSI6IkxlYXJuZXIiLCJvcmdJZCI6bnVsbCwidGVhbUlkIjpudWxsLCJhdmFpbGFibGVSb2xlcyI6W10sInNpZCI6ImI5NGVjYzQ3LTQ2MDItNDE5Zi1iMmY0LTViOTk1ODhhZjc2MSIsImlhdCI6MTc4NDc5OTY3MSwiZXhwIjoxNzg1NDA0NDcxfQ.XtqvvgxYi_43mtsjpbElbbWChpvHhFSh_eG6XYLo8oU} @ http://semiconlab-staging-alb-124259420.ap-south-1.elb.amazonaws.com/main.dart.js:55885
[   44850ms] [LOG] [ApiService] Response Status: 200 @ http://semiconlab-staging-alb-124259420.ap-south-1.elb.amazonaws.com/main.dart.js:55885
[   44850ms] [LOG] [ApiService] Response URL: http://semiconlab-staging-alb-124259420.ap-south-1.elb.amazonaws.com:3000/v1/users/95 @ http://semiconlab-staging-alb-124259420.ap-south-1.elb.amazonaws.com/main.dart.js:55885
[   44851ms] [LOG] [AuthService] getToken() - token exists: true, token length: 327 @ http://semiconlab-staging-alb-124259420.ap-south-1.elb.amazonaws.com/main.dart.js:55885
[   44851ms] [LOG] [AuthService] getToken() - token exists: true, token length: 327 @ http://semiconlab-staging-alb-124259420.ap-south-1.elb.amazonaws.com/main.dart.js:55885
[   44852ms] [LOG] [ApiService] GET Request: labs-api/available-labs @ http://semiconlab-staging-alb-124259420.ap-south-1.elb.amazonaws.com/main.dart.js:55885
[   44852ms] [LOG] [ApiService] Headers: {Authorization: Bearer eyJhbGciOiJIUzI1NiIsInR5cCI6IkpXVCJ9.eyJlbWFpbCI6InN1cnlhLm5Ac2VtaWNvbm9zLmFpIiwic3ViIjo5NSwicm9sZSI6IkxlYXJuZXIiLCJvcmdJZCI6bnVsbCwidGVhbUlkIjpudWxsLCJhdmFpbGFibGVSb2xlcyI6W10sInNpZCI6ImI5NGVjYzQ3LTQ2MDItNDE5Zi1iMmY0LTViOTk1ODhhZjc2MSIsImlhdCI6MTc4NDc5OTY3MSwiZXhwIjoxNzg1NDA0NDcxfQ.XtqvvgxYi_43mtsjpbElbbWChpvHhFSh_eG6XYLo8oU} @ http://semiconlab-staging-alb-124259420.ap-south-1.elb.amazonaws.com/main.dart.js:55885
[   44937ms] [LOG] [ApiService] Response Status: 200 @ http://semiconlab-staging-alb-124259420.ap-south-1.elb.amazonaws.com/main.dart.js:55885
[   44937ms] [LOG] [ApiService] Response URL: http://semiconlab-staging-alb-124259420.ap-south-1.elb.amazonaws.com:3000/v1/labs-api/available-labs @ http://semiconlab-staging-alb-124259420.ap-south-1.elb.amazonaws.com/main.dart.js:55885
[   44938ms] [LOG] [AuthService] getToken() - token exists: true, token length: 327 @ http://semiconlab-staging-alb-124259420.ap-south-1.elb.amazonaws.com/main.dart.js:55885
[   44938ms] [LOG] [ApiService] GET Request: /users/95 @ http://semiconlab-staging-alb-124259420.ap-south-1.elb.amazonaws.com/main.dart.js:55885
[   44938ms] [LOG] [ApiService] Headers: {Authorization: Bearer eyJhbGciOiJIUzI1NiIsInR5cCI6IkpXVCJ9.eyJlbWFpbCI6InN1cnlhLm5Ac2VtaWNvbm9zLmFpIiwic3ViIjo5NSwicm9sZSI6IkxlYXJuZXIiLCJvcmdJZCI6bnVsbCwidGVhbUlkIjpudWxsLCJhdmFpbGFibGVSb2xlcyI6W10sInNpZCI6ImI5NGVjYzQ3LTQ2MDItNDE5Zi1iMmY0LTViOTk1ODhhZjc2MSIsImlhdCI6MTc4NDc5OTY3MSwiZXhwIjoxNzg1NDA0NDcxfQ.XtqvvgxYi_43mtsjpbElbbWChpvHhFSh_eG6XYLo8oU} @ http://semiconlab-staging-alb-124259420.ap-south-1.elb.amazonaws.com/main.dart.js:55885
[   44985ms] [LOG] [ApiService] Response Status: 200 @ http://semiconlab-staging-alb-124259420.ap-south-1.elb.amazonaws.com/main.dart.js:55885
[   44985ms] [LOG] [ApiService] Response URL: http://semiconlab-staging-alb-124259420.ap-south-1.elb.amazonaws.com:3000/v1/users/95 @ http://semiconlab-staging-alb-124259420.ap-south-1.elb.amazonaws.com/main.dart.js:55885
[   44986ms] [LOG] [AuthService] getToken() - token exists: true, token length: 327 @ http://semiconlab-staging-alb-124259420.ap-south-1.elb.amazonaws.com/main.dart.js:55885
[   44987ms] [LOG] [ApiService] GET Request: /users/95/tools?limit=100&domainId=17 @ http://semiconlab-staging-alb-124259420.ap-south-1.elb.amazonaws.com/main.dart.js:55885
[   44987ms] [LOG] [ApiService] Headers: {Authorization: Bearer eyJhbGciOiJIUzI1NiIsInR5cCI6IkpXVCJ9.eyJlbWFpbCI6InN1cnlhLm5Ac2VtaWNvbm9zLmFpIiwic3ViIjo5NSwicm9sZSI6IkxlYXJuZXIiLCJvcmdJZCI6bnVsbCwidGVhbUlkIjpudWxsLCJhdmFpbGFibGVSb2xlcyI6W10sInNpZCI6ImI5NGVjYzQ3LTQ2MDItNDE5Zi1iMmY0LTViOTk1ODhhZjc2MSIsImlhdCI6MTc4NDc5OTY3MSwiZXhwIjoxNzg1NDA0NDcxfQ.XtqvvgxYi_43mtsjpbElbbWChpvHhFSh_eG6XYLo8oU} @ http://semiconlab-staging-alb-124259420.ap-south-1.elb.amazonaws.com/main.dart.js:55885
[   45061ms] [LOG] [ApiService] Response Status: 200 @ http://semiconlab-staging-alb-124259420.ap-south-1.elb.amazonaws.com/main.dart.js:55885
[   45062ms] [LOG] [ApiService] Response URL: http://semiconlab-staging-alb-124259420.ap-south-1.elb.amazonaws.com:3000/v1/users/95/tools?limit=100&domainId=17 @ http://semiconlab-staging-alb-124259420.ap-south-1.elb.amazonaws.com/main.dart.js:55885
[   48327ms] [LOG] [AuthService] getToken() - token exists: true, token length: 327 @ http://semiconlab-staging-alb-124259420.ap-south-1.elb.amazonaws.com/main.dart.js:55885
[   48328ms] [LOG] [ApiService] GET Request: labs-api/available-labs @ http://semiconlab-staging-alb-124259420.ap-south-1.elb.amazonaws.com/main.dart.js:55885
[   48328ms] [LOG] [ApiService] Headers: {Authorization: Bearer eyJhbGciOiJIUzI1NiIsInR5cCI6IkpXVCJ9.eyJlbWFpbCI6InN1cnlhLm5Ac2VtaWNvbm9zLmFpIiwic3ViIjo5NSwicm9sZSI6IkxlYXJuZXIiLCJvcmdJZCI6bnVsbCwidGVhbUlkIjpudWxsLCJhdmFpbGFibGVSb2xlcyI6W10sInNpZCI6ImI5NGVjYzQ3LTQ2MDItNDE5Zi1iMmY0LTViOTk1ODhhZjc2MSIsImlhdCI6MTc4NDc5OTY3MSwiZXhwIjoxNzg1NDA0NDcxfQ.XtqvvgxYi_43mtsjpbElbbWChpvHhFSh_eG6XYLo8oU} @ http://semiconlab-staging-alb-124259420.ap-south-1.elb.amazonaws.com/main.dart.js:55885
[   48467ms] [LOG] [ApiService] Response Status: 200 @ http://semiconlab-staging-alb-124259420.ap-south-1.elb.amazonaws.com/main.dart.js:55885
[   48467ms] [LOG] [ApiService] Response URL: http://semiconlab-staging-alb-124259420.ap-south-1.elb.amazonaws.com:3000/v1/labs-api/available-labs @ http://semiconlab-staging-alb-124259420.ap-south-1.elb.amazonaws.com/main.dart.js:55885
[   48467ms] [LOG] [AuthService] getToken() - token exists: true, token length: 327 @ http://semiconlab-staging-alb-124259420.ap-south-1.elb.amazonaws.com/main.dart.js:55885
[   48468ms] [LOG] [ApiService] GET Request: labs-api/start-status?domain_id=17 @ http://semiconlab-staging-alb-124259420.ap-south-1.elb.amazonaws.com/main.dart.js:55885
[   48468ms] [LOG] [ApiService] Headers: {Authorization: Bearer eyJhbGciOiJIUzI1NiIsInR5cCI6IkpXVCJ9.eyJlbWFpbCI6InN1cnlhLm5Ac2VtaWNvbm9zLmFpIiwic3ViIjo5NSwicm9sZSI6IkxlYXJuZXIiLCJvcmdJZCI6bnVsbCwidGVhbUlkIjpudWxsLCJhdmFpbGFibGVSb2xlcyI6W10sInNpZCI6ImI5NGVjYzQ3LTQ2MDItNDE5Zi1iMmY0LTViOTk1ODhhZjc2MSIsImlhdCI6MTc4NDc5OTY3MSwiZXhwIjoxNzg1NDA0NDcxfQ.XtqvvgxYi_43mtsjpbElbbWChpvHhFSh_eG6XYLo8oU} @ http://semiconlab-staging-alb-124259420.ap-south-1.elb.amazonaws.com/main.dart.js:55885
[   48533ms] [LOG] [ApiService] Response Status: 200 @ http://semiconlab-staging-alb-124259420.ap-south-1.elb.amazonaws.com/main.dart.js:55885
[   48533ms] [LOG] [ApiService] Response URL: http://semiconlab-staging-alb-124259420.ap-south-1.elb.amazonaws.com:3000/v1/labs-api/start-status?domain_id=17 @ http://semiconlab-staging-alb-124259420.ap-south-1.elb.amazonaws.com/main.dart.js:55885
[   53327ms] [LOG] [AuthService] getToken() - token exists: true, token length: 327 @ http://semiconlab-staging-alb-124259420.ap-south-1.elb.amazonaws.com/main.dart.js:55885
[   53327ms] [LOG] [ApiService] GET Request: labs-api/available-labs @ http://semiconlab-staging-alb-124259420.ap-south-1.elb.amazonaws.com/main.dart.js:55885
[   53327ms] [LOG] [ApiService] Headers: {Authorization: Bearer eyJhbGciOiJIUzI1NiIsInR5cCI6IkpXVCJ9.eyJlbWFpbCI6InN1cnlhLm5Ac2VtaWNvbm9zLmFpIiwic3ViIjo5NSwicm9sZSI6IkxlYXJuZXIiLCJvcmdJZCI6bnVsbCwidGVhbUlkIjpudWxsLCJhdmFpbGFibGVSb2xlcyI6W10sInNpZCI6ImI5NGVjYzQ3LTQ2MDItNDE5Zi1iMmY0LTViOTk1ODhhZjc2MSIsImlhdCI6MTc4NDc5OTY3MSwiZXhwIjoxNzg1NDA0NDcxfQ.XtqvvgxYi_43mtsjpbElbbWChpvHhFSh_eG6XYLo8oU} @ http://semiconlab-staging-alb-124259420.ap-south-1.elb.amazonaws.com/main.dart.js:55885
[   53436ms] [LOG] [ApiService] Response Status: 200 @ http://semiconlab-staging-alb-124259420.ap-south-1.elb.amazonaws.com/main.dart.js:55885
[   53436ms] [LOG] [ApiService] Response URL: http://semiconlab-staging-alb-124259420.ap-south-1.elb.amazonaws.com:3000/v1/labs-api/available-labs @ http://semiconlab-staging-alb-124259420.ap-south-1.elb.amazonaws.com/main.dart.js:55885
[   53437ms] [LOG] [AuthService] getToken() - token exists: true, token length: 327 @ http://semiconlab-staging-alb-124259420.ap-south-1.elb.amazonaws.com/main.dart.js:55885
[   53437ms] [LOG] [ApiService] GET Request: labs-api/start-status?domain_id=17 @ http://semiconlab-staging-alb-124259420.ap-south-1.elb.amazonaws.com/main.dart.js:55885
[   53437ms] [LOG] [ApiService] Headers: {Authorization: Bearer eyJhbGciOiJIUzI1NiIsInR5cCI6IkpXVCJ9.eyJlbWFpbCI6InN1cnlhLm5Ac2VtaWNvbm9zLmFpIiwic3ViIjo5NSwicm9sZSI6IkxlYXJuZXIiLCJvcmdJZCI6bnVsbCwidGVhbUlkIjpudWxsLCJhdmFpbGFibGVSb2xlcyI6W10sInNpZCI6ImI5NGVjYzQ3LTQ2MDItNDE5Zi1iMmY0LTViOTk1ODhhZjc2MSIsImlhdCI6MTc4NDc5OTY3MSwiZXhwIjoxNzg1NDA0NDcxfQ.XtqvvgxYi_43mtsjpbElbbWChpvHhFSh_eG6XYLo8oU} @ http://semiconlab-staging-alb-124259420.ap-south-1.elb.amazonaws.com/main.dart.js:55885
[   53480ms] [LOG] [ApiService] Response Status: 200 @ http://semiconlab-staging-alb-124259420.ap-south-1.elb.amazonaws.com/main.dart.js:55885
[   53480ms] [LOG] [ApiService] Response URL: http://semiconlab-staging-alb-124259420.ap-south-1.elb.amazonaws.com:3000/v1/labs-api/start-status?domain_id=17 @ http://semiconlab-staging-alb-124259420.ap-south-1.elb.amazonaws.com/main.dart.js:55885
[   58327ms] [LOG] [AuthService] getToken() - token exists: true, token length: 327 @ http://semiconlab-staging-alb-124259420.ap-south-1.elb.amazonaws.com/main.dart.js:55885
[   58327ms] [LOG] [ApiService] GET Request: labs-api/available-labs @ http://semiconlab-staging-alb-124259420.ap-south-1.elb.amazonaws.com/main.dart.js:55885
[   58327ms] [LOG] [ApiService] Headers: {Authorization: Bearer eyJhbGciOiJIUzI1NiIsInR5cCI6IkpXVCJ9.eyJlbWFpbCI6InN1cnlhLm5Ac2VtaWNvbm9zLmFpIiwic3ViIjo5NSwicm9sZSI6IkxlYXJuZXIiLCJvcmdJZCI6bnVsbCwidGVhbUlkIjpudWxsLCJhdmFpbGFibGVSb2xlcyI6W10sInNpZCI6ImI5NGVjYzQ3LTQ2MDItNDE5Zi1iMmY0LTViOTk1ODhhZjc2MSIsImlhdCI6MTc4NDc5OTY3MSwiZXhwIjoxNzg1NDA0NDcxfQ.XtqvvgxYi_43mtsjpbElbbWChpvHhFSh_eG6XYLo8oU} @ http://semiconlab-staging-alb-124259420.ap-south-1.elb.amazonaws.com/main.dart.js:55885
[   58475ms] [LOG] [ApiService] Response Status: 200 @ http://semiconlab-staging-alb-124259420.ap-south-1.elb.amazonaws.com/main.dart.js:55885
[   58475ms] [LOG] [ApiService] Response URL: http://semiconlab-staging-alb-124259420.ap-south-1.elb.amazonaws.com:3000/v1/labs-api/available-labs @ http://semiconlab-staging-alb-124259420.ap-south-1.elb.amazonaws.com/main.dart.js:55885
[   58476ms] [LOG] [AuthService] getToken() - token exists: true, token length: 327 @ http://semiconlab-staging-alb-124259420.ap-south-1.elb.amazonaws.com/main.dart.js:55885
[   58476ms] [LOG] [ApiService] GET Request: labs-api/start-status?domain_id=17 @ http://semiconlab-staging-alb-124259420.ap-south-1.elb.amazonaws.com/main.dart.js:55885
[   58476ms] [LOG] [ApiService] Headers: {Authorization: Bearer eyJhbGciOiJIUzI1NiIsInR5cCI6IkpXVCJ9.eyJlbWFpbCI6InN1cnlhLm5Ac2VtaWNvbm9zLmFpIiwic3ViIjo5NSwicm9sZSI6IkxlYXJuZXIiLCJvcmdJZCI6bnVsbCwidGVhbUlkIjpudWxsLCJhdmFpbGFibGVSb2xlcyI6W10sInNpZCI6ImI5NGVjYzQ3LTQ2MDItNDE5Zi1iMmY0LTViOTk1ODhhZjc2MSIsImlhdCI6MTc4NDc5OTY3MSwiZXhwIjoxNzg1NDA0NDcxfQ.XtqvvgxYi_43mtsjpbElbbWChpvHhFSh_eG6XYLo8oU} @ http://semiconlab-staging-alb-124259420.ap-south-1.elb.amazonaws.com/main.dart.js:55885
[   58548ms] [LOG] [ApiService] Response Status: 200 @ http://semiconlab-staging-alb-124259420.ap-south-1.elb.amazonaws.com/main.dart.js:55885
[   58549ms] [LOG] [ApiService] Response URL: http://semiconlab-staging-alb-124259420.ap-south-1.elb.amazonaws.com:3000/v1/labs-api/start-status?domain_id=17 @ http://semiconlab-staging-alb-124259420.ap-south-1.elb.amazonaws.com/main.dart.js:55885
[   63326ms] [LOG] [AuthService] getToken() - token exists: true, token length: 327 @ http://semiconlab-staging-alb-124259420.ap-south-1.elb.amazonaws.com/main.dart.js:55885
[   63327ms] [LOG] [ApiService] GET Request: labs-api/available-labs @ http://semiconlab-staging-alb-124259420.ap-south-1.elb.amazonaws.com/main.dart.js:55885
[   63327ms] [LOG] [ApiService] Headers: {Authorization: Bearer eyJhbGciOiJIUzI1NiIsInR5cCI6IkpXVCJ9.eyJlbWFpbCI6InN1cnlhLm5Ac2VtaWNvbm9zLmFpIiwic3ViIjo5NSwicm9sZSI6IkxlYXJuZXIiLCJvcmdJZCI6bnVsbCwidGVhbUlkIjpudWxsLCJhdmFpbGFibGVSb2xlcyI6W10sInNpZCI6ImI5NGVjYzQ3LTQ2MDItNDE5Zi1iMmY0LTViOTk1ODhhZjc2MSIsImlhdCI6MTc4NDc5OTY3MSwiZXhwIjoxNzg1NDA0NDcxfQ.XtqvvgxYi_43mtsjpbElbbWChpvHhFSh_eG6XYLo8oU} @ http://semiconlab-staging-alb-124259420.ap-south-1.elb.amazonaws.com/main.dart.js:55885
[   63437ms] [LOG] [ApiService] Response Status: 200 @ http://semiconlab-staging-alb-124259420.ap-south-1.elb.amazonaws.com/main.dart.js:55885
[   63437ms] [LOG] [ApiService] Response URL: http://semiconlab-staging-alb-124259420.ap-south-1.elb.amazonaws.com:3000/v1/labs-api/available-labs @ http://semiconlab-staging-alb-124259420.ap-south-1.elb.amazonaws.com/main.dart.js:55885
[   63437ms] [LOG] [AuthService] getToken() - token exists: true, token length: 327 @ http://semiconlab-staging-alb-124259420.ap-south-1.elb.amazonaws.com/main.dart.js:55885
[   63439ms] [LOG] [ApiService] GET Request: labs-api/start-status?domain_id=17 @ http://semiconlab-staging-alb-124259420.ap-south-1.elb.amazonaws.com/main.dart.js:55885
[   63440ms] [LOG] [ApiService] Headers: {Authorization: Bearer eyJhbGciOiJIUzI1NiIsInR5cCI6IkpXVCJ9.eyJlbWFpbCI6InN1cnlhLm5Ac2VtaWNvbm9zLmFpIiwic3ViIjo5NSwicm9sZSI6IkxlYXJuZXIiLCJvcmdJZCI6bnVsbCwidGVhbUlkIjpudWxsLCJhdmFpbGFibGVSb2xlcyI6W10sInNpZCI6ImI5NGVjYzQ3LTQ2MDItNDE5Zi1iMmY0LTViOTk1ODhhZjc2MSIsImlhdCI6MTc4NDc5OTY3MSwiZXhwIjoxNzg1NDA0NDcxfQ.XtqvvgxYi_43mtsjpbElbbWChpvHhFSh_eG6XYLo8oU} @ http://semiconlab-staging-alb-124259420.ap-south-1.elb.amazonaws.com/main.dart.js:55885
[   63488ms] [LOG] [ApiService] Response Status: 200 @ http://semiconlab-staging-alb-124259420.ap-south-1.elb.amazonaws.com/main.dart.js:55885
[   63489ms] [LOG] [ApiService] Response URL: http://semiconlab-staging-alb-124259420.ap-south-1.elb.amazonaws.com:3000/v1/labs-api/start-status?domain_id=17 @ http://semiconlab-staging-alb-124259420.ap-south-1.elb.amazonaws.com/main.dart.js:55885
[   68327ms] [LOG] [AuthService] getToken() - token exists: true, token length: 327 @ http://semiconlab-staging-alb-124259420.ap-south-1.elb.amazonaws.com/main.dart.js:55885
[   68327ms] [LOG] [ApiService] GET Request: labs-api/available-labs @ http://semiconlab-staging-alb-124259420.ap-south-1.elb.amazonaws.com/main.dart.js:55885
[   68328ms] [LOG] [ApiService] Headers: {Authorization: Bearer eyJhbGciOiJIUzI1NiIsInR5cCI6IkpXVCJ9.eyJlbWFpbCI6InN1cnlhLm5Ac2VtaWNvbm9zLmFpIiwic3ViIjo5NSwicm9sZSI6IkxlYXJuZXIiLCJvcmdJZCI6bnVsbCwidGVhbUlkIjpudWxsLCJhdmFpbGFibGVSb2xlcyI6W10sInNpZCI6ImI5NGVjYzQ3LTQ2MDItNDE5Zi1iMmY0LTViOTk1ODhhZjc2MSIsImlhdCI6MTc4NDc5OTY3MSwiZXhwIjoxNzg1NDA0NDcxfQ.XtqvvgxYi_43mtsjpbElbbWChpvHhFSh_eG6XYLo8oU} @ http://semiconlab-staging-alb-124259420.ap-south-1.elb.amazonaws.com/main.dart.js:55885
[   68465ms] [LOG] [ApiService] Response Status: 200 @ http://semiconlab-staging-alb-124259420.ap-south-1.elb.amazonaws.com/main.dart.js:55885
[   68465ms] [LOG] [ApiService] Response URL: http://semiconlab-staging-alb-124259420.ap-south-1.elb.amazonaws.com:3000/v1/labs-api/available-labs @ http://semiconlab-staging-alb-124259420.ap-south-1.elb.amazonaws.com/main.dart.js:55885
[   68466ms] [LOG] [AuthService] getToken() - token exists: true, token length: 327 @ http://semiconlab-staging-alb-124259420.ap-south-1.elb.amazonaws.com/main.dart.js:55885
[   68466ms] [LOG] [ApiService] GET Request: labs-api/start-status?domain_id=17 @ http://semiconlab-staging-alb-124259420.ap-south-1.elb.amazonaws.com/main.dart.js:55885
[   68466ms] [LOG] [ApiService] Headers: {Authorization: Bearer eyJhbGciOiJIUzI1NiIsInR5cCI6IkpXVCJ9.eyJlbWFpbCI6InN1cnlhLm5Ac2VtaWNvbm9zLmFpIiwic3ViIjo5NSwicm9sZSI6IkxlYXJuZXIiLCJvcmdJZCI6bnVsbCwidGVhbUlkIjpudWxsLCJhdmFpbGFibGVSb2xlcyI6W10sInNpZCI6ImI5NGVjYzQ3LTQ2MDItNDE5Zi1iMmY0LTViOTk1ODhhZjc2MSIsImlhdCI6MTc4NDc5OTY3MSwiZXhwIjoxNzg1NDA0NDcxfQ.XtqvvgxYi_43mtsjpbElbbWChpvHhFSh_eG6XYLo8oU} @ http://semiconlab-staging-alb-124259420.ap-south-1.elb.amazonaws.com/main.dart.js:55885
[   68538ms] [LOG] [ApiService] Response Status: 200 @ http://semiconlab-staging-alb-124259420.ap-south-1.elb.amazonaws.com/main.dart.js:55885
[   68538ms] [LOG] [ApiService] Response URL: http://semiconlab-staging-alb-124259420.ap-south-1.elb.amazonaws.com:3000/v1/labs-api/start-status?domain_id=17 @ http://semiconlab-staging-alb-124259420.ap-south-1.elb.amazonaws.com/main.dart.js:55885
[   73326ms] [LOG] [AuthService] getToken() - token exists: true, token length: 327 @ http://semiconlab-staging-alb-124259420.ap-south-1.elb.amazonaws.com/main.dart.js:55885
[   73327ms] [LOG] [ApiService] GET Request: labs-api/available-labs @ http://semiconlab-staging-alb-124259420.ap-south-1.elb.amazonaws.com/main.dart.js:55885
[   73327ms] [LOG] [ApiService] Headers: {Authorization: Bearer eyJhbGciOiJIUzI1NiIsInR5cCI6IkpXVCJ9.eyJlbWFpbCI6InN1cnlhLm5Ac2VtaWNvbm9zLmFpIiwic3ViIjo5NSwicm9sZSI6IkxlYXJuZXIiLCJvcmdJZCI6bnVsbCwidGVhbUlkIjpudWxsLCJhdmFpbGFibGVSb2xlcyI6W10sInNpZCI6ImI5NGVjYzQ3LTQ2MDItNDE5Zi1iMmY0LTViOTk1ODhhZjc2MSIsImlhdCI6MTc4NDc5OTY3MSwiZXhwIjoxNzg1NDA0NDcxfQ.XtqvvgxYi_43mtsjpbElbbWChpvHhFSh_eG6XYLo8oU} @ http://semiconlab-staging-alb-124259420.ap-south-1.elb.amazonaws.com/main.dart.js:55885
[   73440ms] [LOG] [ApiService] Response Status: 200 @ http://semiconlab-staging-alb-124259420.ap-south-1.elb.amazonaws.com/main.dart.js:55885
[   73440ms] [LOG] [ApiService] Response URL: http://semiconlab-staging-alb-124259420.ap-south-1.elb.amazonaws.com:3000/v1/labs-api/available-labs @ http://semiconlab-staging-alb-124259420.ap-south-1.elb.amazonaws.com/main.dart.js:55885
[   73440ms] [LOG] [AuthService] getToken() - token exists: true, token length: 327 @ http://semiconlab-staging-alb-124259420.ap-south-1.elb.amazonaws.com/main.dart.js:55885
[   73441ms] [LOG] [ApiService] GET Request: labs-api/start-status?domain_id=17 @ http://semiconlab-staging-alb-124259420.ap-south-1.elb.amazonaws.com/main.dart.js:55885
[   73441ms] [LOG] [ApiService] Headers: {Authorization: Bearer eyJhbGciOiJIUzI1NiIsInR5cCI6IkpXVCJ9.eyJlbWFpbCI6InN1cnlhLm5Ac2VtaWNvbm9zLmFpIiwic3ViIjo5NSwicm9sZSI6IkxlYXJuZXIiLCJvcmdJZCI6bnVsbCwidGVhbUlkIjpudWxsLCJhdmFpbGFibGVSb2xlcyI6W10sInNpZCI6ImI5NGVjYzQ3LTQ2MDItNDE5Zi1iMmY0LTViOTk1ODhhZjc2MSIsImlhdCI6MTc4NDc5OTY3MSwiZXhwIjoxNzg1NDA0NDcxfQ.XtqvvgxYi_43mtsjpbElbbWChpvHhFSh_eG6XYLo8oU} @ http://semiconlab-staging-alb-124259420.ap-south-1.elb.amazonaws.com/main.dart.js:55885
[   73488ms] [LOG] [ApiService] Response Status: 200 @ http://semiconlab-staging-alb-124259420.ap-south-1.elb.amazonaws.com/main.dart.js:55885
[   73488ms] [LOG] [ApiService] Response URL: http://semiconlab-staging-alb-124259420.ap-south-1.elb.amazonaws.com:3000/v1/labs-api/start-status?domain_id=17 @ http://semiconlab-staging-alb-124259420.ap-south-1.elb.amazonaws.com/main.dart.js:55885
[   78326ms] [LOG] [AuthService] getToken() - token exists: true, token length: 327 @ http://semiconlab-staging-alb-124259420.ap-south-1.elb.amazonaws.com/main.dart.js:55885
[   78327ms] [LOG] [ApiService] GET Request: labs-api/available-labs @ http://semiconlab-staging-alb-124259420.ap-south-1.elb.amazonaws.com/main.dart.js:55885
[   78327ms] [LOG] [ApiService] Headers: {Authorization: Bearer eyJhbGciOiJIUzI1NiIsInR5cCI6IkpXVCJ9.eyJlbWFpbCI6InN1cnlhLm5Ac2VtaWNvbm9zLmFpIiwic3ViIjo5NSwicm9sZSI6IkxlYXJuZXIiLCJvcmdJZCI6bnVsbCwidGVhbUlkIjpudWxsLCJhdmFpbGFibGVSb2xlcyI6W10sInNpZCI6ImI5NGVjYzQ3LTQ2MDItNDE5Zi1iMmY0LTViOTk1ODhhZjc2MSIsImlhdCI6MTc4NDc5OTY3MSwiZXhwIjoxNzg1NDA0NDcxfQ.XtqvvgxYi_43mtsjpbElbbWChpvHhFSh_eG6XYLo8oU} @ http://semiconlab-staging-alb-124259420.ap-south-1.elb.amazonaws.com/main.dart.js:55885
[   78780ms] [LOG] [ApiService] Response Status: 200 @ http://semiconlab-staging-alb-124259420.ap-south-1.elb.amazonaws.com/main.dart.js:55885
[   78781ms] [LOG] [ApiService] Response URL: http://semiconlab-staging-alb-124259420.ap-south-1.elb.amazonaws.com:3000/v1/labs-api/available-labs @ http://semiconlab-staging-alb-124259420.ap-south-1.elb.amazonaws.com/main.dart.js:55885
[   78781ms] [LOG] [AuthService] getToken() - token exists: true, token length: 327 @ http://semiconlab-staging-alb-124259420.ap-south-1.elb.amazonaws.com/main.dart.js:55885
[   78781ms] [LOG] [ApiService] GET Request: labs-api/start-status?domain_id=17 @ http://semiconlab-staging-alb-124259420.ap-south-1.elb.amazonaws.com/main.dart.js:55885
[   78782ms] [LOG] [ApiService] Headers: {Authorization: Bearer eyJhbGciOiJIUzI1NiIsInR5cCI6IkpXVCJ9.eyJlbWFpbCI6InN1cnlhLm5Ac2VtaWNvbm9zLmFpIiwic3ViIjo5NSwicm9sZSI6IkxlYXJuZXIiLCJvcmdJZCI6bnVsbCwidGVhbUlkIjpudWxsLCJhdmFpbGFibGVSb2xlcyI6W10sInNpZCI6ImI5NGVjYzQ3LTQ2MDItNDE5Zi1iMmY0LTViOTk1ODhhZjc2MSIsImlhdCI6MTc4NDc5OTY3MSwiZXhwIjoxNzg1NDA0NDcxfQ.XtqvvgxYi_43mtsjpbElbbWChpvHhFSh_eG6XYLo8oU} @ http://semiconlab-staging-alb-124259420.ap-south-1.elb.amazonaws.com/main.dart.js:55885
[   78914ms] [LOG] [ApiService] Response Status: 200 @ http://semiconlab-staging-alb-124259420.ap-south-1.elb.amazonaws.com/main.dart.js:55885
[   78914ms] [LOG] [ApiService] Response URL: http://semiconlab-staging-alb-124259420.ap-south-1.elb.amazonaws.com:3000/v1/labs-api/start-status?domain_id=17 @ http://semiconlab-staging-alb-124259420.ap-south-1.elb.amazonaws.com/main.dart.js:55885
[   83326ms] [LOG] [AuthService] getToken() - token exists: true, token length: 327 @ http://semiconlab-staging-alb-124259420.ap-south-1.elb.amazonaws.com/main.dart.js:55885
[   83327ms] [LOG] [ApiService] GET Request: labs-api/available-labs @ http://semiconlab-staging-alb-124259420.ap-south-1.elb.amazonaws.com/main.dart.js:55885
[   83327ms] [LOG] [ApiService] Headers: {Authorization: Bearer eyJhbGciOiJIUzI1NiIsInR5cCI6IkpXVCJ9.eyJlbWFpbCI6InN1cnlhLm5Ac2VtaWNvbm9zLmFpIiwic3ViIjo5NSwicm9sZSI6IkxlYXJuZXIiLCJvcmdJZCI6bnVsbCwidGVhbUlkIjpudWxsLCJhdmFpbGFibGVSb2xlcyI6W10sInNpZCI6ImI5NGVjYzQ3LTQ2MDItNDE5Zi1iMmY0LTViOTk1ODhhZjc2MSIsImlhdCI6MTc4NDc5OTY3MSwiZXhwIjoxNzg1NDA0NDcxfQ.XtqvvgxYi_43mtsjpbElbbWChpvHhFSh_eG6XYLo8oU} @ http://semiconlab-staging-alb-124259420.ap-south-1.elb.amazonaws.com/main.dart.js:55885
[   83445ms] [LOG] [ApiService] Response Status: 200 @ http://semiconlab-staging-alb-124259420.ap-south-1.elb.amazonaws.com/main.dart.js:55885
[   83445ms] [LOG] [ApiService] Response URL: http://semiconlab-staging-alb-124259420.ap-south-1.elb.amazonaws.com:3000/v1/labs-api/available-labs @ http://semiconlab-staging-alb-124259420.ap-south-1.elb.amazonaws.com/main.dart.js:55885
[   83445ms] [LOG] [AuthService] getToken() - token exists: true, token length: 327 @ http://semiconlab-staging-alb-124259420.ap-south-1.elb.amazonaws.com/main.dart.js:55885
[   83446ms] [LOG] [ApiService] GET Request: labs-api/start-status?domain_id=17 @ http://semiconlab-staging-alb-124259420.ap-south-1.elb.amazonaws.com/main.dart.js:55885
[   83446ms] [LOG] [ApiService] Headers: {Authorization: Bearer eyJhbGciOiJIUzI1NiIsInR5cCI6IkpXVCJ9.eyJlbWFpbCI6InN1cnlhLm5Ac2VtaWNvbm9zLmFpIiwic3ViIjo5NSwicm9sZSI6IkxlYXJuZXIiLCJvcmdJZCI6bnVsbCwidGVhbUlkIjpudWxsLCJhdmFpbGFibGVSb2xlcyI6W10sInNpZCI6ImI5NGVjYzQ3LTQ2MDItNDE5Zi1iMmY0LTViOTk1ODhhZjc2MSIsImlhdCI6MTc4NDc5OTY3MSwiZXhwIjoxNzg1NDA0NDcxfQ.XtqvvgxYi_43mtsjpbElbbWChpvHhFSh_eG6XYLo8oU} @ http://semiconlab-staging-alb-124259420.ap-south-1.elb.amazonaws.com/main.dart.js:55885
[   83485ms] [LOG] [ApiService] Response Status: 200 @ http://semiconlab-staging-alb-124259420.ap-south-1.elb.amazonaws.com/main.dart.js:55885
[   83486ms] [LOG] [ApiService] Response URL: http://semiconlab-staging-alb-124259420.ap-south-1.elb.amazonaws.com:3000/v1/labs-api/start-status?domain_id=17 @ http://semiconlab-staging-alb-124259420.ap-south-1.elb.amazonaws.com/main.dart.js:55885
[   88326ms] [LOG] [AuthService] getToken() - token exists: true, token length: 327 @ http://semiconlab-staging-alb-124259420.ap-south-1.elb.amazonaws.com/main.dart.js:55885
[   88327ms] [LOG] [ApiService] GET Request: labs-api/available-labs @ http://semiconlab-staging-alb-124259420.ap-south-1.elb.amazonaws.com/main.dart.js:55885
[   88327ms] [LOG] [ApiService] Headers: {Authorization: Bearer eyJhbGciOiJIUzI1NiIsInR5cCI6IkpXVCJ9.eyJlbWFpbCI6InN1cnlhLm5Ac2VtaWNvbm9zLmFpIiwic3ViIjo5NSwicm9sZSI6IkxlYXJuZXIiLCJvcmdJZCI6bnVsbCwidGVhbUlkIjpudWxsLCJhdmFpbGFibGVSb2xlcyI6W10sInNpZCI6ImI5NGVjYzQ3LTQ2MDItNDE5Zi1iMmY0LTViOTk1ODhhZjc2MSIsImlhdCI6MTc4NDc5OTY3MSwiZXhwIjoxNzg1NDA0NDcxfQ.XtqvvgxYi_43mtsjpbElbbWChpvHhFSh_eG6XYLo8oU} @ http://semiconlab-staging-alb-124259420.ap-south-1.elb.amazonaws.com/main.dart.js:55885
[   88468ms] [LOG] [ApiService] Response Status: 200 @ http://semiconlab-staging-alb-124259420.ap-south-1.elb.amazonaws.com/main.dart.js:55885
[   88469ms] [LOG] [ApiService] Response URL: http://semiconlab-staging-alb-124259420.ap-south-1.elb.amazonaws.com:3000/v1/labs-api/available-labs @ http://semiconlab-staging-alb-124259420.ap-south-1.elb.amazonaws.com/main.dart.js:55885
[   88469ms] [LOG] [AuthService] getToken() - token exists: true, token length: 327 @ http://semiconlab-staging-alb-124259420.ap-south-1.elb.amazonaws.com/main.dart.js:55885
[   88470ms] [LOG] [ApiService] GET Request: labs-api/start-status?domain_id=17 @ http://semiconlab-staging-alb-124259420.ap-south-1.elb.amazonaws.com/main.dart.js:55885
[   88470ms] [LOG] [ApiService] Headers: {Authorization: Bearer eyJhbGciOiJIUzI1NiIsInR5cCI6IkpXVCJ9.eyJlbWFpbCI6InN1cnlhLm5Ac2VtaWNvbm9zLmFpIiwic3ViIjo5NSwicm9sZSI6IkxlYXJuZXIiLCJvcmdJZCI6bnVsbCwidGVhbUlkIjpudWxsLCJhdmFpbGFibGVSb2xlcyI6W10sInNpZCI6ImI5NGVjYzQ3LTQ2MDItNDE5Zi1iMmY0LTViOTk1ODhhZjc2MSIsImlhdCI6MTc4NDc5OTY3MSwiZXhwIjoxNzg1NDA0NDcxfQ.XtqvvgxYi_43mtsjpbElbbWChpvHhFSh_eG6XYLo8oU} @ http://semiconlab-staging-alb-124259420.ap-south-1.elb.amazonaws.com/main.dart.js:55885
[   88544ms] [LOG] [ApiService] Response Status: 200 @ http://semiconlab-staging-alb-124259420.ap-south-1.elb.amazonaws.com/main.dart.js:55885
[   88544ms] [LOG] [ApiService] Response URL: http://semiconlab-staging-alb-124259420.ap-south-1.elb.amazonaws.com:3000/v1/labs-api/start-status?domain_id=17 @ http://semiconlab-staging-alb-124259420.ap-south-1.elb.amazonaws.com/main.dart.js:55885
[   93327ms] [LOG] [AuthService] getToken() - token exists: true, token length: 327 @ http://semiconlab-staging-alb-124259420.ap-south-1.elb.amazonaws.com/main.dart.js:55885
[   93327ms] [LOG] [ApiService] GET Request: labs-api/available-labs @ http://semiconlab-staging-alb-124259420.ap-south-1.elb.amazonaws.com/main.dart.js:55885
[   93327ms] [LOG] [ApiService] Headers: {Authorization: Bearer eyJhbGciOiJIUzI1NiIsInR5cCI6IkpXVCJ9.eyJlbWFpbCI6InN1cnlhLm5Ac2VtaWNvbm9zLmFpIiwic3ViIjo5NSwicm9sZSI6IkxlYXJuZXIiLCJvcmdJZCI6bnVsbCwidGVhbUlkIjpudWxsLCJhdmFpbGFibGVSb2xlcyI6W10sInNpZCI6ImI5NGVjYzQ3LTQ2MDItNDE5Zi1iMmY0LTViOTk1ODhhZjc2MSIsImlhdCI6MTc4NDc5OTY3MSwiZXhwIjoxNzg1NDA0NDcxfQ.XtqvvgxYi_43mtsjpbElbbWChpvHhFSh_eG6XYLo8oU} @ http://semiconlab-staging-alb-124259420.ap-south-1.elb.amazonaws.com/main.dart.js:55885
[   93447ms] [LOG] [ApiService] Response Status: 200 @ http://semiconlab-staging-alb-124259420.ap-south-1.elb.amazonaws.com/main.dart.js:55885
[   93447ms] [LOG] [ApiService] Response URL: http://semiconlab-staging-alb-124259420.ap-south-1.elb.amazonaws.com:3000/v1/labs-api/available-labs @ http://semiconlab-staging-alb-124259420.ap-south-1.elb.amazonaws.com/main.dart.js:55885
[   93448ms] [LOG] [AuthService] getToken() - token exists: true, token length: 327 @ http://semiconlab-staging-alb-124259420.ap-south-1.elb.amazonaws.com/main.dart.js:55885
[   93448ms] [LOG] [ApiService] GET Request: labs-api/start-status?domain_id=17 @ http://semiconlab-staging-alb-124259420.ap-south-1.elb.amazonaws.com/main.dart.js:55885
[   93448ms] [LOG] [ApiService] Headers: {Authorization: Bearer eyJhbGciOiJIUzI1NiIsInR5cCI6IkpXVCJ9.eyJlbWFpbCI6InN1cnlhLm5Ac2VtaWNvbm9zLmFpIiwic3ViIjo5NSwicm9sZSI6IkxlYXJuZXIiLCJvcmdJZCI6bnVsbCwidGVhbUlkIjpudWxsLCJhdmFpbGFibGVSb2xlcyI6W10sInNpZCI6ImI5NGVjYzQ3LTQ2MDItNDE5Zi1iMmY0LTViOTk1ODhhZjc2MSIsImlhdCI6MTc4NDc5OTY3MSwiZXhwIjoxNzg1NDA0NDcxfQ.XtqvvgxYi_43mtsjpbElbbWChpvHhFSh_eG6XYLo8oU} @ http://semiconlab-staging-alb-124259420.ap-south-1.elb.amazonaws.com/main.dart.js:55885
[   93494ms] [LOG] [ApiService] Response Status: 200 @ http://semiconlab-staging-alb-124259420.ap-south-1.elb.amazonaws.com/main.dart.js:55885
[   93495ms] [LOG] [ApiService] Response URL: http://semiconlab-staging-alb-124259420.ap-south-1.elb.amazonaws.com:3000/v1/labs-api/start-status?domain_id=17 @ http://semiconlab-staging-alb-124259420.ap-south-1.elb.amazonaws.com/main.dart.js:55885
[   98327ms] [LOG] [AuthService] getToken() - token exists: true, token length: 327 @ http://semiconlab-staging-alb-124259420.ap-south-1.elb.amazonaws.com/main.dart.js:55885
[   98327ms] [LOG] [ApiService] GET Request: labs-api/available-labs @ http://semiconlab-staging-alb-124259420.ap-south-1.elb.amazonaws.com/main.dart.js:55885
[   98328ms] [LOG] [ApiService] Headers: {Authorization: Bearer eyJhbGciOiJIUzI1NiIsInR5cCI6IkpXVCJ9.eyJlbWFpbCI6InN1cnlhLm5Ac2VtaWNvbm9zLmFpIiwic3ViIjo5NSwicm9sZSI6IkxlYXJuZXIiLCJvcmdJZCI6bnVsbCwidGVhbUlkIjpudWxsLCJhdmFpbGFibGVSb2xlcyI6W10sInNpZCI6ImI5NGVjYzQ3LTQ2MDItNDE5Zi1iMmY0LTViOTk1ODhhZjc2MSIsImlhdCI6MTc4NDc5OTY3MSwiZXhwIjoxNzg1NDA0NDcxfQ.XtqvvgxYi_43mtsjpbElbbWChpvHhFSh_eG6XYLo8oU} @ http://semiconlab-staging-alb-124259420.ap-south-1.elb.amazonaws.com/main.dart.js:55885
[   98472ms] [LOG] [ApiService] Response Status: 200 @ http://semiconlab-staging-alb-124259420.ap-south-1.elb.amazonaws.com/main.dart.js:55885
[   98473ms] [LOG] [ApiService] Response URL: http://semiconlab-staging-alb-124259420.ap-south-1.elb.amazonaws.com:3000/v1/labs-api/available-labs @ http://semiconlab-staging-alb-124259420.ap-south-1.elb.amazonaws.com/main.dart.js:55885
[   98473ms] [LOG] [AuthService] getToken() - token exists: true, token length: 327 @ http://semiconlab-staging-alb-124259420.ap-south-1.elb.amazonaws.com/main.dart.js:55885
[   98473ms] [LOG] [ApiService] GET Request: labs-api/start-status?domain_id=17 @ http://semiconlab-staging-alb-124259420.ap-south-1.elb.amazonaws.com/main.dart.js:55885
[   98473ms] [LOG] [ApiService] Headers: {Authorization: Bearer eyJhbGciOiJIUzI1NiIsInR5cCI6IkpXVCJ9.eyJlbWFpbCI6InN1cnlhLm5Ac2VtaWNvbm9zLmFpIiwic3ViIjo5NSwicm9sZSI6IkxlYXJuZXIiLCJvcmdJZCI6bnVsbCwidGVhbUlkIjpudWxsLCJhdmFpbGFibGVSb2xlcyI6W10sInNpZCI6ImI5NGVjYzQ3LTQ2MDItNDE5Zi1iMmY0LTViOTk1ODhhZjc2MSIsImlhdCI6MTc4NDc5OTY3MSwiZXhwIjoxNzg1NDA0NDcxfQ.XtqvvgxYi_43mtsjpbElbbWChpvHhFSh_eG6XYLo8oU} @ http://semiconlab-staging-alb-124259420.ap-south-1.elb.amazonaws.com/main.dart.js:55885
[   98541ms] [LOG] [ApiService] Response Status: 200 @ http://semiconlab-staging-alb-124259420.ap-south-1.elb.amazonaws.com/main.dart.js:55885
[   98542ms] [LOG] [ApiService] Response URL: http://semiconlab-staging-alb-124259420.ap-south-1.elb.amazonaws.com:3000/v1/labs-api/start-status?domain_id=17 @ http://semiconlab-staging-alb-124259420.ap-south-1.elb.amazonaws.com/main.dart.js:55885
[  103326ms] [LOG] [AuthService] getToken() - token exists: true, token length: 327 @ http://semiconlab-staging-alb-124259420.ap-south-1.elb.amazonaws.com/main.dart.js:55885
[  103327ms] [LOG] [ApiService] GET Request: labs-api/available-labs @ http://semiconlab-staging-alb-124259420.ap-south-1.elb.amazonaws.com/main.dart.js:55885
[  103327ms] [LOG] [ApiService] Headers: {Authorization: Bearer eyJhbGciOiJIUzI1NiIsInR5cCI6IkpXVCJ9.eyJlbWFpbCI6InN1cnlhLm5Ac2VtaWNvbm9zLmFpIiwic3ViIjo5NSwicm9sZSI6IkxlYXJuZXIiLCJvcmdJZCI6bnVsbCwidGVhbUlkIjpudWxsLCJhdmFpbGFibGVSb2xlcyI6W10sInNpZCI6ImI5NGVjYzQ3LTQ2MDItNDE5Zi1iMmY0LTViOTk1ODhhZjc2MSIsImlhdCI6MTc4NDc5OTY3MSwiZXhwIjoxNzg1NDA0NDcxfQ.XtqvvgxYi_43mtsjpbElbbWChpvHhFSh_eG6XYLo8oU} @ http://semiconlab-staging-alb-124259420.ap-south-1.elb.amazonaws.com/main.dart.js:55885
[  103440ms] [LOG] [ApiService] Response Status: 200 @ http://semiconlab-staging-alb-124259420.ap-south-1.elb.amazonaws.com/main.dart.js:55885
[  103440ms] [LOG] [ApiService] Response URL: http://semiconlab-staging-alb-124259420.ap-south-1.elb.amazonaws.com:3000/v1/labs-api/available-labs @ http://semiconlab-staging-alb-124259420.ap-south-1.elb.amazonaws.com/main.dart.js:55885
[  103440ms] [LOG] [AuthService] getToken() - token exists: true, token length: 327 @ http://semiconlab-staging-alb-124259420.ap-south-1.elb.amazonaws.com/main.dart.js:55885
[  103441ms] [LOG] [ApiService] GET Request: labs-api/start-status?domain_id=17 @ http://semiconlab-staging-alb-124259420.ap-south-1.elb.amazonaws.com/main.dart.js:55885
[  103441ms] [LOG] [ApiService] Headers: {Authorization: Bearer eyJhbGciOiJIUzI1NiIsInR5cCI6IkpXVCJ9.eyJlbWFpbCI6InN1cnlhLm5Ac2VtaWNvbm9zLmFpIiwic3ViIjo5NSwicm9sZSI6IkxlYXJuZXIiLCJvcmdJZCI6bnVsbCwidGVhbUlkIjpudWxsLCJhdmFpbGFibGVSb2xlcyI6W10sInNpZCI6ImI5NGVjYzQ3LTQ2MDItNDE5Zi1iMmY0LTViOTk1ODhhZjc2MSIsImlhdCI6MTc4NDc5OTY3MSwiZXhwIjoxNzg1NDA0NDcxfQ.XtqvvgxYi_43mtsjpbElbbWChpvHhFSh_eG6XYLo8oU} @ http://semiconlab-staging-alb-124259420.ap-south-1.elb.amazonaws.com/main.dart.js:55885
[  103484ms] [LOG] [ApiService] Response Status: 200 @ http://semiconlab-staging-alb-124259420.ap-south-1.elb.amazonaws.com/main.dart.js:55885
[  103484ms] [LOG] [ApiService] Response URL: http://semiconlab-staging-alb-124259420.ap-south-1.elb.amazonaws.com:3000/v1/labs-api/start-status?domain_id=17 @ http://semiconlab-staging-alb-124259420.ap-south-1.elb.amazonaws.com/main.dart.js:55885
[  108326ms] [LOG] [AuthService] getToken() - token exists: true, token length: 327 @ http://semiconlab-staging-alb-124259420.ap-south-1.elb.amazonaws.com/main.dart.js:55885
[  108327ms] [LOG] [ApiService] GET Request: labs-api/available-labs @ http://semiconlab-staging-alb-124259420.ap-south-1.elb.amazonaws.com/main.dart.js:55885
[  108327ms] [LOG] [ApiService] Headers: {Authorization: Bearer eyJhbGciOiJIUzI1NiIsInR5cCI6IkpXVCJ9.eyJlbWFpbCI6InN1cnlhLm5Ac2VtaWNvbm9zLmFpIiwic3ViIjo5NSwicm9sZSI6IkxlYXJuZXIiLCJvcmdJZCI6bnVsbCwidGVhbUlkIjpudWxsLCJhdmFpbGFibGVSb2xlcyI6W10sInNpZCI6ImI5NGVjYzQ3LTQ2MDItNDE5Zi1iMmY0LTViOTk1ODhhZjc2MSIsImlhdCI6MTc4NDc5OTY3MSwiZXhwIjoxNzg1NDA0NDcxfQ.XtqvvgxYi_43mtsjpbElbbWChpvHhFSh_eG6XYLo8oU} @ http://semiconlab-staging-alb-124259420.ap-south-1.elb.amazonaws.com/main.dart.js:55885
[  108468ms] [LOG] [ApiService] Response Status: 200 @ http://semiconlab-staging-alb-124259420.ap-south-1.elb.amazonaws.com/main.dart.js:55885
[  108468ms] [LOG] [ApiService] Response URL: http://semiconlab-staging-alb-124259420.ap-south-1.elb.amazonaws.com:3000/v1/labs-api/available-labs @ http://semiconlab-staging-alb-124259420.ap-south-1.elb.amazonaws.com/main.dart.js:55885
[  108468ms] [LOG] [AuthService] getToken() - token exists: true, token length: 327 @ http://semiconlab-staging-alb-124259420.ap-south-1.elb.amazonaws.com/main.dart.js:55885
[  108469ms] [LOG] [ApiService] GET Request: labs-api/start-status?domain_id=17 @ http://semiconlab-staging-alb-124259420.ap-south-1.elb.amazonaws.com/main.dart.js:55885
[  108469ms] [LOG] [ApiService] Headers: {Authorization: Bearer eyJhbGciOiJIUzI1NiIsInR5cCI6IkpXVCJ9.eyJlbWFpbCI6InN1cnlhLm5Ac2VtaWNvbm9zLmFpIiwic3ViIjo5NSwicm9sZSI6IkxlYXJuZXIiLCJvcmdJZCI6bnVsbCwidGVhbUlkIjpudWxsLCJhdmFpbGFibGVSb2xlcyI6W10sInNpZCI6ImI5NGVjYzQ3LTQ2MDItNDE5Zi1iMmY0LTViOTk1ODhhZjc2MSIsImlhdCI6MTc4NDc5OTY3MSwiZXhwIjoxNzg1NDA0NDcxfQ.XtqvvgxYi_43mtsjpbElbbWChpvHhFSh_eG6XYLo8oU} @ http://semiconlab-staging-alb-124259420.ap-south-1.elb.amazonaws.com/main.dart.js:55885
[  108540ms] [LOG] [ApiService] Response Status: 200 @ http://semiconlab-staging-alb-124259420.ap-south-1.elb.amazonaws.com/main.dart.js:55885
[  108540ms] [LOG] [ApiService] Response URL: http://semiconlab-staging-alb-124259420.ap-south-1.elb.amazonaws.com:3000/v1/labs-api/start-status?domain_id=17 @ http://semiconlab-staging-alb-124259420.ap-south-1.elb.amazonaws.com/main.dart.js:55885
[  113326ms] [LOG] [AuthService] getToken() - token exists: true, token length: 327 @ http://semiconlab-staging-alb-124259420.ap-south-1.elb.amazonaws.com/main.dart.js:55885
[  113327ms] [LOG] [ApiService] GET Request: labs-api/available-labs @ http://semiconlab-staging-alb-124259420.ap-south-1.elb.amazonaws.com/main.dart.js:55885
[  113327ms] [LOG] [ApiService] Headers: {Authorization: Bearer eyJhbGciOiJIUzI1NiIsInR5cCI6IkpXVCJ9.eyJlbWFpbCI6InN1cnlhLm5Ac2VtaWNvbm9zLmFpIiwic3ViIjo5NSwicm9sZSI6IkxlYXJuZXIiLCJvcmdJZCI6bnVsbCwidGVhbUlkIjpudWxsLCJhdmFpbGFibGVSb2xlcyI6W10sInNpZCI6ImI5NGVjYzQ3LTQ2MDItNDE5Zi1iMmY0LTViOTk1ODhhZjc2MSIsImlhdCI6MTc4NDc5OTY3MSwiZXhwIjoxNzg1NDA0NDcxfQ.XtqvvgxYi_43mtsjpbElbbWChpvHhFSh_eG6XYLo8oU} @ http://semiconlab-staging-alb-124259420.ap-south-1.elb.amazonaws.com/main.dart.js:55885
[  113589ms] [LOG] [ApiService] Response Status: 200 @ http://semiconlab-staging-alb-124259420.ap-south-1.elb.amazonaws.com/main.dart.js:55885
[  113589ms] [LOG] [ApiService] Response URL: http://semiconlab-staging-alb-124259420.ap-south-1.elb.amazonaws.com:3000/v1/labs-api/available-labs @ http://semiconlab-staging-alb-124259420.ap-south-1.elb.amazonaws.com/main.dart.js:55885
[  113589ms] [LOG] [AuthService] getToken() - token exists: true, token length: 327 @ http://semiconlab-staging-alb-124259420.ap-south-1.elb.amazonaws.com/main.dart.js:55885
[  113590ms] [LOG] [ApiService] GET Request: labs-api/start-status?domain_id=17 @ http://semiconlab-staging-alb-124259420.ap-south-1.elb.amazonaws.com/main.dart.js:55885
[  113590ms] [LOG] [ApiService] Headers: {Authorization: Bearer eyJhbGciOiJIUzI1NiIsInR5cCI6IkpXVCJ9.eyJlbWFpbCI6InN1cnlhLm5Ac2VtaWNvbm9zLmFpIiwic3ViIjo5NSwicm9sZSI6IkxlYXJuZXIiLCJvcmdJZCI6bnVsbCwidGVhbUlkIjpudWxsLCJhdmFpbGFibGVSb2xlcyI6W10sInNpZCI6ImI5NGVjYzQ3LTQ2MDItNDE5Zi1iMmY0LTViOTk1ODhhZjc2MSIsImlhdCI6MTc4NDc5OTY3MSwiZXhwIjoxNzg1NDA0NDcxfQ.XtqvvgxYi_43mtsjpbElbbWChpvHhFSh_eG6XYLo8oU} @ http://semiconlab-staging-alb-124259420.ap-south-1.elb.amazonaws.com/main.dart.js:55885
[  114072ms] [LOG] [ApiService] Response Status: 200 @ http://semiconlab-staging-alb-124259420.ap-south-1.elb.amazonaws.com/main.dart.js:55885
[  114072ms] [LOG] [ApiService] Response URL: http://semiconlab-staging-alb-124259420.ap-south-1.elb.amazonaws.com:3000/v1/labs-api/start-status?domain_id=17 @ http://semiconlab-staging-alb-124259420.ap-south-1.elb.amazonaws.com/main.dart.js:55885
[  118326ms] [LOG] [AuthService] getToken() - token exists: true, token length: 327 @ http://semiconlab-staging-alb-124259420.ap-south-1.elb.amazonaws.com/main.dart.js:55885
[  118327ms] [LOG] [ApiService] GET Request: labs-api/available-labs @ http://semiconlab-staging-alb-124259420.ap-south-1.elb.amazonaws.com/main.dart.js:55885
[  118327ms] [LOG] [ApiService] Headers: {Authorization: Bearer eyJhbGciOiJIUzI1NiIsInR5cCI6IkpXVCJ9.eyJlbWFpbCI6InN1cnlhLm5Ac2VtaWNvbm9zLmFpIiwic3ViIjo5NSwicm9sZSI6IkxlYXJuZXIiLCJvcmdJZCI6bnVsbCwidGVhbUlkIjpudWxsLCJhdmFpbGFibGVSb2xlcyI6W10sInNpZCI6ImI5NGVjYzQ3LTQ2MDItNDE5Zi1iMmY0LTViOTk1ODhhZjc2MSIsImlhdCI6MTc4NDc5OTY3MSwiZXhwIjoxNzg1NDA0NDcxfQ.XtqvvgxYi_43mtsjpbElbbWChpvHhFSh_eG6XYLo8oU} @ http://semiconlab-staging-alb-124259420.ap-south-1.elb.amazonaws.com/main.dart.js:55885
[  118465ms] [LOG] [ApiService] Response Status: 200 @ http://semiconlab-staging-alb-124259420.ap-south-1.elb.amazonaws.com/main.dart.js:55885
[  118465ms] [LOG] [ApiService] Response URL: http://semiconlab-staging-alb-124259420.ap-south-1.elb.amazonaws.com:3000/v1/labs-api/available-labs @ http://semiconlab-staging-alb-124259420.ap-south-1.elb.amazonaws.com/main.dart.js:55885
[  118466ms] [LOG] [AuthService] getToken() - token exists: true, token length: 327 @ http://semiconlab-staging-alb-124259420.ap-south-1.elb.amazonaws.com/main.dart.js:55885
[  118466ms] [LOG] [ApiService] GET Request: labs-api/start-status?domain_id=17 @ http://semiconlab-staging-alb-124259420.ap-south-1.elb.amazonaws.com/main.dart.js:55885
[  118466ms] [LOG] [ApiService] Headers: {Authorization: Bearer eyJhbGciOiJIUzI1NiIsInR5cCI6IkpXVCJ9.eyJlbWFpbCI6InN1cnlhLm5Ac2VtaWNvbm9zLmFpIiwic3ViIjo5NSwicm9sZSI6IkxlYXJuZXIiLCJvcmdJZCI6bnVsbCwidGVhbUlkIjpudWxsLCJhdmFpbGFibGVSb2xlcyI6W10sInNpZCI6ImI5NGVjYzQ3LTQ2MDItNDE5Zi1iMmY0LTViOTk1ODhhZjc2MSIsImlhdCI6MTc4NDc5OTY3MSwiZXhwIjoxNzg1NDA0NDcxfQ.XtqvvgxYi_43mtsjpbElbbWChpvHhFSh_eG6XYLo8oU} @ http://semiconlab-staging-alb-124259420.ap-south-1.elb.amazonaws.com/main.dart.js:55885
[  118511ms] [LOG] [ApiService] Response Status: 200 @ http://semiconlab-staging-alb-124259420.ap-south-1.elb.amazonaws.com/main.dart.js:55885
[  118511ms] [LOG] [ApiService] Response URL: http://semiconlab-staging-alb-124259420.ap-south-1.elb.amazonaws.com:3000/v1/labs-api/start-status?domain_id=17 @ http://semiconlab-staging-alb-124259420.ap-south-1.elb.amazonaws.com/main.dart.js:55885
[  123326ms] [LOG] [AuthService] getToken() - token exists: true, token length: 327 @ http://semiconlab-staging-alb-124259420.ap-south-1.elb.amazonaws.com/main.dart.js:55885
[  123327ms] [LOG] [ApiService] GET Request: labs-api/available-labs @ http://semiconlab-staging-alb-124259420.ap-south-1.elb.amazonaws.com/main.dart.js:55885
[  123327ms] [LOG] [ApiService] Headers: {Authorization: Bearer eyJhbGciOiJIUzI1NiIsInR5cCI6IkpXVCJ9.eyJlbWFpbCI6InN1cnlhLm5Ac2VtaWNvbm9zLmFpIiwic3ViIjo5NSwicm9sZSI6IkxlYXJuZXIiLCJvcmdJZCI6bnVsbCwidGVhbUlkIjpudWxsLCJhdmFpbGFibGVSb2xlcyI6W10sInNpZCI6ImI5NGVjYzQ3LTQ2MDItNDE5Zi1iMmY0LTViOTk1ODhhZjc2MSIsImlhdCI6MTc4NDc5OTY3MSwiZXhwIjoxNzg1NDA0NDcxfQ.XtqvvgxYi_43mtsjpbElbbWChpvHhFSh_eG6XYLo8oU} @ http://semiconlab-staging-alb-124259420.ap-south-1.elb.amazonaws.com/main.dart.js:55885
[  123438ms] [LOG] [ApiService] Response Status: 200 @ http://semiconlab-staging-alb-124259420.ap-south-1.elb.amazonaws.com/main.dart.js:55885
[  123438ms] [LOG] [ApiService] Response URL: http://semiconlab-staging-alb-124259420.ap-south-1.elb.amazonaws.com:3000/v1/labs-api/available-labs @ http://semiconlab-staging-alb-124259420.ap-south-1.elb.amazonaws.com/main.dart.js:55885
[  123439ms] [LOG] [AuthService] getToken() - token exists: true, token length: 327 @ http://semiconlab-staging-alb-124259420.ap-south-1.elb.amazonaws.com/main.dart.js:55885
[  123439ms] [LOG] [ApiService] GET Request: labs-api/start-status?domain_id=17 @ http://semiconlab-staging-alb-124259420.ap-south-1.elb.amazonaws.com/main.dart.js:55885
[  123439ms] [LOG] [ApiService] Headers: {Authorization: Bearer eyJhbGciOiJIUzI1NiIsInR5cCI6IkpXVCJ9.eyJlbWFpbCI6InN1cnlhLm5Ac2VtaWNvbm9zLmFpIiwic3ViIjo5NSwicm9sZSI6IkxlYXJuZXIiLCJvcmdJZCI6bnVsbCwidGVhbUlkIjpudWxsLCJhdmFpbGFibGVSb2xlcyI6W10sInNpZCI6ImI5NGVjYzQ3LTQ2MDItNDE5Zi1iMmY0LTViOTk1ODhhZjc2MSIsImlhdCI6MTc4NDc5OTY3MSwiZXhwIjoxNzg1NDA0NDcxfQ.XtqvvgxYi_43mtsjpbElbbWChpvHhFSh_eG6XYLo8oU} @ http://semiconlab-staging-alb-124259420.ap-south-1.elb.amazonaws.com/main.dart.js:55885
[  123518ms] [LOG] [ApiService] Response Status: 200 @ http://semiconlab-staging-alb-124259420.ap-south-1.elb.amazonaws.com/main.dart.js:55885
[  123518ms] [LOG] [ApiService] Response URL: http://semiconlab-staging-alb-124259420.ap-south-1.elb.amazonaws.com:3000/v1/labs-api/start-status?domain_id=17 @ http://semiconlab-staging-alb-124259420.ap-south-1.elb.amazonaws.com/main.dart.js:55885
[  128326ms] [LOG] [AuthService] getToken() - token exists: true, token length: 327 @ http://semiconlab-staging-alb-124259420.ap-south-1.elb.amazonaws.com/main.dart.js:55885
[  128327ms] [LOG] [ApiService] GET Request: labs-api/available-labs @ http://semiconlab-staging-alb-124259420.ap-south-1.elb.amazonaws.com/main.dart.js:55885
[  128327ms] [LOG] [ApiService] Headers: {Authorization: Bearer eyJhbGciOiJIUzI1NiIsInR5cCI6IkpXVCJ9.eyJlbWFpbCI6InN1cnlhLm5Ac2VtaWNvbm9zLmFpIiwic3ViIjo5NSwicm9sZSI6IkxlYXJuZXIiLCJvcmdJZCI6bnVsbCwidGVhbUlkIjpudWxsLCJhdmFpbGFibGVSb2xlcyI6W10sInNpZCI6ImI5NGVjYzQ3LTQ2MDItNDE5Zi1iMmY0LTViOTk1ODhhZjc2MSIsImlhdCI6MTc4NDc5OTY3MSwiZXhwIjoxNzg1NDA0NDcxfQ.XtqvvgxYi_43mtsjpbElbbWChpvHhFSh_eG6XYLo8oU} @ http://semiconlab-staging-alb-124259420.ap-south-1.elb.amazonaws.com/main.dart.js:55885
[  128463ms] [LOG] [ApiService] Response Status: 200 @ http://semiconlab-staging-alb-124259420.ap-south-1.elb.amazonaws.com/main.dart.js:55885
[  128464ms] [LOG] [ApiService] Response URL: http://semiconlab-staging-alb-124259420.ap-south-1.elb.amazonaws.com:3000/v1/labs-api/available-labs @ http://semiconlab-staging-alb-124259420.ap-south-1.elb.amazonaws.com/main.dart.js:55885
[  128464ms] [LOG] [AuthService] getToken() - token exists: true, token length: 327 @ http://semiconlab-staging-alb-124259420.ap-south-1.elb.amazonaws.com/main.dart.js:55885
[  128464ms] [LOG] [ApiService] GET Request: labs-api/start-status?domain_id=17 @ http://semiconlab-staging-alb-124259420.ap-south-1.elb.amazonaws.com/main.dart.js:55885
[  128465ms] [LOG] [ApiService] Headers: {Authorization: Bearer eyJhbGciOiJIUzI1NiIsInR5cCI6IkpXVCJ9.eyJlbWFpbCI6InN1cnlhLm5Ac2VtaWNvbm9zLmFpIiwic3ViIjo5NSwicm9sZSI6IkxlYXJuZXIiLCJvcmdJZCI6bnVsbCwidGVhbUlkIjpudWxsLCJhdmFpbGFibGVSb2xlcyI6W10sInNpZCI6ImI5NGVjYzQ3LTQ2MDItNDE5Zi1iMmY0LTViOTk1ODhhZjc2MSIsImlhdCI6MTc4NDc5OTY3MSwiZXhwIjoxNzg1NDA0NDcxfQ.XtqvvgxYi_43mtsjpbElbbWChpvHhFSh_eG6XYLo8oU} @ http://semiconlab-staging-alb-124259420.ap-south-1.elb.amazonaws.com/main.dart.js:55885
[  128512ms] [LOG] [ApiService] Response Status: 200 @ http://semiconlab-staging-alb-124259420.ap-south-1.elb.amazonaws.com/main.dart.js:55885
[  128512ms] [LOG] [ApiService] Response URL: http://semiconlab-staging-alb-124259420.ap-south-1.elb.amazonaws.com:3000/v1/labs-api/start-status?domain_id=17 @ http://semiconlab-staging-alb-124259420.ap-south-1.elb.amazonaws.com/main.dart.js:55885
[  133326ms] [LOG] [AuthService] getToken() - token exists: true, token length: 327 @ http://semiconlab-staging-alb-124259420.ap-south-1.elb.amazonaws.com/main.dart.js:55885
[  133327ms] [LOG] [ApiService] GET Request: labs-api/available-labs @ http://semiconlab-staging-alb-124259420.ap-south-1.elb.amazonaws.com/main.dart.js:55885
[  133327ms] [LOG] [ApiService] Headers: {Authorization: Bearer eyJhbGciOiJIUzI1NiIsInR5cCI6IkpXVCJ9.eyJlbWFpbCI6InN1cnlhLm5Ac2VtaWNvbm9zLmFpIiwic3ViIjo5NSwicm9sZSI6IkxlYXJuZXIiLCJvcmdJZCI6bnVsbCwidGVhbUlkIjpudWxsLCJhdmFpbGFibGVSb2xlcyI6W10sInNpZCI6ImI5NGVjYzQ3LTQ2MDItNDE5Zi1iMmY0LTViOTk1ODhhZjc2MSIsImlhdCI6MTc4NDc5OTY3MSwiZXhwIjoxNzg1NDA0NDcxfQ.XtqvvgxYi_43mtsjpbElbbWChpvHhFSh_eG6XYLo8oU} @ http://semiconlab-staging-alb-124259420.ap-south-1.elb.amazonaws.com/main.dart.js:55885
[  133468ms] [LOG] [ApiService] Response Status: 200 @ http://semiconlab-staging-alb-124259420.ap-south-1.elb.amazonaws.com/main.dart.js:55885
[  133469ms] [LOG] [ApiService] Response URL: http://semiconlab-staging-alb-124259420.ap-south-1.elb.amazonaws.com:3000/v1/labs-api/available-labs @ http://semiconlab-staging-alb-124259420.ap-south-1.elb.amazonaws.com/main.dart.js:55885
[  133469ms] [LOG] [AuthService] getToken() - token exists: true, token length: 327 @ http://semiconlab-staging-alb-124259420.ap-south-1.elb.amazonaws.com/main.dart.js:55885
[  133469ms] [LOG] [ApiService] GET Request: labs-api/start-status?domain_id=17 @ http://semiconlab-staging-alb-124259420.ap-south-1.elb.amazonaws.com/main.dart.js:55885
[  133469ms] [LOG] [ApiService] Headers: {Authorization: Bearer eyJhbGciOiJIUzI1NiIsInR5cCI6IkpXVCJ9.eyJlbWFpbCI6InN1cnlhLm5Ac2VtaWNvbm9zLmFpIiwic3ViIjo5NSwicm9sZSI6IkxlYXJuZXIiLCJvcmdJZCI6bnVsbCwidGVhbUlkIjpudWxsLCJhdmFpbGFibGVSb2xlcyI6W10sInNpZCI6ImI5NGVjYzQ3LTQ2MDItNDE5Zi1iMmY0LTViOTk1ODhhZjc2MSIsImlhdCI6MTc4NDc5OTY3MSwiZXhwIjoxNzg1NDA0NDcxfQ.XtqvvgxYi_43mtsjpbElbbWChpvHhFSh_eG6XYLo8oU} @ http://semiconlab-staging-alb-124259420.ap-south-1.elb.amazonaws.com/main.dart.js:55885
[  133543ms] [LOG] [ApiService] Response Status: 200 @ http://semiconlab-staging-alb-124259420.ap-south-1.elb.amazonaws.com/main.dart.js:55885
[  133544ms] [LOG] [ApiService] Response URL: http://semiconlab-staging-alb-124259420.ap-south-1.elb.amazonaws.com:3000/v1/labs-api/start-status?domain_id=17 @ http://semiconlab-staging-alb-124259420.ap-south-1.elb.amazonaws.com/main.dart.js:55885
[  138326ms] [LOG] [AuthService] getToken() - token exists: true, token length: 327 @ http://semiconlab-staging-alb-124259420.ap-south-1.elb.amazonaws.com/main.dart.js:55885
[  138327ms] [LOG] [ApiService] GET Request: labs-api/available-labs @ http://semiconlab-staging-alb-124259420.ap-south-1.elb.amazonaws.com/main.dart.js:55885
[  138327ms] [LOG] [ApiService] Headers: {Authorization: Bearer eyJhbGciOiJIUzI1NiIsInR5cCI6IkpXVCJ9.eyJlbWFpbCI6InN1cnlhLm5Ac2VtaWNvbm9zLmFpIiwic3ViIjo5NSwicm9sZSI6IkxlYXJuZXIiLCJvcmdJZCI6bnVsbCwidGVhbUlkIjpudWxsLCJhdmFpbGFibGVSb2xlcyI6W10sInNpZCI6ImI5NGVjYzQ3LTQ2MDItNDE5Zi1iMmY0LTViOTk1ODhhZjc2MSIsImlhdCI6MTc4NDc5OTY3MSwiZXhwIjoxNzg1NDA0NDcxfQ.XtqvvgxYi_43mtsjpbElbbWChpvHhFSh_eG6XYLo8oU} @ http://semiconlab-staging-alb-124259420.ap-south-1.elb.amazonaws.com/main.dart.js:55885
[  138706ms] [LOG] [ApiService] Response Status: 200 @ http://semiconlab-staging-alb-124259420.ap-south-1.elb.amazonaws.com/main.dart.js:55885
[  138706ms] [LOG] [ApiService] Response URL: http://semiconlab-staging-alb-124259420.ap-south-1.elb.amazonaws.com:3000/v1/labs-api/available-labs @ http://semiconlab-staging-alb-124259420.ap-south-1.elb.amazonaws.com/main.dart.js:55885
[  138707ms] [LOG] [AuthService] getToken() - token exists: true, token length: 327 @ http://semiconlab-staging-alb-124259420.ap-south-1.elb.amazonaws.com/main.dart.js:55885
[  138707ms] [LOG] [ApiService] GET Request: labs-api/start-status?domain_id=17 @ http://semiconlab-staging-alb-124259420.ap-south-1.elb.amazonaws.com/main.dart.js:55885
[  138707ms] [LOG] [ApiService] Headers: {Authorization: Bearer eyJhbGciOiJIUzI1NiIsInR5cCI6IkpXVCJ9.eyJlbWFpbCI6InN1cnlhLm5Ac2VtaWNvbm9zLmFpIiwic3ViIjo5NSwicm9sZSI6IkxlYXJuZXIiLCJvcmdJZCI6bnVsbCwidGVhbUlkIjpudWxsLCJhdmFpbGFibGVSb2xlcyI6W10sInNpZCI6ImI5NGVjYzQ3LTQ2MDItNDE5Zi1iMmY0LTViOTk1ODhhZjc2MSIsImlhdCI6MTc4NDc5OTY3MSwiZXhwIjoxNzg1NDA0NDcxfQ.XtqvvgxYi_43mtsjpbElbbWChpvHhFSh_eG6XYLo8oU} @ http://semiconlab-staging-alb-124259420.ap-south-1.elb.amazonaws.com/main.dart.js:55885
[  138790ms] [LOG] [ApiService] Response Status: 200 @ http://semiconlab-staging-alb-124259420.ap-south-1.elb.amazonaws.com/main.dart.js:55885
[  138790ms] [LOG] [ApiService] Response URL: http://semiconlab-staging-alb-124259420.ap-south-1.elb.amazonaws.com:3000/v1/labs-api/start-status?domain_id=17 @ http://semiconlab-staging-alb-124259420.ap-south-1.elb.amazonaws.com/main.dart.js:55885
[  143326ms] [LOG] [AuthService] getToken() - token exists: true, token length: 327 @ http://semiconlab-staging-alb-124259420.ap-south-1.elb.amazonaws.com/main.dart.js:55885
[  143327ms] [LOG] [ApiService] GET Request: labs-api/available-labs @ http://semiconlab-staging-alb-124259420.ap-south-1.elb.amazonaws.com/main.dart.js:55885
[  143327ms] [LOG] [ApiService] Headers: {Authorization: Bearer eyJhbGciOiJIUzI1NiIsInR5cCI6IkpXVCJ9.eyJlbWFpbCI6InN1cnlhLm5Ac2VtaWNvbm9zLmFpIiwic3ViIjo5NSwicm9sZSI6IkxlYXJuZXIiLCJvcmdJZCI6bnVsbCwidGVhbUlkIjpudWxsLCJhdmFpbGFibGVSb2xlcyI6W10sInNpZCI6ImI5NGVjYzQ3LTQ2MDItNDE5Zi1iMmY0LTViOTk1ODhhZjc2MSIsImlhdCI6MTc4NDc5OTY3MSwiZXhwIjoxNzg1NDA0NDcxfQ.XtqvvgxYi_43mtsjpbElbbWChpvHhFSh_eG6XYLo8oU} @ http://semiconlab-staging-alb-124259420.ap-south-1.elb.amazonaws.com/main.dart.js:55885
[  143444ms] [LOG] [ApiService] Response Status: 200 @ http://semiconlab-staging-alb-124259420.ap-south-1.elb.amazonaws.com/main.dart.js:55885
[  143444ms] [LOG] [ApiService] Response URL: http://semiconlab-staging-alb-124259420.ap-south-1.elb.amazonaws.com:3000/v1/labs-api/available-labs @ http://semiconlab-staging-alb-124259420.ap-south-1.elb.amazonaws.com/main.dart.js:55885
[  143444ms] [LOG] [AuthService] getToken() - token exists: true, token length: 327 @ http://semiconlab-staging-alb-124259420.ap-south-1.elb.amazonaws.com/main.dart.js:55885
[  143444ms] [LOG] [ApiService] GET Request: labs-api/start-status?domain_id=17 @ http://semiconlab-staging-alb-124259420.ap-south-1.elb.amazonaws.com/main.dart.js:55885
[  143445ms] [LOG] [ApiService] Headers: {Authorization: Bearer eyJhbGciOiJIUzI1NiIsInR5cCI6IkpXVCJ9.eyJlbWFpbCI6InN1cnlhLm5Ac2VtaWNvbm9zLmFpIiwic3ViIjo5NSwicm9sZSI6IkxlYXJuZXIiLCJvcmdJZCI6bnVsbCwidGVhbUlkIjpudWxsLCJhdmFpbGFibGVSb2xlcyI6W10sInNpZCI6ImI5NGVjYzQ3LTQ2MDItNDE5Zi1iMmY0LTViOTk1ODhhZjc2MSIsImlhdCI6MTc4NDc5OTY3MSwiZXhwIjoxNzg1NDA0NDcxfQ.XtqvvgxYi_43mtsjpbElbbWChpvHhFSh_eG6XYLo8oU} @ http://semiconlab-staging-alb-124259420.ap-south-1.elb.amazonaws.com/main.dart.js:55885
[  143487ms] [LOG] [ApiService] Response Status: 200 @ http://semiconlab-staging-alb-124259420.ap-south-1.elb.amazonaws.com/main.dart.js:55885
[  143487ms] [LOG] [ApiService] Response URL: http://semiconlab-staging-alb-124259420.ap-south-1.elb.amazonaws.com:3000/v1/labs-api/start-status?domain_id=17 @ http://semiconlab-staging-alb-124259420.ap-south-1.elb.amazonaws.com/main.dart.js:55885
[  148326ms] [LOG] [AuthService] getToken() - token exists: true, token length: 327 @ http://semiconlab-staging-alb-124259420.ap-south-1.elb.amazonaws.com/main.dart.js:55885
[  148327ms] [LOG] [ApiService] GET Request: labs-api/available-labs @ http://semiconlab-staging-alb-124259420.ap-south-1.elb.amazonaws.com/main.dart.js:55885
[  148327ms] [LOG] [ApiService] Headers: {Authorization: Bearer eyJhbGciOiJIUzI1NiIsInR5cCI6IkpXVCJ9.eyJlbWFpbCI6InN1cnlhLm5Ac2VtaWNvbm9zLmFpIiwic3ViIjo5NSwicm9sZSI6IkxlYXJuZXIiLCJvcmdJZCI6bnVsbCwidGVhbUlkIjpudWxsLCJhdmFpbGFibGVSb2xlcyI6W10sInNpZCI6ImI5NGVjYzQ3LTQ2MDItNDE5Zi1iMmY0LTViOTk1ODhhZjc2MSIsImlhdCI6MTc4NDc5OTY3MSwiZXhwIjoxNzg1NDA0NDcxfQ.XtqvvgxYi_43mtsjpbElbbWChpvHhFSh_eG6XYLo8oU} @ http://semiconlab-staging-alb-124259420.ap-south-1.elb.amazonaws.com/main.dart.js:55885
[  148459ms] [LOG] [ApiService] Response Status: 200 @ http://semiconlab-staging-alb-124259420.ap-south-1.elb.amazonaws.com/main.dart.js:55885
[  148460ms] [LOG] [ApiService] Response URL: http://semiconlab-staging-alb-124259420.ap-south-1.elb.amazonaws.com:3000/v1/labs-api/available-labs @ http://semiconlab-staging-alb-124259420.ap-south-1.elb.amazonaws.com/main.dart.js:55885
[  148460ms] [LOG] [AuthService] getToken() - token exists: true, token length: 327 @ http://semiconlab-staging-alb-124259420.ap-south-1.elb.amazonaws.com/main.dart.js:55885
[  148460ms] [LOG] [ApiService] GET Request: labs-api/start-status?domain_id=17 @ http://semiconlab-staging-alb-124259420.ap-south-1.elb.amazonaws.com/main.dart.js:55885
[  148461ms] [LOG] [ApiService] Headers: {Authorization: Bearer eyJhbGciOiJIUzI1NiIsInR5cCI6IkpXVCJ9.eyJlbWFpbCI6InN1cnlhLm5Ac2VtaWNvbm9zLmFpIiwic3ViIjo5NSwicm9sZSI6IkxlYXJuZXIiLCJvcmdJZCI6bnVsbCwidGVhbUlkIjpudWxsLCJhdmFpbGFibGVSb2xlcyI6W10sInNpZCI6ImI5NGVjYzQ3LTQ2MDItNDE5Zi1iMmY0LTViOTk1ODhhZjc2MSIsImlhdCI6MTc4NDc5OTY3MSwiZXhwIjoxNzg1NDA0NDcxfQ.XtqvvgxYi_43mtsjpbElbbWChpvHhFSh_eG6XYLo8oU} @ http://semiconlab-staging-alb-124259420.ap-south-1.elb.amazonaws.com/main.dart.js:55885
[  148522ms] [LOG] [ApiService] Response Status: 200 @ http://semiconlab-staging-alb-124259420.ap-south-1.elb.amazonaws.com/main.dart.js:55885
[  148522ms] [LOG] [ApiService] Response URL: http://semiconlab-staging-alb-124259420.ap-south-1.elb.amazonaws.com:3000/v1/labs-api/start-status?domain_id=17 @ http://semiconlab-staging-alb-124259420.ap-south-1.elb.amazonaws.com/main.dart.js:55885
[  153326ms] [LOG] [AuthService] getToken() - token exists: true, token length: 327 @ http://semiconlab-staging-alb-124259420.ap-south-1.elb.amazonaws.com/main.dart.js:55885
[  153327ms] [LOG] [ApiService] GET Request: labs-api/available-labs @ http://semiconlab-staging-alb-124259420.ap-south-1.elb.amazonaws.com/main.dart.js:55885
[  153327ms] [LOG] [ApiService] Headers: {Authorization: Bearer eyJhbGciOiJIUzI1NiIsInR5cCI6IkpXVCJ9.eyJlbWFpbCI6InN1cnlhLm5Ac2VtaWNvbm9zLmFpIiwic3ViIjo5NSwicm9sZSI6IkxlYXJuZXIiLCJvcmdJZCI6bnVsbCwidGVhbUlkIjpudWxsLCJhdmFpbGFibGVSb2xlcyI6W10sInNpZCI6ImI5NGVjYzQ3LTQ2MDItNDE5Zi1iMmY0LTViOTk1ODhhZjc2MSIsImlhdCI6MTc4NDc5OTY3MSwiZXhwIjoxNzg1NDA0NDcxfQ.XtqvvgxYi_43mtsjpbElbbWChpvHhFSh_eG6XYLo8oU} @ http://semiconlab-staging-alb-124259420.ap-south-1.elb.amazonaws.com/main.dart.js:55885
[  153436ms] [LOG] [ApiService] Response Status: 200 @ http://semiconlab-staging-alb-124259420.ap-south-1.elb.amazonaws.com/main.dart.js:55885
[  153437ms] [LOG] [ApiService] Response URL: http://semiconlab-staging-alb-124259420.ap-south-1.elb.amazonaws.com:3000/v1/labs-api/available-labs @ http://semiconlab-staging-alb-124259420.ap-south-1.elb.amazonaws.com/main.dart.js:55885
[  153437ms] [LOG] [AuthService] getToken() - token exists: true, token length: 327 @ http://semiconlab-staging-alb-124259420.ap-south-1.elb.amazonaws.com/main.dart.js:55885
[  153437ms] [LOG] [ApiService] GET Request: labs-api/start-status?domain_id=17 @ http://semiconlab-staging-alb-124259420.ap-south-1.elb.amazonaws.com/main.dart.js:55885
[  153437ms] [LOG] [ApiService] Headers: {Authorization: Bearer eyJhbGciOiJIUzI1NiIsInR5cCI6IkpXVCJ9.eyJlbWFpbCI6InN1cnlhLm5Ac2VtaWNvbm9zLmFpIiwic3ViIjo5NSwicm9sZSI6IkxlYXJuZXIiLCJvcmdJZCI6bnVsbCwidGVhbUlkIjpudWxsLCJhdmFpbGFibGVSb2xlcyI6W10sInNpZCI6ImI5NGVjYzQ3LTQ2MDItNDE5Zi1iMmY0LTViOTk1ODhhZjc2MSIsImlhdCI6MTc4NDc5OTY3MSwiZXhwIjoxNzg1NDA0NDcxfQ.XtqvvgxYi_43mtsjpbElbbWChpvHhFSh_eG6XYLo8oU} @ http://semiconlab-staging-alb-124259420.ap-south-1.elb.amazonaws.com/main.dart.js:55885
[  153475ms] [LOG] [ApiService] Response Status: 200 @ http://semiconlab-staging-alb-124259420.ap-south-1.elb.amazonaws.com/main.dart.js:55885
[  153475ms] [LOG] [ApiService] Response URL: http://semiconlab-staging-alb-124259420.ap-south-1.elb.amazonaws.com:3000/v1/labs-api/start-status?domain_id=17 @ http://semiconlab-staging-alb-124259420.ap-south-1.elb.amazonaws.com/main.dart.js:55885
[  158326ms] [LOG] [AuthService] getToken() - token exists: true, token length: 327 @ http://semiconlab-staging-alb-124259420.ap-south-1.elb.amazonaws.com/main.dart.js:55885
[  158327ms] [LOG] [ApiService] GET Request: labs-api/available-labs @ http://semiconlab-staging-alb-124259420.ap-south-1.elb.amazonaws.com/main.dart.js:55885
[  158327ms] [LOG] [ApiService] Headers: {Authorization: Bearer eyJhbGciOiJIUzI1NiIsInR5cCI6IkpXVCJ9.eyJlbWFpbCI6InN1cnlhLm5Ac2VtaWNvbm9zLmFpIiwic3ViIjo5NSwicm9sZSI6IkxlYXJuZXIiLCJvcmdJZCI6bnVsbCwidGVhbUlkIjpudWxsLCJhdmFpbGFibGVSb2xlcyI6W10sInNpZCI6ImI5NGVjYzQ3LTQ2MDItNDE5Zi1iMmY0LTViOTk1ODhhZjc2MSIsImlhdCI6MTc4NDc5OTY3MSwiZXhwIjoxNzg1NDA0NDcxfQ.XtqvvgxYi_43mtsjpbElbbWChpvHhFSh_eG6XYLo8oU} @ http://semiconlab-staging-alb-124259420.ap-south-1.elb.amazonaws.com/main.dart.js:55885
[  158475ms] [LOG] [ApiService] Response Status: 200 @ http://semiconlab-staging-alb-124259420.ap-south-1.elb.amazonaws.com/main.dart.js:55885
[  158475ms] [LOG] [ApiService] Response URL: http://semiconlab-staging-alb-124259420.ap-south-1.elb.amazonaws.com:3000/v1/labs-api/available-labs @ http://semiconlab-staging-alb-124259420.ap-south-1.elb.amazonaws.com/main.dart.js:55885
[  158475ms] [LOG] [AuthService] getToken() - token exists: true, token length: 327 @ http://semiconlab-staging-alb-124259420.ap-south-1.elb.amazonaws.com/main.dart.js:55885
[  158476ms] [LOG] [ApiService] GET Request: labs-api/start-status?domain_id=17 @ http://semiconlab-staging-alb-124259420.ap-south-1.elb.amazonaws.com/main.dart.js:55885
[  158476ms] [LOG] [ApiService] Headers: {Authorization: Bearer eyJhbGciOiJIUzI1NiIsInR5cCI6IkpXVCJ9.eyJlbWFpbCI6InN1cnlhLm5Ac2VtaWNvbm9zLmFpIiwic3ViIjo5NSwicm9sZSI6IkxlYXJuZXIiLCJvcmdJZCI6bnVsbCwidGVhbUlkIjpudWxsLCJhdmFpbGFibGVSb2xlcyI6W10sInNpZCI6ImI5NGVjYzQ3LTQ2MDItNDE5Zi1iMmY0LTViOTk1ODhhZjc2MSIsImlhdCI6MTc4NDc5OTY3MSwiZXhwIjoxNzg1NDA0NDcxfQ.XtqvvgxYi_43mtsjpbElbbWChpvHhFSh_eG6XYLo8oU} @ http://semiconlab-staging-alb-124259420.ap-south-1.elb.amazonaws.com/main.dart.js:55885
[  158694ms] [LOG] [ApiService] Response Status: 200 @ http://semiconlab-staging-alb-124259420.ap-south-1.elb.amazonaws.com/main.dart.js:55885
[  158695ms] [LOG] [ApiService] Response URL: http://semiconlab-staging-alb-124259420.ap-south-1.elb.amazonaws.com:3000/v1/labs-api/start-status?domain_id=17 @ http://semiconlab-staging-alb-124259420.ap-south-1.elb.amazonaws.com/main.dart.js:55885
[  163326ms] [LOG] [AuthService] getToken() - token exists: true, token length: 327 @ http://semiconlab-staging-alb-124259420.ap-south-1.elb.amazonaws.com/main.dart.js:55885
[  163327ms] [LOG] [ApiService] GET Request: labs-api/available-labs @ http://semiconlab-staging-alb-124259420.ap-south-1.elb.amazonaws.com/main.dart.js:55885
[  163327ms] [LOG] [ApiService] Headers: {Authorization: Bearer eyJhbGciOiJIUzI1NiIsInR5cCI6IkpXVCJ9.eyJlbWFpbCI6InN1cnlhLm5Ac2VtaWNvbm9zLmFpIiwic3ViIjo5NSwicm9sZSI6IkxlYXJuZXIiLCJvcmdJZCI6bnVsbCwidGVhbUlkIjpudWxsLCJhdmFpbGFibGVSb2xlcyI6W10sInNpZCI6ImI5NGVjYzQ3LTQ2MDItNDE5Zi1iMmY0LTViOTk1ODhhZjc2MSIsImlhdCI6MTc4NDc5OTY3MSwiZXhwIjoxNzg1NDA0NDcxfQ.XtqvvgxYi_43mtsjpbElbbWChpvHhFSh_eG6XYLo8oU} @ http://semiconlab-staging-alb-124259420.ap-south-1.elb.amazonaws.com/main.dart.js:55885
[  163446ms] [LOG] [ApiService] Response Status: 200 @ http://semiconlab-staging-alb-124259420.ap-south-1.elb.amazonaws.com/main.dart.js:55885
[  163446ms] [LOG] [ApiService] Response URL: http://semiconlab-staging-alb-124259420.ap-south-1.elb.amazonaws.com:3000/v1/labs-api/available-labs @ http://semiconlab-staging-alb-124259420.ap-south-1.elb.amazonaws.com/main.dart.js:55885
[  163446ms] [LOG] [AuthService] getToken() - token exists: true, token length: 327 @ http://semiconlab-staging-alb-124259420.ap-south-1.elb.amazonaws.com/main.dart.js:55885
[  163447ms] [LOG] [ApiService] GET Request: labs-api/start-status?domain_id=17 @ http://semiconlab-staging-alb-124259420.ap-south-1.elb.amazonaws.com/main.dart.js:55885
[  163447ms] [LOG] [ApiService] Headers: {Authorization: Bearer eyJhbGciOiJIUzI1NiIsInR5cCI6IkpXVCJ9.eyJlbWFpbCI6InN1cnlhLm5Ac2VtaWNvbm9zLmFpIiwic3ViIjo5NSwicm9sZSI6IkxlYXJuZXIiLCJvcmdJZCI6bnVsbCwidGVhbUlkIjpudWxsLCJhdmFpbGFibGVSb2xlcyI6W10sInNpZCI6ImI5NGVjYzQ3LTQ2MDItNDE5Zi1iMmY0LTViOTk1ODhhZjc2MSIsImlhdCI6MTc4NDc5OTY3MSwiZXhwIjoxNzg1NDA0NDcxfQ.XtqvvgxYi_43mtsjpbElbbWChpvHhFSh_eG6XYLo8oU} @ http://semiconlab-staging-alb-124259420.ap-south-1.elb.amazonaws.com/main.dart.js:55885
[  163486ms] [LOG] [ApiService] Response Status: 200 @ http://semiconlab-staging-alb-124259420.ap-south-1.elb.amazonaws.com/main.dart.js:55885
[  163486ms] [LOG] [ApiService] Response URL: http://semiconlab-staging-alb-124259420.ap-south-1.elb.amazonaws.com:3000/v1/labs-api/start-status?domain_id=17 @ http://semiconlab-staging-alb-124259420.ap-south-1.elb.amazonaws.com/main.dart.js:55885
[  164852ms] [LOG] [AuthService] getToken() - token exists: true, token length: 327 @ http://semiconlab-staging-alb-124259420.ap-south-1.elb.amazonaws.com/main.dart.js:55885
[  164852ms] [LOG] [AuthService] getToken() - token exists: true, token length: 327 @ http://semiconlab-staging-alb-124259420.ap-south-1.elb.amazonaws.com/main.dart.js:55885
[  164852ms] [LOG] [ApiService] GET Request: labs-api/available-labs @ http://semiconlab-staging-alb-124259420.ap-south-1.elb.amazonaws.com/main.dart.js:55885
[  164853ms] [LOG] [ApiService] Headers: {Authorization: Bearer eyJhbGciOiJIUzI1NiIsInR5cCI6IkpXVCJ9.eyJlbWFpbCI6InN1cnlhLm5Ac2VtaWNvbm9zLmFpIiwic3ViIjo5NSwicm9sZSI6IkxlYXJuZXIiLCJvcmdJZCI6bnVsbCwidGVhbUlkIjpudWxsLCJhdmFpbGFibGVSb2xlcyI6W10sInNpZCI6ImI5NGVjYzQ3LTQ2MDItNDE5Zi1iMmY0LTViOTk1ODhhZjc2MSIsImlhdCI6MTc4NDc5OTY3MSwiZXhwIjoxNzg1NDA0NDcxfQ.XtqvvgxYi_43mtsjpbElbbWChpvHhFSh_eG6XYLo8oU} @ http://semiconlab-staging-alb-124259420.ap-south-1.elb.amazonaws.com/main.dart.js:55885
[  164940ms] [LOG] [ApiService] Response Status: 200 @ http://semiconlab-staging-alb-124259420.ap-south-1.elb.amazonaws.com/main.dart.js:55885
[  164940ms] [LOG] [ApiService] Response URL: http://semiconlab-staging-alb-124259420.ap-south-1.elb.amazonaws.com:3000/v1/labs-api/available-labs @ http://semiconlab-staging-alb-124259420.ap-south-1.elb.amazonaws.com/main.dart.js:55885
[  164940ms] [LOG] [AuthService] getToken() - token exists: true, token length: 327 @ http://semiconlab-staging-alb-124259420.ap-south-1.elb.amazonaws.com/main.dart.js:55885
[  164941ms] [LOG] [ApiService] GET Request: /users/95 @ http://semiconlab-staging-alb-124259420.ap-south-1.elb.amazonaws.com/main.dart.js:55885
[  164941ms] [LOG] [ApiService] Headers: {Authorization: Bearer eyJhbGciOiJIUzI1NiIsInR5cCI6IkpXVCJ9.eyJlbWFpbCI6InN1cnlhLm5Ac2VtaWNvbm9zLmFpIiwic3ViIjo5NSwicm9sZSI6IkxlYXJuZXIiLCJvcmdJZCI6bnVsbCwidGVhbUlkIjpudWxsLCJhdmFpbGFibGVSb2xlcyI6W10sInNpZCI6ImI5NGVjYzQ3LTQ2MDItNDE5Zi1iMmY0LTViOTk1ODhhZjc2MSIsImlhdCI6MTc4NDc5OTY3MSwiZXhwIjoxNzg1NDA0NDcxfQ.XtqvvgxYi_43mtsjpbElbbWChpvHhFSh_eG6XYLo8oU} @ http://semiconlab-staging-alb-124259420.ap-south-1.elb.amazonaws.com/main.dart.js:55885
[  165028ms] [LOG] [ApiService] Response Status: 200 @ http://semiconlab-staging-alb-124259420.ap-south-1.elb.amazonaws.com/main.dart.js:55885
[  165028ms] [LOG] [ApiService] Response URL: http://semiconlab-staging-alb-124259420.ap-south-1.elb.amazonaws.com:3000/v1/users/95 @ http://semiconlab-staging-alb-124259420.ap-south-1.elb.amazonaws.com/main.dart.js:55885
[  168327ms] [LOG] [AuthService] getToken() - token exists: true, token length: 327 @ http://semiconlab-staging-alb-124259420.ap-south-1.elb.amazonaws.com/main.dart.js:55885
[  168327ms] [LOG] [ApiService] GET Request: labs-api/available-labs @ http://semiconlab-staging-alb-124259420.ap-south-1.elb.amazonaws.com/main.dart.js:55885
[  168327ms] [LOG] [ApiService] Headers: {Authorization: Bearer eyJhbGciOiJIUzI1NiIsInR5cCI6IkpXVCJ9.eyJlbWFpbCI6InN1cnlhLm5Ac2VtaWNvbm9zLmFpIiwic3ViIjo5NSwicm9sZSI6IkxlYXJuZXIiLCJvcmdJZCI6bnVsbCwidGVhbUlkIjpudWxsLCJhdmFpbGFibGVSb2xlcyI6W10sInNpZCI6ImI5NGVjYzQ3LTQ2MDItNDE5Zi1iMmY0LTViOTk1ODhhZjc2MSIsImlhdCI6MTc4NDc5OTY3MSwiZXhwIjoxNzg1NDA0NDcxfQ.XtqvvgxYi_43mtsjpbElbbWChpvHhFSh_eG6XYLo8oU} @ http://semiconlab-staging-alb-124259420.ap-south-1.elb.amazonaws.com/main.dart.js:55885
[  168421ms] [LOG] [ApiService] Response Status: 200 @ http://semiconlab-staging-alb-124259420.ap-south-1.elb.amazonaws.com/main.dart.js:55885
[  168421ms] [LOG] [ApiService] Response URL: http://semiconlab-staging-alb-124259420.ap-south-1.elb.amazonaws.com:3000/v1/labs-api/available-labs @ http://semiconlab-staging-alb-124259420.ap-south-1.elb.amazonaws.com/main.dart.js:55885
[  168421ms] [LOG] [AuthService] getToken() - token exists: true, token length: 327 @ http://semiconlab-staging-alb-124259420.ap-south-1.elb.amazonaws.com/main.dart.js:55885
[  168422ms] [LOG] [ApiService] GET Request: labs-api/start-status?domain_id=17 @ http://semiconlab-staging-alb-124259420.ap-south-1.elb.amazonaws.com/main.dart.js:55885
[  168422ms] [LOG] [ApiService] Headers: {Authorization: Bearer eyJhbGciOiJIUzI1NiIsInR5cCI6IkpXVCJ9.eyJlbWFpbCI6InN1cnlhLm5Ac2VtaWNvbm9zLmFpIiwic3ViIjo5NSwicm9sZSI6IkxlYXJuZXIiLCJvcmdJZCI6bnVsbCwidGVhbUlkIjpudWxsLCJhdmFpbGFibGVSb2xlcyI6W10sInNpZCI6ImI5NGVjYzQ3LTQ2MDItNDE5Zi1iMmY0LTViOTk1ODhhZjc2MSIsImlhdCI6MTc4NDc5OTY3MSwiZXhwIjoxNzg1NDA0NDcxfQ.XtqvvgxYi_43mtsjpbElbbWChpvHhFSh_eG6XYLo8oU} @ http://semiconlab-staging-alb-124259420.ap-south-1.elb.amazonaws.com/main.dart.js:55885
[  168484ms] [LOG] [ApiService] Response Status: 200 @ http://semiconlab-staging-alb-124259420.ap-south-1.elb.amazonaws.com/main.dart.js:55885
[  168484ms] [LOG] [ApiService] Response URL: http://semiconlab-staging-alb-124259420.ap-south-1.elb.amazonaws.com:3000/v1/labs-api/start-status?domain_id=17 @ http://semiconlab-staging-alb-124259420.ap-south-1.elb.amazonaws.com/main.dart.js:55885
[  173327ms] [LOG] [AuthService] getToken() - token exists: true, token length: 327 @ http://semiconlab-staging-alb-124259420.ap-south-1.elb.amazonaws.com/main.dart.js:55885
[  173327ms] [LOG] [ApiService] GET Request: labs-api/available-labs @ http://semiconlab-staging-alb-124259420.ap-south-1.elb.amazonaws.com/main.dart.js:55885
[  173327ms] [LOG] [ApiService] Headers: {Authorization: Bearer eyJhbGciOiJIUzI1NiIsInR5cCI6IkpXVCJ9.eyJlbWFpbCI6InN1cnlhLm5Ac2VtaWNvbm9zLmFpIiwic3ViIjo5NSwicm9sZSI6IkxlYXJuZXIiLCJvcmdJZCI6bnVsbCwidGVhbUlkIjpudWxsLCJhdmFpbGFibGVSb2xlcyI6W10sInNpZCI6ImI5NGVjYzQ3LTQ2MDItNDE5Zi1iMmY0LTViOTk1ODhhZjc2MSIsImlhdCI6MTc4NDc5OTY3MSwiZXhwIjoxNzg1NDA0NDcxfQ.XtqvvgxYi_43mtsjpbElbbWChpvHhFSh_eG6XYLo8oU} @ http://semiconlab-staging-alb-124259420.ap-south-1.elb.amazonaws.com/main.dart.js:55885
[  173447ms] [LOG] [ApiService] Response Status: 200 @ http://semiconlab-staging-alb-124259420.ap-south-1.elb.amazonaws.com/main.dart.js:55885
[  173448ms] [LOG] [ApiService] Response URL: http://semiconlab-staging-alb-124259420.ap-south-1.elb.amazonaws.com:3000/v1/labs-api/available-labs @ http://semiconlab-staging-alb-124259420.ap-south-1.elb.amazonaws.com/main.dart.js:55885
[  173448ms] [LOG] [AuthService] getToken() - token exists: true, token length: 327 @ http://semiconlab-staging-alb-124259420.ap-south-1.elb.amazonaws.com/main.dart.js:55885
[  173448ms] [LOG] [ApiService] GET Request: labs-api/start-status?domain_id=17 @ http://semiconlab-staging-alb-124259420.ap-south-1.elb.amazonaws.com/main.dart.js:55885
[  173449ms] [LOG] [ApiService] Headers: {Authorization: Bearer eyJhbGciOiJIUzI1NiIsInR5cCI6IkpXVCJ9.eyJlbWFpbCI6InN1cnlhLm5Ac2VtaWNvbm9zLmFpIiwic3ViIjo5NSwicm9sZSI6IkxlYXJuZXIiLCJvcmdJZCI6bnVsbCwidGVhbUlkIjpudWxsLCJhdmFpbGFibGVSb2xlcyI6W10sInNpZCI6ImI5NGVjYzQ3LTQ2MDItNDE5Zi1iMmY0LTViOTk1ODhhZjc2MSIsImlhdCI6MTc4NDc5OTY3MSwiZXhwIjoxNzg1NDA0NDcxfQ.XtqvvgxYi_43mtsjpbElbbWChpvHhFSh_eG6XYLo8oU} @ http://semiconlab-staging-alb-124259420.ap-south-1.elb.amazonaws.com/main.dart.js:55885
[  173512ms] [LOG] [ApiService] Response Status: 200 @ http://semiconlab-staging-alb-124259420.ap-south-1.elb.amazonaws.com/main.dart.js:55885
[  173513ms] [LOG] [ApiService] Response URL: http://semiconlab-staging-alb-124259420.ap-south-1.elb.amazonaws.com:3000/v1/labs-api/start-status?domain_id=17 @ http://semiconlab-staging-alb-124259420.ap-south-1.elb.amazonaws.com/main.dart.js:55885
[  178326ms] [LOG] [AuthService] getToken() - token exists: true, token length: 327 @ http://semiconlab-staging-alb-124259420.ap-south-1.elb.amazonaws.com/main.dart.js:55885
[  178327ms] [LOG] [ApiService] GET Request: labs-api/available-labs @ http://semiconlab-staging-alb-124259420.ap-south-1.elb.amazonaws.com/main.dart.js:55885
[  178327ms] [LOG] [ApiService] Headers: {Authorization: Bearer eyJhbGciOiJIUzI1NiIsInR5cCI6IkpXVCJ9.eyJlbWFpbCI6InN1cnlhLm5Ac2VtaWNvbm9zLmFpIiwic3ViIjo5NSwicm9sZSI6IkxlYXJuZXIiLCJvcmdJZCI6bnVsbCwidGVhbUlkIjpudWxsLCJhdmFpbGFibGVSb2xlcyI6W10sInNpZCI6ImI5NGVjYzQ3LTQ2MDItNDE5Zi1iMmY0LTViOTk1ODhhZjc2MSIsImlhdCI6MTc4NDc5OTY3MSwiZXhwIjoxNzg1NDA0NDcxfQ.XtqvvgxYi_43mtsjpbElbbWChpvHhFSh_eG6XYLo8oU} @ http://semiconlab-staging-alb-124259420.ap-south-1.elb.amazonaws.com/main.dart.js:55885
[  178427ms] [LOG] [ApiService] Response Status: 200 @ http://semiconlab-staging-alb-124259420.ap-south-1.elb.amazonaws.com/main.dart.js:55885
[  178427ms] [LOG] [ApiService] Response URL: http://semiconlab-staging-alb-124259420.ap-south-1.elb.amazonaws.com:3000/v1/labs-api/available-labs @ http://semiconlab-staging-alb-124259420.ap-south-1.elb.amazonaws.com/main.dart.js:55885
[  178428ms] [LOG] [AuthService] getToken() - token exists: true, token length: 327 @ http://semiconlab-staging-alb-124259420.ap-south-1.elb.amazonaws.com/main.dart.js:55885
[  178428ms] [LOG] [ApiService] GET Request: labs-api/start-status?domain_id=17 @ http://semiconlab-staging-alb-124259420.ap-south-1.elb.amazonaws.com/main.dart.js:55885
[  178428ms] [LOG] [ApiService] Headers: {Authorization: Bearer eyJhbGciOiJIUzI1NiIsInR5cCI6IkpXVCJ9.eyJlbWFpbCI6InN1cnlhLm5Ac2VtaWNvbm9zLmFpIiwic3ViIjo5NSwicm9sZSI6IkxlYXJuZXIiLCJvcmdJZCI6bnVsbCwidGVhbUlkIjpudWxsLCJhdmFpbGFibGVSb2xlcyI6W10sInNpZCI6ImI5NGVjYzQ3LTQ2MDItNDE5Zi1iMmY0LTViOTk1ODhhZjc2MSIsImlhdCI6MTc4NDc5OTY3MSwiZXhwIjoxNzg1NDA0NDcxfQ.XtqvvgxYi_43mtsjpbElbbWChpvHhFSh_eG6XYLo8oU} @ http://semiconlab-staging-alb-124259420.ap-south-1.elb.amazonaws.com/main.dart.js:55885
[  178474ms] [LOG] [ApiService] Response Status: 200 @ http://semiconlab-staging-alb-124259420.ap-south-1.elb.amazonaws.com/main.dart.js:55885
[  178474ms] [LOG] [ApiService] Response URL: http://semiconlab-staging-alb-124259420.ap-south-1.elb.amazonaws.com:3000/v1/labs-api/start-status?domain_id=17 @ http://semiconlab-staging-alb-124259420.ap-south-1.elb.amazonaws.com/main.dart.js:55885
[  183326ms] [LOG] [AuthService] getToken() - token exists: true, token length: 327 @ http://semiconlab-staging-alb-124259420.ap-south-1.elb.amazonaws.com/main.dart.js:55885
[  183327ms] [LOG] [ApiService] GET Request: labs-api/available-labs @ http://semiconlab-staging-alb-124259420.ap-south-1.elb.amazonaws.com/main.dart.js:55885
[  183327ms] [LOG] [ApiService] Headers: {Authorization: Bearer eyJhbGciOiJIUzI1NiIsInR5cCI6IkpXVCJ9.eyJlbWFpbCI6InN1cnlhLm5Ac2VtaWNvbm9zLmFpIiwic3ViIjo5NSwicm9sZSI6IkxlYXJuZXIiLCJvcmdJZCI6bnVsbCwidGVhbUlkIjpudWxsLCJhdmFpbGFibGVSb2xlcyI6W10sInNpZCI6ImI5NGVjYzQ3LTQ2MDItNDE5Zi1iMmY0LTViOTk1ODhhZjc2MSIsImlhdCI6MTc4NDc5OTY3MSwiZXhwIjoxNzg1NDA0NDcxfQ.XtqvvgxYi_43mtsjpbElbbWChpvHhFSh_eG6XYLo8oU} @ http://semiconlab-staging-alb-124259420.ap-south-1.elb.amazonaws.com/main.dart.js:55885
[  183452ms] [LOG] [ApiService] Response Status: 200 @ http://semiconlab-staging-alb-124259420.ap-south-1.elb.amazonaws.com/main.dart.js:55885
[  183452ms] [LOG] [ApiService] Response URL: http://semiconlab-staging-alb-124259420.ap-south-1.elb.amazonaws.com:3000/v1/labs-api/available-labs @ http://semiconlab-staging-alb-124259420.ap-south-1.elb.amazonaws.com/main.dart.js:55885
[  183452ms] [LOG] [AuthService] getToken() - token exists: true, token length: 327 @ http://semiconlab-staging-alb-124259420.ap-south-1.elb.amazonaws.com/main.dart.js:55885
[  183452ms] [LOG] [ApiService] GET Request: labs-api/start-status?domain_id=17 @ http://semiconlab-staging-alb-124259420.ap-south-1.elb.amazonaws.com/main.dart.js:55885
[  183453ms] [LOG] [ApiService] Headers: {Authorization: Bearer eyJhbGciOiJIUzI1NiIsInR5cCI6IkpXVCJ9.eyJlbWFpbCI6InN1cnlhLm5Ac2VtaWNvbm9zLmFpIiwic3ViIjo5NSwicm9sZSI6IkxlYXJuZXIiLCJvcmdJZCI6bnVsbCwidGVhbUlkIjpudWxsLCJhdmFpbGFibGVSb2xlcyI6W10sInNpZCI6ImI5NGVjYzQ3LTQ2MDItNDE5Zi1iMmY0LTViOTk1ODhhZjc2MSIsImlhdCI6MTc4NDc5OTY3MSwiZXhwIjoxNzg1NDA0NDcxfQ.XtqvvgxYi_43mtsjpbElbbWChpvHhFSh_eG6XYLo8oU} @ http://semiconlab-staging-alb-124259420.ap-south-1.elb.amazonaws.com/main.dart.js:55885
[  183522ms] [LOG] [ApiService] Response Status: 200 @ http://semiconlab-staging-alb-124259420.ap-south-1.elb.amazonaws.com/main.dart.js:55885
[  183522ms] [LOG] [ApiService] Response URL: http://semiconlab-staging-alb-124259420.ap-south-1.elb.amazonaws.com:3000/v1/labs-api/start-status?domain_id=17 @ http://semiconlab-staging-alb-124259420.ap-south-1.elb.amazonaws.com/main.dart.js:55885
[  188326ms] [LOG] [AuthService] getToken() - token exists: true, token length: 327 @ http://semiconlab-staging-alb-124259420.ap-south-1.elb.amazonaws.com/main.dart.js:55885
[  188327ms] [LOG] [ApiService] GET Request: labs-api/available-labs @ http://semiconlab-staging-alb-124259420.ap-south-1.elb.amazonaws.com/main.dart.js:55885
[  188327ms] [LOG] [ApiService] Headers: {Authorization: Bearer eyJhbGciOiJIUzI1NiIsInR5cCI6IkpXVCJ9.eyJlbWFpbCI6InN1cnlhLm5Ac2VtaWNvbm9zLmFpIiwic3ViIjo5NSwicm9sZSI6IkxlYXJuZXIiLCJvcmdJZCI6bnVsbCwidGVhbUlkIjpudWxsLCJhdmFpbGFibGVSb2xlcyI6W10sInNpZCI6ImI5NGVjYzQ3LTQ2MDItNDE5Zi1iMmY0LTViOTk1ODhhZjc2MSIsImlhdCI6MTc4NDc5OTY3MSwiZXhwIjoxNzg1NDA0NDcxfQ.XtqvvgxYi_43mtsjpbElbbWChpvHhFSh_eG6XYLo8oU} @ http://semiconlab-staging-alb-124259420.ap-south-1.elb.amazonaws.com/main.dart.js:55885
[  188428ms] [LOG] [ApiService] Response Status: 200 @ http://semiconlab-staging-alb-124259420.ap-south-1.elb.amazonaws.com/main.dart.js:55885
[  188428ms] [LOG] [ApiService] Response URL: http://semiconlab-staging-alb-124259420.ap-south-1.elb.amazonaws.com:3000/v1/labs-api/available-labs @ http://semiconlab-staging-alb-124259420.ap-south-1.elb.amazonaws.com/main.dart.js:55885
[  188428ms] [LOG] [AuthService] getToken() - token exists: true, token length: 327 @ http://semiconlab-staging-alb-124259420.ap-south-1.elb.amazonaws.com/main.dart.js:55885
[  188429ms] [LOG] [ApiService] GET Request: labs-api/start-status?domain_id=17 @ http://semiconlab-staging-alb-124259420.ap-south-1.elb.amazonaws.com/main.dart.js:55885
[  188429ms] [LOG] [ApiService] Headers: {Authorization: Bearer eyJhbGciOiJIUzI1NiIsInR5cCI6IkpXVCJ9.eyJlbWFpbCI6InN1cnlhLm5Ac2VtaWNvbm9zLmFpIiwic3ViIjo5NSwicm9sZSI6IkxlYXJuZXIiLCJvcmdJZCI6bnVsbCwidGVhbUlkIjpudWxsLCJhdmFpbGFibGVSb2xlcyI6W10sInNpZCI6ImI5NGVjYzQ3LTQ2MDItNDE5Zi1iMmY0LTViOTk1ODhhZjc2MSIsImlhdCI6MTc4NDc5OTY3MSwiZXhwIjoxNzg1NDA0NDcxfQ.XtqvvgxYi_43mtsjpbElbbWChpvHhFSh_eG6XYLo8oU} @ http://semiconlab-staging-alb-124259420.ap-south-1.elb.amazonaws.com/main.dart.js:55885
[  188474ms] [LOG] [ApiService] Response Status: 200 @ http://semiconlab-staging-alb-124259420.ap-south-1.elb.amazonaws.com/main.dart.js:55885
[  188474ms] [LOG] [ApiService] Response URL: http://semiconlab-staging-alb-124259420.ap-south-1.elb.amazonaws.com:3000/v1/labs-api/start-status?domain_id=17 @ http://semiconlab-staging-alb-124259420.ap-south-1.elb.amazonaws.com/main.dart.js:55885
[  193335ms] [LOG] [AuthService] getToken() - token exists: true, token length: 327 @ http://semiconlab-staging-alb-124259420.ap-south-1.elb.amazonaws.com/main.dart.js:55885
[  193336ms] [LOG] [ApiService] GET Request: labs-api/available-labs @ http://semiconlab-staging-alb-124259420.ap-south-1.elb.amazonaws.com/main.dart.js:55885
[  193336ms] [LOG] [ApiService] Headers: {Authorization: Bearer eyJhbGciOiJIUzI1NiIsInR5cCI6IkpXVCJ9.eyJlbWFpbCI6InN1cnlhLm5Ac2VtaWNvbm9zLmFpIiwic3ViIjo5NSwicm9sZSI6IkxlYXJuZXIiLCJvcmdJZCI6bnVsbCwidGVhbUlkIjpudWxsLCJhdmFpbGFibGVSb2xlcyI6W10sInNpZCI6ImI5NGVjYzQ3LTQ2MDItNDE5Zi1iMmY0LTViOTk1ODhhZjc2MSIsImlhdCI6MTc4NDc5OTY3MSwiZXhwIjoxNzg1NDA0NDcxfQ.XtqvvgxYi_43mtsjpbElbbWChpvHhFSh_eG6XYLo8oU} @ http://semiconlab-staging-alb-124259420.ap-south-1.elb.amazonaws.com/main.dart.js:55885
[  193482ms] [LOG] [ApiService] Response Status: 200 @ http://semiconlab-staging-alb-124259420.ap-south-1.elb.amazonaws.com/main.dart.js:55885
[  193482ms] [LOG] [ApiService] Response URL: http://semiconlab-staging-alb-124259420.ap-south-1.elb.amazonaws.com:3000/v1/labs-api/available-labs @ http://semiconlab-staging-alb-124259420.ap-south-1.elb.amazonaws.com/main.dart.js:55885
[  193483ms] [LOG] [AuthService] getToken() - token exists: true, token length: 327 @ http://semiconlab-staging-alb-124259420.ap-south-1.elb.amazonaws.com/main.dart.js:55885
[  193483ms] [LOG] [ApiService] GET Request: labs-api/start-status?domain_id=17 @ http://semiconlab-staging-alb-124259420.ap-south-1.elb.amazonaws.com/main.dart.js:55885
[  193483ms] [LOG] [ApiService] Headers: {Authorization: Bearer eyJhbGciOiJIUzI1NiIsInR5cCI6IkpXVCJ9.eyJlbWFpbCI6InN1cnlhLm5Ac2VtaWNvbm9zLmFpIiwic3ViIjo5NSwicm9sZSI6IkxlYXJuZXIiLCJvcmdJZCI6bnVsbCwidGVhbUlkIjpudWxsLCJhdmFpbGFibGVSb2xlcyI6W10sInNpZCI6ImI5NGVjYzQ3LTQ2MDItNDE5Zi1iMmY0LTViOTk1ODhhZjc2MSIsImlhdCI6MTc4NDc5OTY3MSwiZXhwIjoxNzg1NDA0NDcxfQ.XtqvvgxYi_43mtsjpbElbbWChpvHhFSh_eG6XYLo8oU} @ http://semiconlab-staging-alb-124259420.ap-south-1.elb.amazonaws.com/main.dart.js:55885
[  193561ms] [LOG] [ApiService] Response Status: 200 @ http://semiconlab-staging-alb-124259420.ap-south-1.elb.amazonaws.com/main.dart.js:55885
[  193561ms] [LOG] [ApiService] Response URL: http://semiconlab-staging-alb-124259420.ap-south-1.elb.amazonaws.com:3000/v1/labs-api/start-status?domain_id=17 @ http://semiconlab-staging-alb-124259420.ap-south-1.elb.amazonaws.com/main.dart.js:55885
[  198326ms] [LOG] [AuthService] getToken() - token exists: true, token length: 327 @ http://semiconlab-staging-alb-124259420.ap-south-1.elb.amazonaws.com/main.dart.js:55885
[  198327ms] [LOG] [ApiService] GET Request: labs-api/available-labs @ http://semiconlab-staging-alb-124259420.ap-south-1.elb.amazonaws.com/main.dart.js:55885
[  198327ms] [LOG] [ApiService] Headers: {Authorization: Bearer eyJhbGciOiJIUzI1NiIsInR5cCI6IkpXVCJ9.eyJlbWFpbCI6InN1cnlhLm5Ac2VtaWNvbm9zLmFpIiwic3ViIjo5NSwicm9sZSI6IkxlYXJuZXIiLCJvcmdJZCI6bnVsbCwidGVhbUlkIjpudWxsLCJhdmFpbGFibGVSb2xlcyI6W10sInNpZCI6ImI5NGVjYzQ3LTQ2MDItNDE5Zi1iMmY0LTViOTk1ODhhZjc2MSIsImlhdCI6MTc4NDc5OTY3MSwiZXhwIjoxNzg1NDA0NDcxfQ.XtqvvgxYi_43mtsjpbElbbWChpvHhFSh_eG6XYLo8oU} @ http://semiconlab-staging-alb-124259420.ap-south-1.elb.amazonaws.com/main.dart.js:55885
[  199171ms] [LOG] [ApiService] Response Status: 200 @ http://semiconlab-staging-alb-124259420.ap-south-1.elb.amazonaws.com/main.dart.js:55885
[  199171ms] [LOG] [ApiService] Response URL: http://semiconlab-staging-alb-124259420.ap-south-1.elb.amazonaws.com:3000/v1/labs-api/available-labs @ http://semiconlab-staging-alb-124259420.ap-south-1.elb.amazonaws.com/main.dart.js:55885
[  199172ms] [LOG] [AuthService] getToken() - token exists: true, token length: 327 @ http://semiconlab-staging-alb-124259420.ap-south-1.elb.amazonaws.com/main.dart.js:55885
[  199172ms] [LOG] [ApiService] GET Request: labs-api/start-status?domain_id=17 @ http://semiconlab-staging-alb-124259420.ap-south-1.elb.amazonaws.com/main.dart.js:55885
[  199172ms] [LOG] [ApiService] Headers: {Authorization: Bearer eyJhbGciOiJIUzI1NiIsInR5cCI6IkpXVCJ9.eyJlbWFpbCI6InN1cnlhLm5Ac2VtaWNvbm9zLmFpIiwic3ViIjo5NSwicm9sZSI6IkxlYXJuZXIiLCJvcmdJZCI6bnVsbCwidGVhbUlkIjpudWxsLCJhdmFpbGFibGVSb2xlcyI6W10sInNpZCI6ImI5NGVjYzQ3LTQ2MDItNDE5Zi1iMmY0LTViOTk1ODhhZjc2MSIsImlhdCI6MTc4NDc5OTY3MSwiZXhwIjoxNzg1NDA0NDcxfQ.XtqvvgxYi_43mtsjpbElbbWChpvHhFSh_eG6XYLo8oU} @ http://semiconlab-staging-alb-124259420.ap-south-1.elb.amazonaws.com/main.dart.js:55885
[  199684ms] [LOG] [ApiService] Response Status: 200 @ http://semiconlab-staging-alb-124259420.ap-south-1.elb.amazonaws.com/main.dart.js:55885
[  199684ms] [LOG] [ApiService] Response URL: http://semiconlab-staging-alb-124259420.ap-south-1.elb.amazonaws.com:3000/v1/labs-api/start-status?domain_id=17 @ http://semiconlab-staging-alb-124259420.ap-south-1.elb.amazonaws.com/main.dart.js:55885
[  203327ms] [LOG] [AuthService] getToken() - token exists: true, token length: 327 @ http://semiconlab-staging-alb-124259420.ap-south-1.elb.amazonaws.com/main.dart.js:55885
[  203327ms] [LOG] [ApiService] GET Request: labs-api/available-labs @ http://semiconlab-staging-alb-124259420.ap-south-1.elb.amazonaws.com/main.dart.js:55885
[  203327ms] [LOG] [ApiService] Headers: {Authorization: Bearer eyJhbGciOiJIUzI1NiIsInR5cCI6IkpXVCJ9.eyJlbWFpbCI6InN1cnlhLm5Ac2VtaWNvbm9zLmFpIiwic3ViIjo5NSwicm9sZSI6IkxlYXJuZXIiLCJvcmdJZCI6bnVsbCwidGVhbUlkIjpudWxsLCJhdmFpbGFibGVSb2xlcyI6W10sInNpZCI6ImI5NGVjYzQ3LTQ2MDItNDE5Zi1iMmY0LTViOTk1ODhhZjc2MSIsImlhdCI6MTc4NDc5OTY3MSwiZXhwIjoxNzg1NDA0NDcxfQ.XtqvvgxYi_43mtsjpbElbbWChpvHhFSh_eG6XYLo8oU} @ http://semiconlab-staging-alb-124259420.ap-south-1.elb.amazonaws.com/main.dart.js:55885
[  203423ms] [LOG] [ApiService] Response Status: 200 @ http://semiconlab-staging-alb-124259420.ap-south-1.elb.amazonaws.com/main.dart.js:55885
[  203424ms] [LOG] [ApiService] Response URL: http://semiconlab-staging-alb-124259420.ap-south-1.elb.amazonaws.com:3000/v1/labs-api/available-labs @ http://semiconlab-staging-alb-124259420.ap-south-1.elb.amazonaws.com/main.dart.js:55885
[  203424ms] [LOG] [AuthService] getToken() - token exists: true, token length: 327 @ http://semiconlab-staging-alb-124259420.ap-south-1.elb.amazonaws.com/main.dart.js:55885
[  203424ms] [LOG] [ApiService] GET Request: labs-api/start-status?domain_id=17 @ http://semiconlab-staging-alb-124259420.ap-south-1.elb.amazonaws.com/main.dart.js:55885
[  203424ms] [LOG] [ApiService] Headers: {Authorization: Bearer eyJhbGciOiJIUzI1NiIsInR5cCI6IkpXVCJ9.eyJlbWFpbCI6InN1cnlhLm5Ac2VtaWNvbm9zLmFpIiwic3ViIjo5NSwicm9sZSI6IkxlYXJuZXIiLCJvcmdJZCI6bnVsbCwidGVhbUlkIjpudWxsLCJhdmFpbGFibGVSb2xlcyI6W10sInNpZCI6ImI5NGVjYzQ3LTQ2MDItNDE5Zi1iMmY0LTViOTk1ODhhZjc2MSIsImlhdCI6MTc4NDc5OTY3MSwiZXhwIjoxNzg1NDA0NDcxfQ.XtqvvgxYi_43mtsjpbElbbWChpvHhFSh_eG6XYLo8oU} @ http://semiconlab-staging-alb-124259420.ap-south-1.elb.amazonaws.com/main.dart.js:55885
[  203463ms] [LOG] [ApiService] Response Status: 200 @ http://semiconlab-staging-alb-124259420.ap-south-1.elb.amazonaws.com/main.dart.js:55885
[  203463ms] [LOG] [ApiService] Response URL: http://semiconlab-staging-alb-124259420.ap-south-1.elb.amazonaws.com:3000/v1/labs-api/start-status?domain_id=17 @ http://semiconlab-staging-alb-124259420.ap-south-1.elb.amazonaws.com/main.dart.js:55885
[  208326ms] [LOG] [AuthService] getToken() - token exists: true, token length: 327 @ http://semiconlab-staging-alb-124259420.ap-south-1.elb.amazonaws.com/main.dart.js:55885
[  208327ms] [LOG] [ApiService] GET Request: labs-api/available-labs @ http://semiconlab-staging-alb-124259420.ap-south-1.elb.amazonaws.com/main.dart.js:55885
[  208327ms] [LOG] [ApiService] Headers: {Authorization: Bearer eyJhbGciOiJIUzI1NiIsInR5cCI6IkpXVCJ9.eyJlbWFpbCI6InN1cnlhLm5Ac2VtaWNvbm9zLmFpIiwic3ViIjo5NSwicm9sZSI6IkxlYXJuZXIiLCJvcmdJZCI6bnVsbCwidGVhbUlkIjpudWxsLCJhdmFpbGFibGVSb2xlcyI6W10sInNpZCI6ImI5NGVjYzQ3LTQ2MDItNDE5Zi1iMmY0LTViOTk1ODhhZjc2MSIsImlhdCI6MTc4NDc5OTY3MSwiZXhwIjoxNzg1NDA0NDcxfQ.XtqvvgxYi_43mtsjpbElbbWChpvHhFSh_eG6XYLo8oU} @ http://semiconlab-staging-alb-124259420.ap-south-1.elb.amazonaws.com/main.dart.js:55885
[  208446ms] [LOG] [ApiService] Response Status: 200 @ http://semiconlab-staging-alb-124259420.ap-south-1.elb.amazonaws.com/main.dart.js:55885
[  208446ms] [LOG] [ApiService] Response URL: http://semiconlab-staging-alb-124259420.ap-south-1.elb.amazonaws.com:3000/v1/labs-api/available-labs @ http://semiconlab-staging-alb-124259420.ap-south-1.elb.amazonaws.com/main.dart.js:55885
[  208447ms] [LOG] [AuthService] getToken() - token exists: true, token length: 327 @ http://semiconlab-staging-alb-124259420.ap-south-1.elb.amazonaws.com/main.dart.js:55885
[  208447ms] [LOG] [ApiService] GET Request: labs-api/start-status?domain_id=17 @ http://semiconlab-staging-alb-124259420.ap-south-1.elb.amazonaws.com/main.dart.js:55885
[  208447ms] [LOG] [ApiService] Headers: {Authorization: Bearer eyJhbGciOiJIUzI1NiIsInR5cCI6IkpXVCJ9.eyJlbWFpbCI6InN1cnlhLm5Ac2VtaWNvbm9zLmFpIiwic3ViIjo5NSwicm9sZSI6IkxlYXJuZXIiLCJvcmdJZCI6bnVsbCwidGVhbUlkIjpudWxsLCJhdmFpbGFibGVSb2xlcyI6W10sInNpZCI6ImI5NGVjYzQ3LTQ2MDItNDE5Zi1iMmY0LTViOTk1ODhhZjc2MSIsImlhdCI6MTc4NDc5OTY3MSwiZXhwIjoxNzg1NDA0NDcxfQ.XtqvvgxYi_43mtsjpbElbbWChpvHhFSh_eG6XYLo8oU} @ http://semiconlab-staging-alb-124259420.ap-south-1.elb.amazonaws.com/main.dart.js:55885
[  208525ms] [LOG] [ApiService] Response Status: 200 @ http://semiconlab-staging-alb-124259420.ap-south-1.elb.amazonaws.com/main.dart.js:55885
[  208525ms] [LOG] [ApiService] Response URL: http://semiconlab-staging-alb-124259420.ap-south-1.elb.amazonaws.com:3000/v1/labs-api/start-status?domain_id=17 @ http://semiconlab-staging-alb-124259420.ap-south-1.elb.amazonaws.com/main.dart.js:55885
[  213326ms] [LOG] [AuthService] getToken() - token exists: true, token length: 327 @ http://semiconlab-staging-alb-124259420.ap-south-1.elb.amazonaws.com/main.dart.js:55885
[  213327ms] [LOG] [ApiService] GET Request: labs-api/available-labs @ http://semiconlab-staging-alb-124259420.ap-south-1.elb.amazonaws.com/main.dart.js:55885
[  213327ms] [LOG] [ApiService] Headers: {Authorization: Bearer eyJhbGciOiJIUzI1NiIsInR5cCI6IkpXVCJ9.eyJlbWFpbCI6InN1cnlhLm5Ac2VtaWNvbm9zLmFpIiwic3ViIjo5NSwicm9sZSI6IkxlYXJuZXIiLCJvcmdJZCI6bnVsbCwidGVhbUlkIjpudWxsLCJhdmFpbGFibGVSb2xlcyI6W10sInNpZCI6ImI5NGVjYzQ3LTQ2MDItNDE5Zi1iMmY0LTViOTk1ODhhZjc2MSIsImlhdCI6MTc4NDc5OTY3MSwiZXhwIjoxNzg1NDA0NDcxfQ.XtqvvgxYi_43mtsjpbElbbWChpvHhFSh_eG6XYLo8oU} @ http://semiconlab-staging-alb-124259420.ap-south-1.elb.amazonaws.com/main.dart.js:55885
[  213419ms] [LOG] [ApiService] Response Status: 200 @ http://semiconlab-staging-alb-124259420.ap-south-1.elb.amazonaws.com/main.dart.js:55885
[  213419ms] [LOG] [ApiService] Response URL: http://semiconlab-staging-alb-124259420.ap-south-1.elb.amazonaws.com:3000/v1/labs-api/available-labs @ http://semiconlab-staging-alb-124259420.ap-south-1.elb.amazonaws.com/main.dart.js:55885
[  213419ms] [LOG] [AuthService] getToken() - token exists: true, token length: 327 @ http://semiconlab-staging-alb-124259420.ap-south-1.elb.amazonaws.com/main.dart.js:55885
[  213420ms] [LOG] [ApiService] GET Request: labs-api/start-status?domain_id=17 @ http://semiconlab-staging-alb-124259420.ap-south-1.elb.amazonaws.com/main.dart.js:55885
[  213420ms] [LOG] [ApiService] Headers: {Authorization: Bearer eyJhbGciOiJIUzI1NiIsInR5cCI6IkpXVCJ9.eyJlbWFpbCI6InN1cnlhLm5Ac2VtaWNvbm9zLmFpIiwic3ViIjo5NSwicm9sZSI6IkxlYXJuZXIiLCJvcmdJZCI6bnVsbCwidGVhbUlkIjpudWxsLCJhdmFpbGFibGVSb2xlcyI6W10sInNpZCI6ImI5NGVjYzQ3LTQ2MDItNDE5Zi1iMmY0LTViOTk1ODhhZjc2MSIsImlhdCI6MTc4NDc5OTY3MSwiZXhwIjoxNzg1NDA0NDcxfQ.XtqvvgxYi_43mtsjpbElbbWChpvHhFSh_eG6XYLo8oU} @ http://semiconlab-staging-alb-124259420.ap-south-1.elb.amazonaws.com/main.dart.js:55885
[  213460ms] [LOG] [ApiService] Response Status: 200 @ http://semiconlab-staging-alb-124259420.ap-south-1.elb.amazonaws.com/main.dart.js:55885
[  213461ms] [LOG] [ApiService] Response URL: http://semiconlab-staging-alb-124259420.ap-south-1.elb.amazonaws.com:3000/v1/labs-api/start-status?domain_id=17 @ http://semiconlab-staging-alb-124259420.ap-south-1.elb.amazonaws.com/main.dart.js:55885
[  218326ms] [LOG] [AuthService] getToken() - token exists: true, token length: 327 @ http://semiconlab-staging-alb-124259420.ap-south-1.elb.amazonaws.com/main.dart.js:55885
[  218327ms] [LOG] [ApiService] GET Request: labs-api/available-labs @ http://semiconlab-staging-alb-124259420.ap-south-1.elb.amazonaws.com/main.dart.js:55885
[  218327ms] [LOG] [ApiService] Headers: {Authorization: Bearer eyJhbGciOiJIUzI1NiIsInR5cCI6IkpXVCJ9.eyJlbWFpbCI6InN1cnlhLm5Ac2VtaWNvbm9zLmFpIiwic3ViIjo5NSwicm9sZSI6IkxlYXJuZXIiLCJvcmdJZCI6bnVsbCwidGVhbUlkIjpudWxsLCJhdmFpbGFibGVSb2xlcyI6W10sInNpZCI6ImI5NGVjYzQ3LTQ2MDItNDE5Zi1iMmY0LTViOTk1ODhhZjc2MSIsImlhdCI6MTc4NDc5OTY3MSwiZXhwIjoxNzg1NDA0NDcxfQ.XtqvvgxYi_43mtsjpbElbbWChpvHhFSh_eG6XYLo8oU} @ http://semiconlab-staging-alb-124259420.ap-south-1.elb.amazonaws.com/main.dart.js:55885
[  218448ms] [LOG] [ApiService] Response Status: 200 @ http://semiconlab-staging-alb-124259420.ap-south-1.elb.amazonaws.com/main.dart.js:55885
[  218448ms] [LOG] [ApiService] Response URL: http://semiconlab-staging-alb-124259420.ap-south-1.elb.amazonaws.com:3000/v1/labs-api/available-labs @ http://semiconlab-staging-alb-124259420.ap-south-1.elb.amazonaws.com/main.dart.js:55885
[  218448ms] [LOG] [AuthService] getToken() - token exists: true, token length: 327 @ http://semiconlab-staging-alb-124259420.ap-south-1.elb.amazonaws.com/main.dart.js:55885
[  218449ms] [LOG] [ApiService] GET Request: labs-api/start-status?domain_id=17 @ http://semiconlab-staging-alb-124259420.ap-south-1.elb.amazonaws.com/main.dart.js:55885
[  218449ms] [LOG] [ApiService] Headers: {Authorization: Bearer eyJhbGciOiJIUzI1NiIsInR5cCI6IkpXVCJ9.eyJlbWFpbCI6InN1cnlhLm5Ac2VtaWNvbm9zLmFpIiwic3ViIjo5NSwicm9sZSI6IkxlYXJuZXIiLCJvcmdJZCI6bnVsbCwidGVhbUlkIjpudWxsLCJhdmFpbGFibGVSb2xlcyI6W10sInNpZCI6ImI5NGVjYzQ3LTQ2MDItNDE5Zi1iMmY0LTViOTk1ODhhZjc2MSIsImlhdCI6MTc4NDc5OTY3MSwiZXhwIjoxNzg1NDA0NDcxfQ.XtqvvgxYi_43mtsjpbElbbWChpvHhFSh_eG6XYLo8oU} @ http://semiconlab-staging-alb-124259420.ap-south-1.elb.amazonaws.com/main.dart.js:55885
[  218533ms] [LOG] [ApiService] Response Status: 200 @ http://semiconlab-staging-alb-124259420.ap-south-1.elb.amazonaws.com/main.dart.js:55885
[  218534ms] [LOG] [ApiService] Response URL: http://semiconlab-staging-alb-124259420.ap-south-1.elb.amazonaws.com:3000/v1/labs-api/start-status?domain_id=17 @ http://semiconlab-staging-alb-124259420.ap-south-1.elb.amazonaws.com/main.dart.js:55885
[  223326ms] [LOG] [AuthService] getToken() - token exists: true, token length: 327 @ http://semiconlab-staging-alb-124259420.ap-south-1.elb.amazonaws.com/main.dart.js:55885
[  223327ms] [LOG] [ApiService] GET Request: labs-api/available-labs @ http://semiconlab-staging-alb-124259420.ap-south-1.elb.amazonaws.com/main.dart.js:55885
[  223327ms] [LOG] [ApiService] Headers: {Authorization: Bearer eyJhbGciOiJIUzI1NiIsInR5cCI6IkpXVCJ9.eyJlbWFpbCI6InN1cnlhLm5Ac2VtaWNvbm9zLmFpIiwic3ViIjo5NSwicm9sZSI6IkxlYXJuZXIiLCJvcmdJZCI6bnVsbCwidGVhbUlkIjpudWxsLCJhdmFpbGFibGVSb2xlcyI6W10sInNpZCI6ImI5NGVjYzQ3LTQ2MDItNDE5Zi1iMmY0LTViOTk1ODhhZjc2MSIsImlhdCI6MTc4NDc5OTY3MSwiZXhwIjoxNzg1NDA0NDcxfQ.XtqvvgxYi_43mtsjpbElbbWChpvHhFSh_eG6XYLo8oU} @ http://semiconlab-staging-alb-124259420.ap-south-1.elb.amazonaws.com/main.dart.js:55885
[  223421ms] [LOG] [ApiService] Response Status: 200 @ http://semiconlab-staging-alb-124259420.ap-south-1.elb.amazonaws.com/main.dart.js:55885
[  223422ms] [LOG] [ApiService] Response URL: http://semiconlab-staging-alb-124259420.ap-south-1.elb.amazonaws.com:3000/v1/labs-api/available-labs @ http://semiconlab-staging-alb-124259420.ap-south-1.elb.amazonaws.com/main.dart.js:55885
[  223422ms] [LOG] [AuthService] getToken() - token exists: true, token length: 327 @ http://semiconlab-staging-alb-124259420.ap-south-1.elb.amazonaws.com/main.dart.js:55885
[  223422ms] [LOG] [ApiService] GET Request: labs-api/start-status?domain_id=17 @ http://semiconlab-staging-alb-124259420.ap-south-1.elb.amazonaws.com/main.dart.js:55885
[  223422ms] [LOG] [ApiService] Headers: {Authorization: Bearer eyJhbGciOiJIUzI1NiIsInR5cCI6IkpXVCJ9.eyJlbWFpbCI6InN1cnlhLm5Ac2VtaWNvbm9zLmFpIiwic3ViIjo5NSwicm9sZSI6IkxlYXJuZXIiLCJvcmdJZCI6bnVsbCwidGVhbUlkIjpudWxsLCJhdmFpbGFibGVSb2xlcyI6W10sInNpZCI6ImI5NGVjYzQ3LTQ2MDItNDE5Zi1iMmY0LTViOTk1ODhhZjc2MSIsImlhdCI6MTc4NDc5OTY3MSwiZXhwIjoxNzg1NDA0NDcxfQ.XtqvvgxYi_43mtsjpbElbbWChpvHhFSh_eG6XYLo8oU} @ http://semiconlab-staging-alb-124259420.ap-south-1.elb.amazonaws.com/main.dart.js:55885
[  223465ms] [LOG] [ApiService] Response Status: 200 @ http://semiconlab-staging-alb-124259420.ap-south-1.elb.amazonaws.com/main.dart.js:55885
[  223465ms] [LOG] [ApiService] Response URL: http://semiconlab-staging-alb-124259420.ap-south-1.elb.amazonaws.com:3000/v1/labs-api/start-status?domain_id=17 @ http://semiconlab-staging-alb-124259420.ap-south-1.elb.amazonaws.com/main.dart.js:55885
[  228327ms] [LOG] [AuthService] getToken() - token exists: true, token length: 327 @ http://semiconlab-staging-alb-124259420.ap-south-1.elb.amazonaws.com/main.dart.js:55885
[  228327ms] [LOG] [ApiService] GET Request: labs-api/available-labs @ http://semiconlab-staging-alb-124259420.ap-south-1.elb.amazonaws.com/main.dart.js:55885
[  228327ms] [LOG] [ApiService] Headers: {Authorization: Bearer eyJhbGciOiJIUzI1NiIsInR5cCI6IkpXVCJ9.eyJlbWFpbCI6InN1cnlhLm5Ac2VtaWNvbm9zLmFpIiwic3ViIjo5NSwicm9sZSI6IkxlYXJuZXIiLCJvcmdJZCI6bnVsbCwidGVhbUlkIjpudWxsLCJhdmFpbGFibGVSb2xlcyI6W10sInNpZCI6ImI5NGVjYzQ3LTQ2MDItNDE5Zi1iMmY0LTViOTk1ODhhZjc2MSIsImlhdCI6MTc4NDc5OTY3MSwiZXhwIjoxNzg1NDA0NDcxfQ.XtqvvgxYi_43mtsjpbElbbWChpvHhFSh_eG6XYLo8oU} @ http://semiconlab-staging-alb-124259420.ap-south-1.elb.amazonaws.com/main.dart.js:55885
[  228450ms] [LOG] [ApiService] Response Status: 200 @ http://semiconlab-staging-alb-124259420.ap-south-1.elb.amazonaws.com/main.dart.js:55885
[  228450ms] [LOG] [ApiService] Response URL: http://semiconlab-staging-alb-124259420.ap-south-1.elb.amazonaws.com:3000/v1/labs-api/available-labs @ http://semiconlab-staging-alb-124259420.ap-south-1.elb.amazonaws.com/main.dart.js:55885
[  228450ms] [LOG] [AuthService] getToken() - token exists: true, token length: 327 @ http://semiconlab-staging-alb-124259420.ap-south-1.elb.amazonaws.com/main.dart.js:55885
[  228451ms] [LOG] [ApiService] GET Request: labs-api/start-status?domain_id=17 @ http://semiconlab-staging-alb-124259420.ap-south-1.elb.amazonaws.com/main.dart.js:55885
[  228451ms] [LOG] [ApiService] Headers: {Authorization: Bearer eyJhbGciOiJIUzI1NiIsInR5cCI6IkpXVCJ9.eyJlbWFpbCI6InN1cnlhLm5Ac2VtaWNvbm9zLmFpIiwic3ViIjo5NSwicm9sZSI6IkxlYXJuZXIiLCJvcmdJZCI6bnVsbCwidGVhbUlkIjpudWxsLCJhdmFpbGFibGVSb2xlcyI6W10sInNpZCI6ImI5NGVjYzQ3LTQ2MDItNDE5Zi1iMmY0LTViOTk1ODhhZjc2MSIsImlhdCI6MTc4NDc5OTY3MSwiZXhwIjoxNzg1NDA0NDcxfQ.XtqvvgxYi_43mtsjpbElbbWChpvHhFSh_eG6XYLo8oU} @ http://semiconlab-staging-alb-124259420.ap-south-1.elb.amazonaws.com/main.dart.js:55885
[  228529ms] [LOG] [ApiService] Response Status: 200 @ http://semiconlab-staging-alb-124259420.ap-south-1.elb.amazonaws.com/main.dart.js:55885
[  228529ms] [LOG] [ApiService] Response URL: http://semiconlab-staging-alb-124259420.ap-south-1.elb.amazonaws.com:3000/v1/labs-api/start-status?domain_id=17 @ http://semiconlab-staging-alb-124259420.ap-south-1.elb.amazonaws.com/main.dart.js:55885
[  233327ms] [LOG] [AuthService] getToken() - token exists: true, token length: 327 @ http://semiconlab-staging-alb-124259420.ap-south-1.elb.amazonaws.com/main.dart.js:55885
[  233327ms] [LOG] [ApiService] GET Request: labs-api/available-labs @ http://semiconlab-staging-alb-124259420.ap-south-1.elb.amazonaws.com/main.dart.js:55885
[  233327ms] [LOG] [ApiService] Headers: {Authorization: Bearer eyJhbGciOiJIUzI1NiIsInR5cCI6IkpXVCJ9.eyJlbWFpbCI6InN1cnlhLm5Ac2VtaWNvbm9zLmFpIiwic3ViIjo5NSwicm9sZSI6IkxlYXJuZXIiLCJvcmdJZCI6bnVsbCwidGVhbUlkIjpudWxsLCJhdmFpbGFibGVSb2xlcyI6W10sInNpZCI6ImI5NGVjYzQ3LTQ2MDItNDE5Zi1iMmY0LTViOTk1ODhhZjc2MSIsImlhdCI6MTc4NDc5OTY3MSwiZXhwIjoxNzg1NDA0NDcxfQ.XtqvvgxYi_43mtsjpbElbbWChpvHhFSh_eG6XYLo8oU} @ http://semiconlab-staging-alb-124259420.ap-south-1.elb.amazonaws.com/main.dart.js:55885
[  233425ms] [LOG] [ApiService] Response Status: 200 @ http://semiconlab-staging-alb-124259420.ap-south-1.elb.amazonaws.com/main.dart.js:55885
[  233425ms] [LOG] [ApiService] Response URL: http://semiconlab-staging-alb-124259420.ap-south-1.elb.amazonaws.com:3000/v1/labs-api/available-labs @ http://semiconlab-staging-alb-124259420.ap-south-1.elb.amazonaws.com/main.dart.js:55885
[  233425ms] [LOG] [AuthService] getToken() - token exists: true, token length: 327 @ http://semiconlab-staging-alb-124259420.ap-south-1.elb.amazonaws.com/main.dart.js:55885
[  233425ms] [LOG] [ApiService] GET Request: labs-api/start-status?domain_id=17 @ http://semiconlab-staging-alb-124259420.ap-south-1.elb.amazonaws.com/main.dart.js:55885
[  233426ms] [LOG] [ApiService] Headers: {Authorization: Bearer eyJhbGciOiJIUzI1NiIsInR5cCI6IkpXVCJ9.eyJlbWFpbCI6InN1cnlhLm5Ac2VtaWNvbm9zLmFpIiwic3ViIjo5NSwicm9sZSI6IkxlYXJuZXIiLCJvcmdJZCI6bnVsbCwidGVhbUlkIjpudWxsLCJhdmFpbGFibGVSb2xlcyI6W10sInNpZCI6ImI5NGVjYzQ3LTQ2MDItNDE5Zi1iMmY0LTViOTk1ODhhZjc2MSIsImlhdCI6MTc4NDc5OTY3MSwiZXhwIjoxNzg1NDA0NDcxfQ.XtqvvgxYi_43mtsjpbElbbWChpvHhFSh_eG6XYLo8oU} @ http://semiconlab-staging-alb-124259420.ap-south-1.elb.amazonaws.com/main.dart.js:55885
[  233464ms] [LOG] [ApiService] Response Status: 200 @ http://semiconlab-staging-alb-124259420.ap-south-1.elb.amazonaws.com/main.dart.js:55885
[  233465ms] [LOG] [ApiService] Response URL: http://semiconlab-staging-alb-124259420.ap-south-1.elb.amazonaws.com:3000/v1/labs-api/start-status?domain_id=17 @ http://semiconlab-staging-alb-124259420.ap-south-1.elb.amazonaws.com/main.dart.js:55885
[  238327ms] [LOG] [AuthService] getToken() - token exists: true, token length: 327 @ http://semiconlab-staging-alb-124259420.ap-south-1.elb.amazonaws.com/main.dart.js:55885
[  238327ms] [LOG] [ApiService] GET Request: labs-api/available-labs @ http://semiconlab-staging-alb-124259420.ap-south-1.elb.amazonaws.com/main.dart.js:55885
[  238327ms] [LOG] [ApiService] Headers: {Authorization: Bearer eyJhbGciOiJIUzI1NiIsInR5cCI6IkpXVCJ9.eyJlbWFpbCI6InN1cnlhLm5Ac2VtaWNvbm9zLmFpIiwic3ViIjo5NSwicm9sZSI6IkxlYXJuZXIiLCJvcmdJZCI6bnVsbCwidGVhbUlkIjpudWxsLCJhdmFpbGFibGVSb2xlcyI6W10sInNpZCI6ImI5NGVjYzQ3LTQ2MDItNDE5Zi1iMmY0LTViOTk1ODhhZjc2MSIsImlhdCI6MTc4NDc5OTY3MSwiZXhwIjoxNzg1NDA0NDcxfQ.XtqvvgxYi_43mtsjpbElbbWChpvHhFSh_eG6XYLo8oU} @ http://semiconlab-staging-alb-124259420.ap-south-1.elb.amazonaws.com/main.dart.js:55885
[  238457ms] [LOG] [ApiService] Response Status: 200 @ http://semiconlab-staging-alb-124259420.ap-south-1.elb.amazonaws.com/main.dart.js:55885
[  238457ms] [LOG] [ApiService] Response URL: http://semiconlab-staging-alb-124259420.ap-south-1.elb.amazonaws.com:3000/v1/labs-api/available-labs @ http://semiconlab-staging-alb-124259420.ap-south-1.elb.amazonaws.com/main.dart.js:55885
[  238458ms] [LOG] [AuthService] getToken() - token exists: true, token length: 327 @ http://semiconlab-staging-alb-124259420.ap-south-1.elb.amazonaws.com/main.dart.js:55885
[  238458ms] [LOG] [ApiService] GET Request: labs-api/start-status?domain_id=17 @ http://semiconlab-staging-alb-124259420.ap-south-1.elb.amazonaws.com/main.dart.js:55885
[  238458ms] [LOG] [ApiService] Headers: {Authorization: Bearer eyJhbGciOiJIUzI1NiIsInR5cCI6IkpXVCJ9.eyJlbWFpbCI6InN1cnlhLm5Ac2VtaWNvbm9zLmFpIiwic3ViIjo5NSwicm9sZSI6IkxlYXJuZXIiLCJvcmdJZCI6bnVsbCwidGVhbUlkIjpudWxsLCJhdmFpbGFibGVSb2xlcyI6W10sInNpZCI6ImI5NGVjYzQ3LTQ2MDItNDE5Zi1iMmY0LTViOTk1ODhhZjc2MSIsImlhdCI6MTc4NDc5OTY3MSwiZXhwIjoxNzg1NDA0NDcxfQ.XtqvvgxYi_43mtsjpbElbbWChpvHhFSh_eG6XYLo8oU} @ http://semiconlab-staging-alb-124259420.ap-south-1.elb.amazonaws.com/main.dart.js:55885
[  238534ms] [LOG] [ApiService] Response Status: 200 @ http://semiconlab-staging-alb-124259420.ap-south-1.elb.amazonaws.com/main.dart.js:55885
[  238534ms] [LOG] [ApiService] Response URL: http://semiconlab-staging-alb-124259420.ap-south-1.elb.amazonaws.com:3000/v1/labs-api/start-status?domain_id=17 @ http://semiconlab-staging-alb-124259420.ap-south-1.elb.amazonaws.com/main.dart.js:55885
[  243326ms] [LOG] [AuthService] getToken() - token exists: true, token length: 327 @ http://semiconlab-staging-alb-124259420.ap-south-1.elb.amazonaws.com/main.dart.js:55885
[  243327ms] [LOG] [ApiService] GET Request: labs-api/available-labs @ http://semiconlab-staging-alb-124259420.ap-south-1.elb.amazonaws.com/main.dart.js:55885
[  243327ms] [LOG] [ApiService] Headers: {Authorization: Bearer eyJhbGciOiJIUzI1NiIsInR5cCI6IkpXVCJ9.eyJlbWFpbCI6InN1cnlhLm5Ac2VtaWNvbm9zLmFpIiwic3ViIjo5NSwicm9sZSI6IkxlYXJuZXIiLCJvcmdJZCI6bnVsbCwidGVhbUlkIjpudWxsLCJhdmFpbGFibGVSb2xlcyI6W10sInNpZCI6ImI5NGVjYzQ3LTQ2MDItNDE5Zi1iMmY0LTViOTk1ODhhZjc2MSIsImlhdCI6MTc4NDc5OTY3MSwiZXhwIjoxNzg1NDA0NDcxfQ.XtqvvgxYi_43mtsjpbElbbWChpvHhFSh_eG6XYLo8oU} @ http://semiconlab-staging-alb-124259420.ap-south-1.elb.amazonaws.com/main.dart.js:55885
[  243421ms] [LOG] [ApiService] Response Status: 200 @ http://semiconlab-staging-alb-124259420.ap-south-1.elb.amazonaws.com/main.dart.js:55885
[  243421ms] [LOG] [ApiService] Response URL: http://semiconlab-staging-alb-124259420.ap-south-1.elb.amazonaws.com:3000/v1/labs-api/available-labs @ http://semiconlab-staging-alb-124259420.ap-south-1.elb.amazonaws.com/main.dart.js:55885
[  243422ms] [LOG] [AuthService] getToken() - token exists: true, token length: 327 @ http://semiconlab-staging-alb-124259420.ap-south-1.elb.amazonaws.com/main.dart.js:55885
[  243422ms] [LOG] [ApiService] GET Request: labs-api/start-status?domain_id=17 @ http://semiconlab-staging-alb-124259420.ap-south-1.elb.amazonaws.com/main.dart.js:55885
[  243422ms] [LOG] [ApiService] Headers: {Authorization: Bearer eyJhbGciOiJIUzI1NiIsInR5cCI6IkpXVCJ9.eyJlbWFpbCI6InN1cnlhLm5Ac2VtaWNvbm9zLmFpIiwic3ViIjo5NSwicm9sZSI6IkxlYXJuZXIiLCJvcmdJZCI6bnVsbCwidGVhbUlkIjpudWxsLCJhdmFpbGFibGVSb2xlcyI6W10sInNpZCI6ImI5NGVjYzQ3LTQ2MDItNDE5Zi1iMmY0LTViOTk1ODhhZjc2MSIsImlhdCI6MTc4NDc5OTY3MSwiZXhwIjoxNzg1NDA0NDcxfQ.XtqvvgxYi_43mtsjpbElbbWChpvHhFSh_eG6XYLo8oU} @ http://semiconlab-staging-alb-124259420.ap-south-1.elb.amazonaws.com/main.dart.js:55885
[  243464ms] [LOG] [ApiService] Response Status: 200 @ http://semiconlab-staging-alb-124259420.ap-south-1.elb.amazonaws.com/main.dart.js:55885
[  243464ms] [LOG] [ApiService] Response URL: http://semiconlab-staging-alb-124259420.ap-south-1.elb.amazonaws.com:3000/v1/labs-api/start-status?domain_id=17 @ http://semiconlab-staging-alb-124259420.ap-south-1.elb.amazonaws.com/main.dart.js:55885
[  248326ms] [LOG] [AuthService] getToken() - token exists: true, token length: 327 @ http://semiconlab-staging-alb-124259420.ap-south-1.elb.amazonaws.com/main.dart.js:55885
[  248327ms] [LOG] [ApiService] GET Request: labs-api/available-labs @ http://semiconlab-staging-alb-124259420.ap-south-1.elb.amazonaws.com/main.dart.js:55885
[  248327ms] [LOG] [ApiService] Headers: {Authorization: Bearer eyJhbGciOiJIUzI1NiIsInR5cCI6IkpXVCJ9.eyJlbWFpbCI6InN1cnlhLm5Ac2VtaWNvbm9zLmFpIiwic3ViIjo5NSwicm9sZSI6IkxlYXJuZXIiLCJvcmdJZCI6bnVsbCwidGVhbUlkIjpudWxsLCJhdmFpbGFibGVSb2xlcyI6W10sInNpZCI6ImI5NGVjYzQ3LTQ2MDItNDE5Zi1iMmY0LTViOTk1ODhhZjc2MSIsImlhdCI6MTc4NDc5OTY3MSwiZXhwIjoxNzg1NDA0NDcxfQ.XtqvvgxYi_43mtsjpbElbbWChpvHhFSh_eG6XYLo8oU} @ http://semiconlab-staging-alb-124259420.ap-south-1.elb.amazonaws.com/main.dart.js:55885
[  248457ms] [LOG] [ApiService] Response Status: 200 @ http://semiconlab-staging-alb-124259420.ap-south-1.elb.amazonaws.com/main.dart.js:55885
[  248457ms] [LOG] [ApiService] Response URL: http://semiconlab-staging-alb-124259420.ap-south-1.elb.amazonaws.com:3000/v1/labs-api/available-labs @ http://semiconlab-staging-alb-124259420.ap-south-1.elb.amazonaws.com/main.dart.js:55885
[  248457ms] [LOG] [AuthService] getToken() - token exists: true, token length: 327 @ http://semiconlab-staging-alb-124259420.ap-south-1.elb.amazonaws.com/main.dart.js:55885
[  248458ms] [LOG] [ApiService] GET Request: labs-api/start-status?domain_id=17 @ http://semiconlab-staging-alb-124259420.ap-south-1.elb.amazonaws.com/main.dart.js:55885
[  248458ms] [LOG] [ApiService] Headers: {Authorization: Bearer eyJhbGciOiJIUzI1NiIsInR5cCI6IkpXVCJ9.eyJlbWFpbCI6InN1cnlhLm5Ac2VtaWNvbm9zLmFpIiwic3ViIjo5NSwicm9sZSI6IkxlYXJuZXIiLCJvcmdJZCI6bnVsbCwidGVhbUlkIjpudWxsLCJhdmFpbGFibGVSb2xlcyI6W10sInNpZCI6ImI5NGVjYzQ3LTQ2MDItNDE5Zi1iMmY0LTViOTk1ODhhZjc2MSIsImlhdCI6MTc4NDc5OTY3MSwiZXhwIjoxNzg1NDA0NDcxfQ.XtqvvgxYi_43mtsjpbElbbWChpvHhFSh_eG6XYLo8oU} @ http://semiconlab-staging-alb-124259420.ap-south-1.elb.amazonaws.com/main.dart.js:55885
[  248525ms] [LOG] [ApiService] Response Status: 200 @ http://semiconlab-staging-alb-124259420.ap-south-1.elb.amazonaws.com/main.dart.js:55885
[  248525ms] [LOG] [ApiService] Response URL: http://semiconlab-staging-alb-124259420.ap-south-1.elb.amazonaws.com:3000/v1/labs-api/start-status?domain_id=17 @ http://semiconlab-staging-alb-124259420.ap-south-1.elb.amazonaws.com/main.dart.js:55885
[  253327ms] [LOG] [AuthService] getToken() - token exists: true, token length: 327 @ http://semiconlab-staging-alb-124259420.ap-south-1.elb.amazonaws.com/main.dart.js:55885
[  253327ms] [LOG] [ApiService] GET Request: labs-api/available-labs @ http://semiconlab-staging-alb-124259420.ap-south-1.elb.amazonaws.com/main.dart.js:55885
[  253327ms] [LOG] [ApiService] Headers: {Authorization: Bearer eyJhbGciOiJIUzI1NiIsInR5cCI6IkpXVCJ9.eyJlbWFpbCI6InN1cnlhLm5Ac2VtaWNvbm9zLmFpIiwic3ViIjo5NSwicm9sZSI6IkxlYXJuZXIiLCJvcmdJZCI6bnVsbCwidGVhbUlkIjpudWxsLCJhdmFpbGFibGVSb2xlcyI6W10sInNpZCI6ImI5NGVjYzQ3LTQ2MDItNDE5Zi1iMmY0LTViOTk1ODhhZjc2MSIsImlhdCI6MTc4NDc5OTY3MSwiZXhwIjoxNzg1NDA0NDcxfQ.XtqvvgxYi_43mtsjpbElbbWChpvHhFSh_eG6XYLo8oU} @ http://semiconlab-staging-alb-124259420.ap-south-1.elb.amazonaws.com/main.dart.js:55885
[  253420ms] [LOG] [ApiService] Response Status: 200 @ http://semiconlab-staging-alb-124259420.ap-south-1.elb.amazonaws.com/main.dart.js:55885
[  253420ms] [LOG] [ApiService] Response URL: http://semiconlab-staging-alb-124259420.ap-south-1.elb.amazonaws.com:3000/v1/labs-api/available-labs @ http://semiconlab-staging-alb-124259420.ap-south-1.elb.amazonaws.com/main.dart.js:55885
[  253420ms] [LOG] [AuthService] getToken() - token exists: true, token length: 327 @ http://semiconlab-staging-alb-124259420.ap-south-1.elb.amazonaws.com/main.dart.js:55885
[  253420ms] [LOG] [ApiService] GET Request: labs-api/start-status?domain_id=17 @ http://semiconlab-staging-alb-124259420.ap-south-1.elb.amazonaws.com/main.dart.js:55885
[  253421ms] [LOG] [ApiService] Headers: {Authorization: Bearer eyJhbGciOiJIUzI1NiIsInR5cCI6IkpXVCJ9.eyJlbWFpbCI6InN1cnlhLm5Ac2VtaWNvbm9zLmFpIiwic3ViIjo5NSwicm9sZSI6IkxlYXJuZXIiLCJvcmdJZCI6bnVsbCwidGVhbUlkIjpudWxsLCJhdmFpbGFibGVSb2xlcyI6W10sInNpZCI6ImI5NGVjYzQ3LTQ2MDItNDE5Zi1iMmY0LTViOTk1ODhhZjc2MSIsImlhdCI6MTc4NDc5OTY3MSwiZXhwIjoxNzg1NDA0NDcxfQ.XtqvvgxYi_43mtsjpbElbbWChpvHhFSh_eG6XYLo8oU} @ http://semiconlab-staging-alb-124259420.ap-south-1.elb.amazonaws.com/main.dart.js:55885
[  253466ms] [LOG] [ApiService] Response Status: 200 @ http://semiconlab-staging-alb-124259420.ap-south-1.elb.amazonaws.com/main.dart.js:55885
[  253466ms] [LOG] [ApiService] Response URL: http://semiconlab-staging-alb-124259420.ap-south-1.elb.amazonaws.com:3000/v1/labs-api/start-status?domain_id=17 @ http://semiconlab-staging-alb-124259420.ap-south-1.elb.amazonaws.com/main.dart.js:55885
[  258326ms] [LOG] [AuthService] getToken() - token exists: true, token length: 327 @ http://semiconlab-staging-alb-124259420.ap-south-1.elb.amazonaws.com/main.dart.js:55885
[  258327ms] [LOG] [ApiService] GET Request: labs-api/available-labs @ http://semiconlab-staging-alb-124259420.ap-south-1.elb.amazonaws.com/main.dart.js:55885
[  258327ms] [LOG] [ApiService] Headers: {Authorization: Bearer eyJhbGciOiJIUzI1NiIsInR5cCI6IkpXVCJ9.eyJlbWFpbCI6InN1cnlhLm5Ac2VtaWNvbm9zLmFpIiwic3ViIjo5NSwicm9sZSI6IkxlYXJuZXIiLCJvcmdJZCI6bnVsbCwidGVhbUlkIjpudWxsLCJhdmFpbGFibGVSb2xlcyI6W10sInNpZCI6ImI5NGVjYzQ3LTQ2MDItNDE5Zi1iMmY0LTViOTk1ODhhZjc2MSIsImlhdCI6MTc4NDc5OTY3MSwiZXhwIjoxNzg1NDA0NDcxfQ.XtqvvgxYi_43mtsjpbElbbWChpvHhFSh_eG6XYLo8oU} @ http://semiconlab-staging-alb-124259420.ap-south-1.elb.amazonaws.com/main.dart.js:55885
[  258445ms] [LOG] [ApiService] Response Status: 200 @ http://semiconlab-staging-alb-124259420.ap-south-1.elb.amazonaws.com/main.dart.js:55885
[  258445ms] [LOG] [ApiService] Response URL: http://semiconlab-staging-alb-124259420.ap-south-1.elb.amazonaws.com:3000/v1/labs-api/available-labs @ http://semiconlab-staging-alb-124259420.ap-south-1.elb.amazonaws.com/main.dart.js:55885
[  258446ms] [LOG] [AuthService] getToken() - token exists: true, token length: 327 @ http://semiconlab-staging-alb-124259420.ap-south-1.elb.amazonaws.com/main.dart.js:55885
[  258446ms] [LOG] [ApiService] GET Request: labs-api/start-status?domain_id=17 @ http://semiconlab-staging-alb-124259420.ap-south-1.elb.amazonaws.com/main.dart.js:55885
[  258446ms] [LOG] [ApiService] Headers: {Authorization: Bearer eyJhbGciOiJIUzI1NiIsInR5cCI6IkpXVCJ9.eyJlbWFpbCI6InN1cnlhLm5Ac2VtaWNvbm9zLmFpIiwic3ViIjo5NSwicm9sZSI6IkxlYXJuZXIiLCJvcmdJZCI6bnVsbCwidGVhbUlkIjpudWxsLCJhdmFpbGFibGVSb2xlcyI6W10sInNpZCI6ImI5NGVjYzQ3LTQ2MDItNDE5Zi1iMmY0LTViOTk1ODhhZjc2MSIsImlhdCI6MTc4NDc5OTY3MSwiZXhwIjoxNzg1NDA0NDcxfQ.XtqvvgxYi_43mtsjpbElbbWChpvHhFSh_eG6XYLo8oU} @ http://semiconlab-staging-alb-124259420.ap-south-1.elb.amazonaws.com/main.dart.js:55885
[  258513ms] [LOG] [ApiService] Response Status: 200 @ http://semiconlab-staging-alb-124259420.ap-south-1.elb.amazonaws.com/main.dart.js:55885
[  258513ms] [LOG] [ApiService] Response URL: http://semiconlab-staging-alb-124259420.ap-south-1.elb.amazonaws.com:3000/v1/labs-api/start-status?domain_id=17 @ http://semiconlab-staging-alb-124259420.ap-south-1.elb.amazonaws.com/main.dart.js:55885
[  263326ms] [LOG] [AuthService] getToken() - token exists: true, token length: 327 @ http://semiconlab-staging-alb-124259420.ap-south-1.elb.amazonaws.com/main.dart.js:55885
[  263327ms] [LOG] [ApiService] GET Request: labs-api/available-labs @ http://semiconlab-staging-alb-124259420.ap-south-1.elb.amazonaws.com/main.dart.js:55885
[  263327ms] [LOG] [ApiService] Headers: {Authorization: Bearer eyJhbGciOiJIUzI1NiIsInR5cCI6IkpXVCJ9.eyJlbWFpbCI6InN1cnlhLm5Ac2VtaWNvbm9zLmFpIiwic3ViIjo5NSwicm9sZSI6IkxlYXJuZXIiLCJvcmdJZCI6bnVsbCwidGVhbUlkIjpudWxsLCJhdmFpbGFibGVSb2xlcyI6W10sInNpZCI6ImI5NGVjYzQ3LTQ2MDItNDE5Zi1iMmY0LTViOTk1ODhhZjc2MSIsImlhdCI6MTc4NDc5OTY3MSwiZXhwIjoxNzg1NDA0NDcxfQ.XtqvvgxYi_43mtsjpbElbbWChpvHhFSh_eG6XYLo8oU} @ http://semiconlab-staging-alb-124259420.ap-south-1.elb.amazonaws.com/main.dart.js:55885
[  263423ms] [LOG] [ApiService] Response Status: 200 @ http://semiconlab-staging-alb-124259420.ap-south-1.elb.amazonaws.com/main.dart.js:55885
[  263423ms] [LOG] [ApiService] Response URL: http://semiconlab-staging-alb-124259420.ap-south-1.elb.amazonaws.com:3000/v1/labs-api/available-labs @ http://semiconlab-staging-alb-124259420.ap-south-1.elb.amazonaws.com/main.dart.js:55885
[  263424ms] [LOG] [AuthService] getToken() - token exists: true, token length: 327 @ http://semiconlab-staging-alb-124259420.ap-south-1.elb.amazonaws.com/main.dart.js:55885
[  263424ms] [LOG] [ApiService] GET Request: labs-api/start-status?domain_id=17 @ http://semiconlab-staging-alb-124259420.ap-south-1.elb.amazonaws.com/main.dart.js:55885
[  263424ms] [LOG] [ApiService] Headers: {Authorization: Bearer eyJhbGciOiJIUzI1NiIsInR5cCI6IkpXVCJ9.eyJlbWFpbCI6InN1cnlhLm5Ac2VtaWNvbm9zLmFpIiwic3ViIjo5NSwicm9sZSI6IkxlYXJuZXIiLCJvcmdJZCI6bnVsbCwidGVhbUlkIjpudWxsLCJhdmFpbGFibGVSb2xlcyI6W10sInNpZCI6ImI5NGVjYzQ3LTQ2MDItNDE5Zi1iMmY0LTViOTk1ODhhZjc2MSIsImlhdCI6MTc4NDc5OTY3MSwiZXhwIjoxNzg1NDA0NDcxfQ.XtqvvgxYi_43mtsjpbElbbWChpvHhFSh_eG6XYLo8oU} @ http://semiconlab-staging-alb-124259420.ap-south-1.elb.amazonaws.com/main.dart.js:55885
[  263466ms] [LOG] [ApiService] Response Status: 200 @ http://semiconlab-staging-alb-124259420.ap-south-1.elb.amazonaws.com/main.dart.js:55885
[  263466ms] [LOG] [ApiService] Response URL: http://semiconlab-staging-alb-124259420.ap-south-1.elb.amazonaws.com:3000/v1/labs-api/start-status?domain_id=17 @ http://semiconlab-staging-alb-124259420.ap-south-1.elb.amazonaws.com/main.dart.js:55885
[  268326ms] [LOG] [AuthService] getToken() - token exists: true, token length: 327 @ http://semiconlab-staging-alb-124259420.ap-south-1.elb.amazonaws.com/main.dart.js:55885
[  268327ms] [LOG] [ApiService] GET Request: labs-api/available-labs @ http://semiconlab-staging-alb-124259420.ap-south-1.elb.amazonaws.com/main.dart.js:55885
[  268327ms] [LOG] [ApiService] Headers: {Authorization: Bearer eyJhbGciOiJIUzI1NiIsInR5cCI6IkpXVCJ9.eyJlbWFpbCI6InN1cnlhLm5Ac2VtaWNvbm9zLmFpIiwic3ViIjo5NSwicm9sZSI6IkxlYXJuZXIiLCJvcmdJZCI6bnVsbCwidGVhbUlkIjpudWxsLCJhdmFpbGFibGVSb2xlcyI6W10sInNpZCI6ImI5NGVjYzQ3LTQ2MDItNDE5Zi1iMmY0LTViOTk1ODhhZjc2MSIsImlhdCI6MTc4NDc5OTY3MSwiZXhwIjoxNzg1NDA0NDcxfQ.XtqvvgxYi_43mtsjpbElbbWChpvHhFSh_eG6XYLo8oU} @ http://semiconlab-staging-alb-124259420.ap-south-1.elb.amazonaws.com/main.dart.js:55885
[  268458ms] [LOG] [ApiService] Response Status: 200 @ http://semiconlab-staging-alb-124259420.ap-south-1.elb.amazonaws.com/main.dart.js:55885
[  268458ms] [LOG] [ApiService] Response URL: http://semiconlab-staging-alb-124259420.ap-south-1.elb.amazonaws.com:3000/v1/labs-api/available-labs @ http://semiconlab-staging-alb-124259420.ap-south-1.elb.amazonaws.com/main.dart.js:55885
[  268459ms] [LOG] [AuthService] getToken() - token exists: true, token length: 327 @ http://semiconlab-staging-alb-124259420.ap-south-1.elb.amazonaws.com/main.dart.js:55885
[  268459ms] [LOG] [ApiService] GET Request: labs-api/start-status?domain_id=17 @ http://semiconlab-staging-alb-124259420.ap-south-1.elb.amazonaws.com/main.dart.js:55885
[  268459ms] [LOG] [ApiService] Headers: {Authorization: Bearer eyJhbGciOiJIUzI1NiIsInR5cCI6IkpXVCJ9.eyJlbWFpbCI6InN1cnlhLm5Ac2VtaWNvbm9zLmFpIiwic3ViIjo5NSwicm9sZSI6IkxlYXJuZXIiLCJvcmdJZCI6bnVsbCwidGVhbUlkIjpudWxsLCJhdmFpbGFibGVSb2xlcyI6W10sInNpZCI6ImI5NGVjYzQ3LTQ2MDItNDE5Zi1iMmY0LTViOTk1ODhhZjc2MSIsImlhdCI6MTc4NDc5OTY3MSwiZXhwIjoxNzg1NDA0NDcxfQ.XtqvvgxYi_43mtsjpbElbbWChpvHhFSh_eG6XYLo8oU} @ http://semiconlab-staging-alb-124259420.ap-south-1.elb.amazonaws.com/main.dart.js:55885
[  268529ms] [LOG] [ApiService] Response Status: 200 @ http://semiconlab-staging-alb-124259420.ap-south-1.elb.amazonaws.com/main.dart.js:55885
[  268529ms] [LOG] [ApiService] Response URL: http://semiconlab-staging-alb-124259420.ap-south-1.elb.amazonaws.com:3000/v1/labs-api/start-status?domain_id=17 @ http://semiconlab-staging-alb-124259420.ap-south-1.elb.amazonaws.com/main.dart.js:55885
[  273327ms] [LOG] [AuthService] getToken() - token exists: true, token length: 327 @ http://semiconlab-staging-alb-124259420.ap-south-1.elb.amazonaws.com/main.dart.js:55885
[  273327ms] [LOG] [ApiService] GET Request: labs-api/available-labs @ http://semiconlab-staging-alb-124259420.ap-south-1.elb.amazonaws.com/main.dart.js:55885
[  273327ms] [LOG] [ApiService] Headers: {Authorization: Bearer eyJhbGciOiJIUzI1NiIsInR5cCI6IkpXVCJ9.eyJlbWFpbCI6InN1cnlhLm5Ac2VtaWNvbm9zLmFpIiwic3ViIjo5NSwicm9sZSI6IkxlYXJuZXIiLCJvcmdJZCI6bnVsbCwidGVhbUlkIjpudWxsLCJhdmFpbGFibGVSb2xlcyI6W10sInNpZCI6ImI5NGVjYzQ3LTQ2MDItNDE5Zi1iMmY0LTViOTk1ODhhZjc2MSIsImlhdCI6MTc4NDc5OTY3MSwiZXhwIjoxNzg1NDA0NDcxfQ.XtqvvgxYi_43mtsjpbElbbWChpvHhFSh_eG6XYLo8oU} @ http://semiconlab-staging-alb-124259420.ap-south-1.elb.amazonaws.com/main.dart.js:55885
[  273422ms] [LOG] [ApiService] Response Status: 200 @ http://semiconlab-staging-alb-124259420.ap-south-1.elb.amazonaws.com/main.dart.js:55885
[  273422ms] [LOG] [ApiService] Response URL: http://semiconlab-staging-alb-124259420.ap-south-1.elb.amazonaws.com:3000/v1/labs-api/available-labs @ http://semiconlab-staging-alb-124259420.ap-south-1.elb.amazonaws.com/main.dart.js:55885
[  273423ms] [LOG] [AuthService] getToken() - token exists: true, token length: 327 @ http://semiconlab-staging-alb-124259420.ap-south-1.elb.amazonaws.com/main.dart.js:55885
[  273423ms] [LOG] [ApiService] GET Request: labs-api/start-status?domain_id=17 @ http://semiconlab-staging-alb-124259420.ap-south-1.elb.amazonaws.com/main.dart.js:55885
[  273423ms] [LOG] [ApiService] Headers: {Authorization: Bearer eyJhbGciOiJIUzI1NiIsInR5cCI6IkpXVCJ9.eyJlbWFpbCI6InN1cnlhLm5Ac2VtaWNvbm9zLmFpIiwic3ViIjo5NSwicm9sZSI6IkxlYXJuZXIiLCJvcmdJZCI6bnVsbCwidGVhbUlkIjpudWxsLCJhdmFpbGFibGVSb2xlcyI6W10sInNpZCI6ImI5NGVjYzQ3LTQ2MDItNDE5Zi1iMmY0LTViOTk1ODhhZjc2MSIsImlhdCI6MTc4NDc5OTY3MSwiZXhwIjoxNzg1NDA0NDcxfQ.XtqvvgxYi_43mtsjpbElbbWChpvHhFSh_eG6XYLo8oU} @ http://semiconlab-staging-alb-124259420.ap-south-1.elb.amazonaws.com/main.dart.js:55885
[  273466ms] [LOG] [ApiService] Response Status: 200 @ http://semiconlab-staging-alb-124259420.ap-south-1.elb.amazonaws.com/main.dart.js:55885
[  273467ms] [LOG] [ApiService] Response URL: http://semiconlab-staging-alb-124259420.ap-south-1.elb.amazonaws.com:3000/v1/labs-api/start-status?domain_id=17 @ http://semiconlab-staging-alb-124259420.ap-south-1.elb.amazonaws.com/main.dart.js:55885
[  278327ms] [LOG] [AuthService] getToken() - token exists: true, token length: 327 @ http://semiconlab-staging-alb-124259420.ap-south-1.elb.amazonaws.com/main.dart.js:55885
[  278327ms] [LOG] [ApiService] GET Request: labs-api/available-labs @ http://semiconlab-staging-alb-124259420.ap-south-1.elb.amazonaws.com/main.dart.js:55885
[  278327ms] [LOG] [ApiService] Headers: {Authorization: Bearer eyJhbGciOiJIUzI1NiIsInR5cCI6IkpXVCJ9.eyJlbWFpbCI6InN1cnlhLm5Ac2VtaWNvbm9zLmFpIiwic3ViIjo5NSwicm9sZSI6IkxlYXJuZXIiLCJvcmdJZCI6bnVsbCwidGVhbUlkIjpudWxsLCJhdmFpbGFibGVSb2xlcyI6W10sInNpZCI6ImI5NGVjYzQ3LTQ2MDItNDE5Zi1iMmY0LTViOTk1ODhhZjc2MSIsImlhdCI6MTc4NDc5OTY3MSwiZXhwIjoxNzg1NDA0NDcxfQ.XtqvvgxYi_43mtsjpbElbbWChpvHhFSh_eG6XYLo8oU} @ http://semiconlab-staging-alb-124259420.ap-south-1.elb.amazonaws.com/main.dart.js:55885
[  278440ms] [LOG] [ApiService] Response Status: 200 @ http://semiconlab-staging-alb-124259420.ap-south-1.elb.amazonaws.com/main.dart.js:55885
[  278441ms] [LOG] [ApiService] Response URL: http://semiconlab-staging-alb-124259420.ap-south-1.elb.amazonaws.com:3000/v1/labs-api/available-labs @ http://semiconlab-staging-alb-124259420.ap-south-1.elb.amazonaws.com/main.dart.js:55885
[  278441ms] [LOG] [AuthService] getToken() - token exists: true, token length: 327 @ http://semiconlab-staging-alb-124259420.ap-south-1.elb.amazonaws.com/main.dart.js:55885
[  278441ms] [LOG] [ApiService] GET Request: labs-api/start-status?domain_id=17 @ http://semiconlab-staging-alb-124259420.ap-south-1.elb.amazonaws.com/main.dart.js:55885
[  278442ms] [LOG] [ApiService] Headers: {Authorization: Bearer eyJhbGciOiJIUzI1NiIsInR5cCI6IkpXVCJ9.eyJlbWFpbCI6InN1cnlhLm5Ac2VtaWNvbm9zLmFpIiwic3ViIjo5NSwicm9sZSI6IkxlYXJuZXIiLCJvcmdJZCI6bnVsbCwidGVhbUlkIjpudWxsLCJhdmFpbGFibGVSb2xlcyI6W10sInNpZCI6ImI5NGVjYzQ3LTQ2MDItNDE5Zi1iMmY0LTViOTk1ODhhZjc2MSIsImlhdCI6MTc4NDc5OTY3MSwiZXhwIjoxNzg1NDA0NDcxfQ.XtqvvgxYi_43mtsjpbElbbWChpvHhFSh_eG6XYLo8oU} @ http://semiconlab-staging-alb-124259420.ap-south-1.elb.amazonaws.com/main.dart.js:55885
[  278502ms] [LOG] [ApiService] Response Status: 200 @ http://semiconlab-staging-alb-124259420.ap-south-1.elb.amazonaws.com/main.dart.js:55885
[  278502ms] [LOG] [ApiService] Response URL: http://semiconlab-staging-alb-124259420.ap-south-1.elb.amazonaws.com:3000/v1/labs-api/start-status?domain_id=17 @ http://semiconlab-staging-alb-124259420.ap-south-1.elb.amazonaws.com/main.dart.js:55885
[  283326ms] [LOG] [AuthService] getToken() - token exists: true, token length: 327 @ http://semiconlab-staging-alb-124259420.ap-south-1.elb.amazonaws.com/main.dart.js:55885
[  283327ms] [LOG] [ApiService] GET Request: labs-api/available-labs @ http://semiconlab-staging-alb-124259420.ap-south-1.elb.amazonaws.com/main.dart.js:55885
[  283327ms] [LOG] [ApiService] Headers: {Authorization: Bearer eyJhbGciOiJIUzI1NiIsInR5cCI6IkpXVCJ9.eyJlbWFpbCI6InN1cnlhLm5Ac2VtaWNvbm9zLmFpIiwic3ViIjo5NSwicm9sZSI6IkxlYXJuZXIiLCJvcmdJZCI6bnVsbCwidGVhbUlkIjpudWxsLCJhdmFpbGFibGVSb2xlcyI6W10sInNpZCI6ImI5NGVjYzQ3LTQ2MDItNDE5Zi1iMmY0LTViOTk1ODhhZjc2MSIsImlhdCI6MTc4NDc5OTY3MSwiZXhwIjoxNzg1NDA0NDcxfQ.XtqvvgxYi_43mtsjpbElbbWChpvHhFSh_eG6XYLo8oU} @ http://semiconlab-staging-alb-124259420.ap-south-1.elb.amazonaws.com/main.dart.js:55885
[  283427ms] [LOG] [ApiService] Response Status: 200 @ http://semiconlab-staging-alb-124259420.ap-south-1.elb.amazonaws.com/main.dart.js:55885
[  283427ms] [LOG] [ApiService] Response URL: http://semiconlab-staging-alb-124259420.ap-south-1.elb.amazonaws.com:3000/v1/labs-api/available-labs @ http://semiconlab-staging-alb-124259420.ap-south-1.elb.amazonaws.com/main.dart.js:55885
[  283427ms] [LOG] [AuthService] getToken() - token exists: true, token length: 327 @ http://semiconlab-staging-alb-124259420.ap-south-1.elb.amazonaws.com/main.dart.js:55885
[  283428ms] [LOG] [ApiService] GET Request: labs-api/start-status?domain_id=17 @ http://semiconlab-staging-alb-124259420.ap-south-1.elb.amazonaws.com/main.dart.js:55885
[  283428ms] [LOG] [ApiService] Headers: {Authorization: Bearer eyJhbGciOiJIUzI1NiIsInR5cCI6IkpXVCJ9.eyJlbWFpbCI6InN1cnlhLm5Ac2VtaWNvbm9zLmFpIiwic3ViIjo5NSwicm9sZSI6IkxlYXJuZXIiLCJvcmdJZCI6bnVsbCwidGVhbUlkIjpudWxsLCJhdmFpbGFibGVSb2xlcyI6W10sInNpZCI6ImI5NGVjYzQ3LTQ2MDItNDE5Zi1iMmY0LTViOTk1ODhhZjc2MSIsImlhdCI6MTc4NDc5OTY3MSwiZXhwIjoxNzg1NDA0NDcxfQ.XtqvvgxYi_43mtsjpbElbbWChpvHhFSh_eG6XYLo8oU} @ http://semiconlab-staging-alb-124259420.ap-south-1.elb.amazonaws.com/main.dart.js:55885
[  283466ms] [LOG] [ApiService] Response Status: 200 @ http://semiconlab-staging-alb-124259420.ap-south-1.elb.amazonaws.com/main.dart.js:55885
[  283466ms] [LOG] [ApiService] Response URL: http://semiconlab-staging-alb-124259420.ap-south-1.elb.amazonaws.com:3000/v1/labs-api/start-status?domain_id=17 @ http://semiconlab-staging-alb-124259420.ap-south-1.elb.amazonaws.com/main.dart.js:55885
[  285030ms] [LOG] [AuthService] getToken() - token exists: true, token length: 327 @ http://semiconlab-staging-alb-124259420.ap-south-1.elb.amazonaws.com/main.dart.js:55885
[  285030ms] [LOG] [AuthService] getToken() - token exists: true, token length: 327 @ http://semiconlab-staging-alb-124259420.ap-south-1.elb.amazonaws.com/main.dart.js:55885
[  285030ms] [LOG] [ApiService] GET Request: labs-api/available-labs @ http://semiconlab-staging-alb-124259420.ap-south-1.elb.amazonaws.com/main.dart.js:55885
[  285031ms] [LOG] [ApiService] Headers: {Authorization: Bearer eyJhbGciOiJIUzI1NiIsInR5cCI6IkpXVCJ9.eyJlbWFpbCI6InN1cnlhLm5Ac2VtaWNvbm9zLmFpIiwic3ViIjo5NSwicm9sZSI6IkxlYXJuZXIiLCJvcmdJZCI6bnVsbCwidGVhbUlkIjpudWxsLCJhdmFpbGFibGVSb2xlcyI6W10sInNpZCI6ImI5NGVjYzQ3LTQ2MDItNDE5Zi1iMmY0LTViOTk1ODhhZjc2MSIsImlhdCI6MTc4NDc5OTY3MSwiZXhwIjoxNzg1NDA0NDcxfQ.XtqvvgxYi_43mtsjpbElbbWChpvHhFSh_eG6XYLo8oU} @ http://semiconlab-staging-alb-124259420.ap-south-1.elb.amazonaws.com/main.dart.js:55885
[  285119ms] [LOG] [ApiService] Response Status: 200 @ http://semiconlab-staging-alb-124259420.ap-south-1.elb.amazonaws.com/main.dart.js:55885
[  285119ms] [LOG] [ApiService] Response URL: http://semiconlab-staging-alb-124259420.ap-south-1.elb.amazonaws.com:3000/v1/labs-api/available-labs @ http://semiconlab-staging-alb-124259420.ap-south-1.elb.amazonaws.com/main.dart.js:55885
[  285120ms] [LOG] [AuthService] getToken() - token exists: true, token length: 327 @ http://semiconlab-staging-alb-124259420.ap-south-1.elb.amazonaws.com/main.dart.js:55885
[  285120ms] [LOG] [ApiService] GET Request: /users/95 @ http://semiconlab-staging-alb-124259420.ap-south-1.elb.amazonaws.com/main.dart.js:55885
[  285120ms] [LOG] [ApiService] Headers: {Authorization: Bearer eyJhbGciOiJIUzI1NiIsInR5cCI6IkpXVCJ9.eyJlbWFpbCI6InN1cnlhLm5Ac2VtaWNvbm9zLmFpIiwic3ViIjo5NSwicm9sZSI6IkxlYXJuZXIiLCJvcmdJZCI6bnVsbCwidGVhbUlkIjpudWxsLCJhdmFpbGFibGVSb2xlcyI6W10sInNpZCI6ImI5NGVjYzQ3LTQ2MDItNDE5Zi1iMmY0LTViOTk1ODhhZjc2MSIsImlhdCI6MTc4NDc5OTY3MSwiZXhwIjoxNzg1NDA0NDcxfQ.XtqvvgxYi_43mtsjpbElbbWChpvHhFSh_eG6XYLo8oU} @ http://semiconlab-staging-alb-124259420.ap-south-1.elb.amazonaws.com/main.dart.js:55885
[  285192ms] [LOG] [ApiService] Response Status: 200 @ http://semiconlab-staging-alb-124259420.ap-south-1.elb.amazonaws.com/main.dart.js:55885
[  285193ms] [LOG] [ApiService] Response URL: http://semiconlab-staging-alb-124259420.ap-south-1.elb.amazonaws.com:3000/v1/users/95 @ http://semiconlab-staging-alb-124259420.ap-south-1.elb.amazonaws.com/main.dart.js:55885
[  288327ms] [LOG] [AuthService] getToken() - token exists: true, token length: 327 @ http://semiconlab-staging-alb-124259420.ap-south-1.elb.amazonaws.com/main.dart.js:55885
[  288327ms] [LOG] [ApiService] GET Request: labs-api/available-labs @ http://semiconlab-staging-alb-124259420.ap-south-1.elb.amazonaws.com/main.dart.js:55885
[  288327ms] [LOG] [ApiService] Headers: {Authorization: Bearer eyJhbGciOiJIUzI1NiIsInR5cCI6IkpXVCJ9.eyJlbWFpbCI6InN1cnlhLm5Ac2VtaWNvbm9zLmFpIiwic3ViIjo5NSwicm9sZSI6IkxlYXJuZXIiLCJvcmdJZCI6bnVsbCwidGVhbUlkIjpudWxsLCJhdmFpbGFibGVSb2xlcyI6W10sInNpZCI6ImI5NGVjYzQ3LTQ2MDItNDE5Zi1iMmY0LTViOTk1ODhhZjc2MSIsImlhdCI6MTc4NDc5OTY3MSwiZXhwIjoxNzg1NDA0NDcxfQ.XtqvvgxYi_43mtsjpbElbbWChpvHhFSh_eG6XYLo8oU} @ http://semiconlab-staging-alb-124259420.ap-south-1.elb.amazonaws.com/main.dart.js:55885
[  288423ms] [LOG] [ApiService] Response Status: 200 @ http://semiconlab-staging-alb-124259420.ap-south-1.elb.amazonaws.com/main.dart.js:55885
[  288423ms] [LOG] [ApiService] Response URL: http://semiconlab-staging-alb-124259420.ap-south-1.elb.amazonaws.com:3000/v1/labs-api/available-labs @ http://semiconlab-staging-alb-124259420.ap-south-1.elb.amazonaws.com/main.dart.js:55885
[  288423ms] [LOG] [AuthService] getToken() - token exists: true, token length: 327 @ http://semiconlab-staging-alb-124259420.ap-south-1.elb.amazonaws.com/main.dart.js:55885
[  288424ms] [LOG] [ApiService] GET Request: labs-api/start-status?domain_id=17 @ http://semiconlab-staging-alb-124259420.ap-south-1.elb.amazonaws.com/main.dart.js:55885
[  288424ms] [LOG] [ApiService] Headers: {Authorization: Bearer eyJhbGciOiJIUzI1NiIsInR5cCI6IkpXVCJ9.eyJlbWFpbCI6InN1cnlhLm5Ac2VtaWNvbm9zLmFpIiwic3ViIjo5NSwicm9sZSI6IkxlYXJuZXIiLCJvcmdJZCI6bnVsbCwidGVhbUlkIjpudWxsLCJhdmFpbGFibGVSb2xlcyI6W10sInNpZCI6ImI5NGVjYzQ3LTQ2MDItNDE5Zi1iMmY0LTViOTk1ODhhZjc2MSIsImlhdCI6MTc4NDc5OTY3MSwiZXhwIjoxNzg1NDA0NDcxfQ.XtqvvgxYi_43mtsjpbElbbWChpvHhFSh_eG6XYLo8oU} @ http://semiconlab-staging-alb-124259420.ap-south-1.elb.amazonaws.com/main.dart.js:55885
[  288499ms] [LOG] [ApiService] Response Status: 200 @ http://semiconlab-staging-alb-124259420.ap-south-1.elb.amazonaws.com/main.dart.js:55885
[  288500ms] [LOG] [ApiService] Response URL: http://semiconlab-staging-alb-124259420.ap-south-1.elb.amazonaws.com:3000/v1/labs-api/start-status?domain_id=17 @ http://semiconlab-staging-alb-124259420.ap-south-1.elb.amazonaws.com/main.dart.js:55885
[  293327ms] [LOG] [AuthService] getToken() - token exists: true, token length: 327 @ http://semiconlab-staging-alb-124259420.ap-south-1.elb.amazonaws.com/main.dart.js:55885
[  293327ms] [LOG] [ApiService] GET Request: labs-api/available-labs @ http://semiconlab-staging-alb-124259420.ap-south-1.elb.amazonaws.com/main.dart.js:55885
[  293327ms] [LOG] [ApiService] Headers: {Authorization: Bearer eyJhbGciOiJIUzI1NiIsInR5cCI6IkpXVCJ9.eyJlbWFpbCI6InN1cnlhLm5Ac2VtaWNvbm9zLmFpIiwic3ViIjo5NSwicm9sZSI6IkxlYXJuZXIiLCJvcmdJZCI6bnVsbCwidGVhbUlkIjpudWxsLCJhdmFpbGFibGVSb2xlcyI6W10sInNpZCI6ImI5NGVjYzQ3LTQ2MDItNDE5Zi1iMmY0LTViOTk1ODhhZjc2MSIsImlhdCI6MTc4NDc5OTY3MSwiZXhwIjoxNzg1NDA0NDcxfQ.XtqvvgxYi_43mtsjpbElbbWChpvHhFSh_eG6XYLo8oU} @ http://semiconlab-staging-alb-124259420.ap-south-1.elb.amazonaws.com/main.dart.js:55885
[  293452ms] [LOG] [ApiService] Response Status: 200 @ http://semiconlab-staging-alb-124259420.ap-south-1.elb.amazonaws.com/main.dart.js:55885
[  293453ms] [LOG] [ApiService] Response URL: http://semiconlab-staging-alb-124259420.ap-south-1.elb.amazonaws.com:3000/v1/labs-api/available-labs @ http://semiconlab-staging-alb-124259420.ap-south-1.elb.amazonaws.com/main.dart.js:55885
[  293453ms] [LOG] [AuthService] getToken() - token exists: true, token length: 327 @ http://semiconlab-staging-alb-124259420.ap-south-1.elb.amazonaws.com/main.dart.js:55885
[  293453ms] [LOG] [ApiService] GET Request: labs-api/start-status?domain_id=17 @ http://semiconlab-staging-alb-124259420.ap-south-1.elb.amazonaws.com/main.dart.js:55885
[  293454ms] [LOG] [ApiService] Headers: {Authorization: Bearer eyJhbGciOiJIUzI1NiIsInR5cCI6IkpXVCJ9.eyJlbWFpbCI6InN1cnlhLm5Ac2VtaWNvbm9zLmFpIiwic3ViIjo5NSwicm9sZSI6IkxlYXJuZXIiLCJvcmdJZCI6bnVsbCwidGVhbUlkIjpudWxsLCJhdmFpbGFibGVSb2xlcyI6W10sInNpZCI6ImI5NGVjYzQ3LTQ2MDItNDE5Zi1iMmY0LTViOTk1ODhhZjc2MSIsImlhdCI6MTc4NDc5OTY3MSwiZXhwIjoxNzg1NDA0NDcxfQ.XtqvvgxYi_43mtsjpbElbbWChpvHhFSh_eG6XYLo8oU} @ http://semiconlab-staging-alb-124259420.ap-south-1.elb.amazonaws.com/main.dart.js:55885
[  293529ms] [LOG] [ApiService] Response Status: 200 @ http://semiconlab-staging-alb-124259420.ap-south-1.elb.amazonaws.com/main.dart.js:55885
[  293530ms] [LOG] [ApiService] Response URL: http://semiconlab-staging-alb-124259420.ap-south-1.elb.amazonaws.com:3000/v1/labs-api/start-status?domain_id=17 @ http://semiconlab-staging-alb-124259420.ap-south-1.elb.amazonaws.com/main.dart.js:55885
[  298327ms] [LOG] [AuthService] getToken() - token exists: true, token length: 327 @ http://semiconlab-staging-alb-124259420.ap-south-1.elb.amazonaws.com/main.dart.js:55885
[  298327ms] [LOG] [ApiService] GET Request: labs-api/available-labs @ http://semiconlab-staging-alb-124259420.ap-south-1.elb.amazonaws.com/main.dart.js:55885
[  298328ms] [LOG] [ApiService] Headers: {Authorization: Bearer eyJhbGciOiJIUzI1NiIsInR5cCI6IkpXVCJ9.eyJlbWFpbCI6InN1cnlhLm5Ac2VtaWNvbm9zLmFpIiwic3ViIjo5NSwicm9sZSI6IkxlYXJuZXIiLCJvcmdJZCI6bnVsbCwidGVhbUlkIjpudWxsLCJhdmFpbGFibGVSb2xlcyI6W10sInNpZCI6ImI5NGVjYzQ3LTQ2MDItNDE5Zi1iMmY0LTViOTk1ODhhZjc2MSIsImlhdCI6MTc4NDc5OTY3MSwiZXhwIjoxNzg1NDA0NDcxfQ.XtqvvgxYi_43mtsjpbElbbWChpvHhFSh_eG6XYLo8oU} @ http://semiconlab-staging-alb-124259420.ap-south-1.elb.amazonaws.com/main.dart.js:55885
[  298427ms] [LOG] [ApiService] Response Status: 200 @ http://semiconlab-staging-alb-124259420.ap-south-1.elb.amazonaws.com/main.dart.js:55885
[  298428ms] [LOG] [ApiService] Response URL: http://semiconlab-staging-alb-124259420.ap-south-1.elb.amazonaws.com:3000/v1/labs-api/available-labs @ http://semiconlab-staging-alb-124259420.ap-south-1.elb.amazonaws.com/main.dart.js:55885
[  298428ms] [LOG] [AuthService] getToken() - token exists: true, token length: 327 @ http://semiconlab-staging-alb-124259420.ap-south-1.elb.amazonaws.com/main.dart.js:55885
[  298429ms] [LOG] [ApiService] GET Request: labs-api/start-status?domain_id=17 @ http://semiconlab-staging-alb-124259420.ap-south-1.elb.amazonaws.com/main.dart.js:55885
[  298429ms] [LOG] [ApiService] Headers: {Authorization: Bearer eyJhbGciOiJIUzI1NiIsInR5cCI6IkpXVCJ9.eyJlbWFpbCI6InN1cnlhLm5Ac2VtaWNvbm9zLmFpIiwic3ViIjo5NSwicm9sZSI6IkxlYXJuZXIiLCJvcmdJZCI6bnVsbCwidGVhbUlkIjpudWxsLCJhdmFpbGFibGVSb2xlcyI6W10sInNpZCI6ImI5NGVjYzQ3LTQ2MDItNDE5Zi1iMmY0LTViOTk1ODhhZjc2MSIsImlhdCI6MTc4NDc5OTY3MSwiZXhwIjoxNzg1NDA0NDcxfQ.XtqvvgxYi_43mtsjpbElbbWChpvHhFSh_eG6XYLo8oU} @ http://semiconlab-staging-alb-124259420.ap-south-1.elb.amazonaws.com/main.dart.js:55885
[  298475ms] [LOG] [ApiService] Response Status: 200 @ http://semiconlab-staging-alb-124259420.ap-south-1.elb.amazonaws.com/main.dart.js:55885
[  298476ms] [LOG] [ApiService] Response URL: http://semiconlab-staging-alb-124259420.ap-south-1.elb.amazonaws.com:3000/v1/labs-api/start-status?domain_id=17 @ http://semiconlab-staging-alb-124259420.ap-south-1.elb.amazonaws.com/main.dart.js:55885
[  303327ms] [LOG] [AuthService] getToken() - token exists: true, token length: 327 @ http://semiconlab-staging-alb-124259420.ap-south-1.elb.amazonaws.com/main.dart.js:55885
[  303327ms] [LOG] [ApiService] GET Request: labs-api/available-labs @ http://semiconlab-staging-alb-124259420.ap-south-1.elb.amazonaws.com/main.dart.js:55885
[  303327ms] [LOG] [ApiService] Headers: {Authorization: Bearer eyJhbGciOiJIUzI1NiIsInR5cCI6IkpXVCJ9.eyJlbWFpbCI6InN1cnlhLm5Ac2VtaWNvbm9zLmFpIiwic3ViIjo5NSwicm9sZSI6IkxlYXJuZXIiLCJvcmdJZCI6bnVsbCwidGVhbUlkIjpudWxsLCJhdmFpbGFibGVSb2xlcyI6W10sInNpZCI6ImI5NGVjYzQ3LTQ2MDItNDE5Zi1iMmY0LTViOTk1ODhhZjc2MSIsImlhdCI6MTc4NDc5OTY3MSwiZXhwIjoxNzg1NDA0NDcxfQ.XtqvvgxYi_43mtsjpbElbbWChpvHhFSh_eG6XYLo8oU} @ http://semiconlab-staging-alb-124259420.ap-south-1.elb.amazonaws.com/main.dart.js:55885
[  303449ms] [LOG] [ApiService] Response Status: 200 @ http://semiconlab-staging-alb-124259420.ap-south-1.elb.amazonaws.com/main.dart.js:55885
[  303449ms] [LOG] [ApiService] Response URL: http://semiconlab-staging-alb-124259420.ap-south-1.elb.amazonaws.com:3000/v1/labs-api/available-labs @ http://semiconlab-staging-alb-124259420.ap-south-1.elb.amazonaws.com/main.dart.js:55885
[  303450ms] [LOG] [AuthService] getToken() - token exists: true, token length: 327 @ http://semiconlab-staging-alb-124259420.ap-south-1.elb.amazonaws.com/main.dart.js:55885
[  303450ms] [LOG] [ApiService] GET Request: labs-api/start-status?domain_id=17 @ http://semiconlab-staging-alb-124259420.ap-south-1.elb.amazonaws.com/main.dart.js:55885
[  303450ms] [LOG] [ApiService] Headers: {Authorization: Bearer eyJhbGciOiJIUzI1NiIsInR5cCI6IkpXVCJ9.eyJlbWFpbCI6InN1cnlhLm5Ac2VtaWNvbm9zLmFpIiwic3ViIjo5NSwicm9sZSI6IkxlYXJuZXIiLCJvcmdJZCI6bnVsbCwidGVhbUlkIjpudWxsLCJhdmFpbGFibGVSb2xlcyI6W10sInNpZCI6ImI5NGVjYzQ3LTQ2MDItNDE5Zi1iMmY0LTViOTk1ODhhZjc2MSIsImlhdCI6MTc4NDc5OTY3MSwiZXhwIjoxNzg1NDA0NDcxfQ.XtqvvgxYi_43mtsjpbElbbWChpvHhFSh_eG6XYLo8oU} @ http://semiconlab-staging-alb-124259420.ap-south-1.elb.amazonaws.com/main.dart.js:55885
[  303522ms] [LOG] [ApiService] Response Status: 200 @ http://semiconlab-staging-alb-124259420.ap-south-1.elb.amazonaws.com/main.dart.js:55885
[  303522ms] [LOG] [ApiService] Response URL: http://semiconlab-staging-alb-124259420.ap-south-1.elb.amazonaws.com:3000/v1/labs-api/start-status?domain_id=17 @ http://semiconlab-staging-alb-124259420.ap-south-1.elb.amazonaws.com/main.dart.js:55885
[  308326ms] [LOG] [AuthService] getToken() - token exists: true, token length: 327 @ http://semiconlab-staging-alb-124259420.ap-south-1.elb.amazonaws.com/main.dart.js:55885
[  308327ms] [LOG] [ApiService] GET Request: labs-api/available-labs @ http://semiconlab-staging-alb-124259420.ap-south-1.elb.amazonaws.com/main.dart.js:55885
[  308327ms] [LOG] [ApiService] Headers: {Authorization: Bearer eyJhbGciOiJIUzI1NiIsInR5cCI6IkpXVCJ9.eyJlbWFpbCI6InN1cnlhLm5Ac2VtaWNvbm9zLmFpIiwic3ViIjo5NSwicm9sZSI6IkxlYXJuZXIiLCJvcmdJZCI6bnVsbCwidGVhbUlkIjpudWxsLCJhdmFpbGFibGVSb2xlcyI6W10sInNpZCI6ImI5NGVjYzQ3LTQ2MDItNDE5Zi1iMmY0LTViOTk1ODhhZjc2MSIsImlhdCI6MTc4NDc5OTY3MSwiZXhwIjoxNzg1NDA0NDcxfQ.XtqvvgxYi_43mtsjpbElbbWChpvHhFSh_eG6XYLo8oU} @ http://semiconlab-staging-alb-124259420.ap-south-1.elb.amazonaws.com/main.dart.js:55885
[  308422ms] [LOG] [ApiService] Response Status: 200 @ http://semiconlab-staging-alb-124259420.ap-south-1.elb.amazonaws.com/main.dart.js:55885
[  308422ms] [LOG] [ApiService] Response URL: http://semiconlab-staging-alb-124259420.ap-south-1.elb.amazonaws.com:3000/v1/labs-api/available-labs @ http://semiconlab-staging-alb-124259420.ap-south-1.elb.amazonaws.com/main.dart.js:55885
[  308422ms] [LOG] [AuthService] getToken() - token exists: true, token length: 327 @ http://semiconlab-staging-alb-124259420.ap-south-1.elb.amazonaws.com/main.dart.js:55885
[  308423ms] [LOG] [ApiService] GET Request: labs-api/start-status?domain_id=17 @ http://semiconlab-staging-alb-124259420.ap-south-1.elb.amazonaws.com/main.dart.js:55885
[  308423ms] [LOG] [ApiService] Headers: {Authorization: Bearer eyJhbGciOiJIUzI1NiIsInR5cCI6IkpXVCJ9.eyJlbWFpbCI6InN1cnlhLm5Ac2VtaWNvbm9zLmFpIiwic3ViIjo5NSwicm9sZSI6IkxlYXJuZXIiLCJvcmdJZCI6bnVsbCwidGVhbUlkIjpudWxsLCJhdmFpbGFibGVSb2xlcyI6W10sInNpZCI6ImI5NGVjYzQ3LTQ2MDItNDE5Zi1iMmY0LTViOTk1ODhhZjc2MSIsImlhdCI6MTc4NDc5OTY3MSwiZXhwIjoxNzg1NDA0NDcxfQ.XtqvvgxYi_43mtsjpbElbbWChpvHhFSh_eG6XYLo8oU} @ http://semiconlab-staging-alb-124259420.ap-south-1.elb.amazonaws.com/main.dart.js:55885
[  308466ms] [LOG] [ApiService] Response Status: 200 @ http://semiconlab-staging-alb-124259420.ap-south-1.elb.amazonaws.com/main.dart.js:55885
[  308466ms] [LOG] [ApiService] Response URL: http://semiconlab-staging-alb-124259420.ap-south-1.elb.amazonaws.com:3000/v1/labs-api/start-status?domain_id=17 @ http://semiconlab-staging-alb-124259420.ap-south-1.elb.amazonaws.com/main.dart.js:55885
[  313326ms] [LOG] [AuthService] getToken() - token exists: true, token length: 327 @ http://semiconlab-staging-alb-124259420.ap-south-1.elb.amazonaws.com/main.dart.js:55885
[  313327ms] [LOG] [ApiService] GET Request: labs-api/available-labs @ http://semiconlab-staging-alb-124259420.ap-south-1.elb.amazonaws.com/main.dart.js:55885
[  313327ms] [LOG] [ApiService] Headers: {Authorization: Bearer eyJhbGciOiJIUzI1NiIsInR5cCI6IkpXVCJ9.eyJlbWFpbCI6InN1cnlhLm5Ac2VtaWNvbm9zLmFpIiwic3ViIjo5NSwicm9sZSI6IkxlYXJuZXIiLCJvcmdJZCI6bnVsbCwidGVhbUlkIjpudWxsLCJhdmFpbGFibGVSb2xlcyI6W10sInNpZCI6ImI5NGVjYzQ3LTQ2MDItNDE5Zi1iMmY0LTViOTk1ODhhZjc2MSIsImlhdCI6MTc4NDc5OTY3MSwiZXhwIjoxNzg1NDA0NDcxfQ.XtqvvgxYi_43mtsjpbElbbWChpvHhFSh_eG6XYLo8oU} @ http://semiconlab-staging-alb-124259420.ap-south-1.elb.amazonaws.com/main.dart.js:55885
[  313516ms] [LOG] [ApiService] Response Status: 200 @ http://semiconlab-staging-alb-124259420.ap-south-1.elb.amazonaws.com/main.dart.js:55885
[  313516ms] [LOG] [ApiService] Response URL: http://semiconlab-staging-alb-124259420.ap-south-1.elb.amazonaws.com:3000/v1/labs-api/available-labs @ http://semiconlab-staging-alb-124259420.ap-south-1.elb.amazonaws.com/main.dart.js:55885
[  313516ms] [LOG] [AuthService] getToken() - token exists: true, token length: 327 @ http://semiconlab-staging-alb-124259420.ap-south-1.elb.amazonaws.com/main.dart.js:55885
[  313517ms] [LOG] [ApiService] GET Request: labs-api/start-status?domain_id=17 @ http://semiconlab-staging-alb-124259420.ap-south-1.elb.amazonaws.com/main.dart.js:55885
[  313517ms] [LOG] [ApiService] Headers: {Authorization: Bearer eyJhbGciOiJIUzI1NiIsInR5cCI6IkpXVCJ9.eyJlbWFpbCI6InN1cnlhLm5Ac2VtaWNvbm9zLmFpIiwic3ViIjo5NSwicm9sZSI6IkxlYXJuZXIiLCJvcmdJZCI6bnVsbCwidGVhbUlkIjpudWxsLCJhdmFpbGFibGVSb2xlcyI6W10sInNpZCI6ImI5NGVjYzQ3LTQ2MDItNDE5Zi1iMmY0LTViOTk1ODhhZjc2MSIsImlhdCI6MTc4NDc5OTY3MSwiZXhwIjoxNzg1NDA0NDcxfQ.XtqvvgxYi_43mtsjpbElbbWChpvHhFSh_eG6XYLo8oU} @ http://semiconlab-staging-alb-124259420.ap-south-1.elb.amazonaws.com/main.dart.js:55885
[  313614ms] [LOG] [ApiService] Response Status: 200 @ http://semiconlab-staging-alb-124259420.ap-south-1.elb.amazonaws.com/main.dart.js:55885
[  313615ms] [LOG] [ApiService] Response URL: http://semiconlab-staging-alb-124259420.ap-south-1.elb.amazonaws.com:3000/v1/labs-api/start-status?domain_id=17 @ http://semiconlab-staging-alb-124259420.ap-south-1.elb.amazonaws.com/main.dart.js:55885
[  318327ms] [LOG] [AuthService] getToken() - token exists: true, token length: 327 @ http://semiconlab-staging-alb-124259420.ap-south-1.elb.amazonaws.com/main.dart.js:55885
[  318327ms] [LOG] [ApiService] GET Request: labs-api/available-labs @ http://semiconlab-staging-alb-124259420.ap-south-1.elb.amazonaws.com/main.dart.js:55885
[  318327ms] [LOG] [ApiService] Headers: {Authorization: Bearer eyJhbGciOiJIUzI1NiIsInR5cCI6IkpXVCJ9.eyJlbWFpbCI6InN1cnlhLm5Ac2VtaWNvbm9zLmFpIiwic3ViIjo5NSwicm9sZSI6IkxlYXJuZXIiLCJvcmdJZCI6bnVsbCwidGVhbUlkIjpudWxsLCJhdmFpbGFibGVSb2xlcyI6W10sInNpZCI6ImI5NGVjYzQ3LTQ2MDItNDE5Zi1iMmY0LTViOTk1ODhhZjc2MSIsImlhdCI6MTc4NDc5OTY3MSwiZXhwIjoxNzg1NDA0NDcxfQ.XtqvvgxYi_43mtsjpbElbbWChpvHhFSh_eG6XYLo8oU} @ http://semiconlab-staging-alb-124259420.ap-south-1.elb.amazonaws.com/main.dart.js:55885
[  318431ms] [LOG] [ApiService] Response Status: 200 @ http://semiconlab-staging-alb-124259420.ap-south-1.elb.amazonaws.com/main.dart.js:55885
[  318431ms] [LOG] [ApiService] Response URL: http://semiconlab-staging-alb-124259420.ap-south-1.elb.amazonaws.com:3000/v1/labs-api/available-labs @ http://semiconlab-staging-alb-124259420.ap-south-1.elb.amazonaws.com/main.dart.js:55885
[  318431ms] [LOG] [AuthService] getToken() - token exists: true, token length: 327 @ http://semiconlab-staging-alb-124259420.ap-south-1.elb.amazonaws.com/main.dart.js:55885
[  318432ms] [LOG] [ApiService] GET Request: labs-api/start-status?domain_id=17 @ http://semiconlab-staging-alb-124259420.ap-south-1.elb.amazonaws.com/main.dart.js:55885
[  318432ms] [LOG] [ApiService] Headers: {Authorization: Bearer eyJhbGciOiJIUzI1NiIsInR5cCI6IkpXVCJ9.eyJlbWFpbCI6InN1cnlhLm5Ac2VtaWNvbm9zLmFpIiwic3ViIjo5NSwicm9sZSI6IkxlYXJuZXIiLCJvcmdJZCI6bnVsbCwidGVhbUlkIjpudWxsLCJhdmFpbGFibGVSb2xlcyI6W10sInNpZCI6ImI5NGVjYzQ3LTQ2MDItNDE5Zi1iMmY0LTViOTk1ODhhZjc2MSIsImlhdCI6MTc4NDc5OTY3MSwiZXhwIjoxNzg1NDA0NDcxfQ.XtqvvgxYi_43mtsjpbElbbWChpvHhFSh_eG6XYLo8oU} @ http://semiconlab-staging-alb-124259420.ap-south-1.elb.amazonaws.com/main.dart.js:55885
[  318776ms] [LOG] [ApiService] Response Status: 200 @ http://semiconlab-staging-alb-124259420.ap-south-1.elb.amazonaws.com/main.dart.js:55885
[  318776ms] [LOG] [ApiService] Response URL: http://semiconlab-staging-alb-124259420.ap-south-1.elb.amazonaws.com:3000/v1/labs-api/start-status?domain_id=17 @ http://semiconlab-staging-alb-124259420.ap-south-1.elb.amazonaws.com/main.dart.js:55885
[  323326ms] [LOG] [AuthService] getToken() - token exists: true, token length: 327 @ http://semiconlab-staging-alb-124259420.ap-south-1.elb.amazonaws.com/main.dart.js:55885
[  323327ms] [LOG] [ApiService] GET Request: labs-api/available-labs @ http://semiconlab-staging-alb-124259420.ap-south-1.elb.amazonaws.com/main.dart.js:55885
[  323327ms] [LOG] [ApiService] Headers: {Authorization: Bearer eyJhbGciOiJIUzI1NiIsInR5cCI6IkpXVCJ9.eyJlbWFpbCI6InN1cnlhLm5Ac2VtaWNvbm9zLmFpIiwic3ViIjo5NSwicm9sZSI6IkxlYXJuZXIiLCJvcmdJZCI6bnVsbCwidGVhbUlkIjpudWxsLCJhdmFpbGFibGVSb2xlcyI6W10sInNpZCI6ImI5NGVjYzQ3LTQ2MDItNDE5Zi1iMmY0LTViOTk1ODhhZjc2MSIsImlhdCI6MTc4NDc5OTY3MSwiZXhwIjoxNzg1NDA0NDcxfQ.XtqvvgxYi_43mtsjpbElbbWChpvHhFSh_eG6XYLo8oU} @ http://semiconlab-staging-alb-124259420.ap-south-1.elb.amazonaws.com/main.dart.js:55885
[  323457ms] [LOG] [ApiService] Response Status: 200 @ http://semiconlab-staging-alb-124259420.ap-south-1.elb.amazonaws.com/main.dart.js:55885
[  323457ms] [LOG] [ApiService] Response URL: http://semiconlab-staging-alb-124259420.ap-south-1.elb.amazonaws.com:3000/v1/labs-api/available-labs @ http://semiconlab-staging-alb-124259420.ap-south-1.elb.amazonaws.com/main.dart.js:55885
[  323458ms] [LOG] [AuthService] getToken() - token exists: true, token length: 327 @ http://semiconlab-staging-alb-124259420.ap-south-1.elb.amazonaws.com/main.dart.js:55885
[  323458ms] [LOG] [ApiService] GET Request: labs-api/start-status?domain_id=17 @ http://semiconlab-staging-alb-124259420.ap-south-1.elb.amazonaws.com/main.dart.js:55885
[  323458ms] [LOG] [ApiService] Headers: {Authorization: Bearer eyJhbGciOiJIUzI1NiIsInR5cCI6IkpXVCJ9.eyJlbWFpbCI6InN1cnlhLm5Ac2VtaWNvbm9zLmFpIiwic3ViIjo5NSwicm9sZSI6IkxlYXJuZXIiLCJvcmdJZCI6bnVsbCwidGVhbUlkIjpudWxsLCJhdmFpbGFibGVSb2xlcyI6W10sInNpZCI6ImI5NGVjYzQ3LTQ2MDItNDE5Zi1iMmY0LTViOTk1ODhhZjc2MSIsImlhdCI6MTc4NDc5OTY3MSwiZXhwIjoxNzg1NDA0NDcxfQ.XtqvvgxYi_43mtsjpbElbbWChpvHhFSh_eG6XYLo8oU} @ http://semiconlab-staging-alb-124259420.ap-south-1.elb.amazonaws.com/main.dart.js:55885
[  323530ms] [LOG] [ApiService] Response Status: 200 @ http://semiconlab-staging-alb-124259420.ap-south-1.elb.amazonaws.com/main.dart.js:55885
[  323530ms] [LOG] [ApiService] Response URL: http://semiconlab-staging-alb-124259420.ap-south-1.elb.amazonaws.com:3000/v1/labs-api/start-status?domain_id=17 @ http://semiconlab-staging-alb-124259420.ap-south-1.elb.amazonaws.com/main.dart.js:55885
[  328326ms] [LOG] [AuthService] getToken() - token exists: true, token length: 327 @ http://semiconlab-staging-alb-124259420.ap-south-1.elb.amazonaws.com/main.dart.js:55885
[  328327ms] [LOG] [ApiService] GET Request: labs-api/available-labs @ http://semiconlab-staging-alb-124259420.ap-south-1.elb.amazonaws.com/main.dart.js:55885
[  328327ms] [LOG] [ApiService] Headers: {Authorization: Bearer eyJhbGciOiJIUzI1NiIsInR5cCI6IkpXVCJ9.eyJlbWFpbCI6InN1cnlhLm5Ac2VtaWNvbm9zLmFpIiwic3ViIjo5NSwicm9sZSI6IkxlYXJuZXIiLCJvcmdJZCI6bnVsbCwidGVhbUlkIjpudWxsLCJhdmFpbGFibGVSb2xlcyI6W10sInNpZCI6ImI5NGVjYzQ3LTQ2MDItNDE5Zi1iMmY0LTViOTk1ODhhZjc2MSIsImlhdCI6MTc4NDc5OTY3MSwiZXhwIjoxNzg1NDA0NDcxfQ.XtqvvgxYi_43mtsjpbElbbWChpvHhFSh_eG6XYLo8oU} @ http://semiconlab-staging-alb-124259420.ap-south-1.elb.amazonaws.com/main.dart.js:55885
[  328430ms] [LOG] [ApiService] Response Status: 200 @ http://semiconlab-staging-alb-124259420.ap-south-1.elb.amazonaws.com/main.dart.js:55885
[  328430ms] [LOG] [ApiService] Response URL: http://semiconlab-staging-alb-124259420.ap-south-1.elb.amazonaws.com:3000/v1/labs-api/available-labs @ http://semiconlab-staging-alb-124259420.ap-south-1.elb.amazonaws.com/main.dart.js:55885
[  328431ms] [LOG] [AuthService] getToken() - token exists: true, token length: 327 @ http://semiconlab-staging-alb-124259420.ap-south-1.elb.amazonaws.com/main.dart.js:55885
[  328431ms] [LOG] [ApiService] GET Request: labs-api/start-status?domain_id=17 @ http://semiconlab-staging-alb-124259420.ap-south-1.elb.amazonaws.com/main.dart.js:55885
[  328431ms] [LOG] [ApiService] Headers: {Authorization: Bearer eyJhbGciOiJIUzI1NiIsInR5cCI6IkpXVCJ9.eyJlbWFpbCI6InN1cnlhLm5Ac2VtaWNvbm9zLmFpIiwic3ViIjo5NSwicm9sZSI6IkxlYXJuZXIiLCJvcmdJZCI6bnVsbCwidGVhbUlkIjpudWxsLCJhdmFpbGFibGVSb2xlcyI6W10sInNpZCI6ImI5NGVjYzQ3LTQ2MDItNDE5Zi1iMmY0LTViOTk1ODhhZjc2MSIsImlhdCI6MTc4NDc5OTY3MSwiZXhwIjoxNzg1NDA0NDcxfQ.XtqvvgxYi_43mtsjpbElbbWChpvHhFSh_eG6XYLo8oU} @ http://semiconlab-staging-alb-124259420.ap-south-1.elb.amazonaws.com/main.dart.js:55885
[  328471ms] [LOG] [ApiService] Response Status: 200 @ http://semiconlab-staging-alb-124259420.ap-south-1.elb.amazonaws.com/main.dart.js:55885
[  328471ms] [LOG] [ApiService] Response URL: http://semiconlab-staging-alb-124259420.ap-south-1.elb.amazonaws.com:3000/v1/labs-api/start-status?domain_id=17 @ http://semiconlab-staging-alb-124259420.ap-south-1.elb.amazonaws.com/main.dart.js:55885
[  333327ms] [LOG] [AuthService] getToken() - token exists: true, token length: 327 @ http://semiconlab-staging-alb-124259420.ap-south-1.elb.amazonaws.com/main.dart.js:55885
[  333327ms] [LOG] [ApiService] GET Request: labs-api/available-labs @ http://semiconlab-staging-alb-124259420.ap-south-1.elb.amazonaws.com/main.dart.js:55885
[  333328ms] [LOG] [ApiService] Headers: {Authorization: Bearer eyJhbGciOiJIUzI1NiIsInR5cCI6IkpXVCJ9.eyJlbWFpbCI6InN1cnlhLm5Ac2VtaWNvbm9zLmFpIiwic3ViIjo5NSwicm9sZSI6IkxlYXJuZXIiLCJvcmdJZCI6bnVsbCwidGVhbUlkIjpudWxsLCJhdmFpbGFibGVSb2xlcyI6W10sInNpZCI6ImI5NGVjYzQ3LTQ2MDItNDE5Zi1iMmY0LTViOTk1ODhhZjc2MSIsImlhdCI6MTc4NDc5OTY3MSwiZXhwIjoxNzg1NDA0NDcxfQ.XtqvvgxYi_43mtsjpbElbbWChpvHhFSh_eG6XYLo8oU} @ http://semiconlab-staging-alb-124259420.ap-south-1.elb.amazonaws.com/main.dart.js:55885
[  333476ms] [LOG] [ApiService] Response Status: 200 @ http://semiconlab-staging-alb-124259420.ap-south-1.elb.amazonaws.com/main.dart.js:55885
[  333476ms] [LOG] [ApiService] Response URL: http://semiconlab-staging-alb-124259420.ap-south-1.elb.amazonaws.com:3000/v1/labs-api/available-labs @ http://semiconlab-staging-alb-124259420.ap-south-1.elb.amazonaws.com/main.dart.js:55885
[  333476ms] [LOG] [AuthService] getToken() - token exists: true, token length: 327 @ http://semiconlab-staging-alb-124259420.ap-south-1.elb.amazonaws.com/main.dart.js:55885
[  333477ms] [LOG] [ApiService] GET Request: labs-api/start-status?domain_id=17 @ http://semiconlab-staging-alb-124259420.ap-south-1.elb.amazonaws.com/main.dart.js:55885
[  333477ms] [LOG] [ApiService] Headers: {Authorization: Bearer eyJhbGciOiJIUzI1NiIsInR5cCI6IkpXVCJ9.eyJlbWFpbCI6InN1cnlhLm5Ac2VtaWNvbm9zLmFpIiwic3ViIjo5NSwicm9sZSI6IkxlYXJuZXIiLCJvcmdJZCI6bnVsbCwidGVhbUlkIjpudWxsLCJhdmFpbGFibGVSb2xlcyI6W10sInNpZCI6ImI5NGVjYzQ3LTQ2MDItNDE5Zi1iMmY0LTViOTk1ODhhZjc2MSIsImlhdCI6MTc4NDc5OTY3MSwiZXhwIjoxNzg1NDA0NDcxfQ.XtqvvgxYi_43mtsjpbElbbWChpvHhFSh_eG6XYLo8oU} @ http://semiconlab-staging-alb-124259420.ap-south-1.elb.amazonaws.com/main.dart.js:55885
[  333540ms] [LOG] [ApiService] Response Status: 200 @ http://semiconlab-staging-alb-124259420.ap-south-1.elb.amazonaws.com/main.dart.js:55885
[  333540ms] [LOG] [ApiService] Response URL: http://semiconlab-staging-alb-124259420.ap-south-1.elb.amazonaws.com:3000/v1/labs-api/start-status?domain_id=17 @ http://semiconlab-staging-alb-124259420.ap-south-1.elb.amazonaws.com/main.dart.js:55885
[  338326ms] [LOG] [AuthService] getToken() - token exists: true, token length: 327 @ http://semiconlab-staging-alb-124259420.ap-south-1.elb.amazonaws.com/main.dart.js:55885
[  338327ms] [LOG] [ApiService] GET Request: labs-api/available-labs @ http://semiconlab-staging-alb-124259420.ap-south-1.elb.amazonaws.com/main.dart.js:55885
[  338327ms] [LOG] [ApiService] Headers: {Authorization: Bearer eyJhbGciOiJIUzI1NiIsInR5cCI6IkpXVCJ9.eyJlbWFpbCI6InN1cnlhLm5Ac2VtaWNvbm9zLmFpIiwic3ViIjo5NSwicm9sZSI6IkxlYXJuZXIiLCJvcmdJZCI6bnVsbCwidGVhbUlkIjpudWxsLCJhdmFpbGFibGVSb2xlcyI6W10sInNpZCI6ImI5NGVjYzQ3LTQ2MDItNDE5Zi1iMmY0LTViOTk1ODhhZjc2MSIsImlhdCI6MTc4NDc5OTY3MSwiZXhwIjoxNzg1NDA0NDcxfQ.XtqvvgxYi_43mtsjpbElbbWChpvHhFSh_eG6XYLo8oU} @ http://semiconlab-staging-alb-124259420.ap-south-1.elb.amazonaws.com/main.dart.js:55885
[  338419ms] [LOG] [ApiService] Response Status: 200 @ http://semiconlab-staging-alb-124259420.ap-south-1.elb.amazonaws.com/main.dart.js:55885
[  338419ms] [LOG] [ApiService] Response URL: http://semiconlab-staging-alb-124259420.ap-south-1.elb.amazonaws.com:3000/v1/labs-api/available-labs @ http://semiconlab-staging-alb-124259420.ap-south-1.elb.amazonaws.com/main.dart.js:55885
[  338419ms] [LOG] [AuthService] getToken() - token exists: true, token length: 327 @ http://semiconlab-staging-alb-124259420.ap-south-1.elb.amazonaws.com/main.dart.js:55885
[  338420ms] [LOG] [ApiService] GET Request: labs-api/start-status?domain_id=17 @ http://semiconlab-staging-alb-124259420.ap-south-1.elb.amazonaws.com/main.dart.js:55885
[  338420ms] [LOG] [ApiService] Headers: {Authorization: Bearer eyJhbGciOiJIUzI1NiIsInR5cCI6IkpXVCJ9.eyJlbWFpbCI6InN1cnlhLm5Ac2VtaWNvbm9zLmFpIiwic3ViIjo5NSwicm9sZSI6IkxlYXJuZXIiLCJvcmdJZCI6bnVsbCwidGVhbUlkIjpudWxsLCJhdmFpbGFibGVSb2xlcyI6W10sInNpZCI6ImI5NGVjYzQ3LTQ2MDItNDE5Zi1iMmY0LTViOTk1ODhhZjc2MSIsImlhdCI6MTc4NDc5OTY3MSwiZXhwIjoxNzg1NDA0NDcxfQ.XtqvvgxYi_43mtsjpbElbbWChpvHhFSh_eG6XYLo8oU} @ http://semiconlab-staging-alb-124259420.ap-south-1.elb.amazonaws.com/main.dart.js:55885
[  338458ms] [LOG] [ApiService] Response Status: 200 @ http://semiconlab-staging-alb-124259420.ap-south-1.elb.amazonaws.com/main.dart.js:55885
[  338459ms] [LOG] [ApiService] Response URL: http://semiconlab-staging-alb-124259420.ap-south-1.elb.amazonaws.com:3000/v1/labs-api/start-status?domain_id=17 @ http://semiconlab-staging-alb-124259420.ap-south-1.elb.amazonaws.com/main.dart.js:55885
[  343327ms] [LOG] [AuthService] getToken() - token exists: true, token length: 327 @ http://semiconlab-staging-alb-124259420.ap-south-1.elb.amazonaws.com/main.dart.js:55885
[  343327ms] [LOG] [ApiService] GET Request: labs-api/available-labs @ http://semiconlab-staging-alb-124259420.ap-south-1.elb.amazonaws.com/main.dart.js:55885
[  343328ms] [LOG] [ApiService] Headers: {Authorization: Bearer eyJhbGciOiJIUzI1NiIsInR5cCI6IkpXVCJ9.eyJlbWFpbCI6InN1cnlhLm5Ac2VtaWNvbm9zLmFpIiwic3ViIjo5NSwicm9sZSI6IkxlYXJuZXIiLCJvcmdJZCI6bnVsbCwidGVhbUlkIjpudWxsLCJhdmFpbGFibGVSb2xlcyI6W10sInNpZCI6ImI5NGVjYzQ3LTQ2MDItNDE5Zi1iMmY0LTViOTk1ODhhZjc2MSIsImlhdCI6MTc4NDc5OTY3MSwiZXhwIjoxNzg1NDA0NDcxfQ.XtqvvgxYi_43mtsjpbElbbWChpvHhFSh_eG6XYLo8oU} @ http://semiconlab-staging-alb-124259420.ap-south-1.elb.amazonaws.com/main.dart.js:55885
[  343454ms] [LOG] [ApiService] Response Status: 200 @ http://semiconlab-staging-alb-124259420.ap-south-1.elb.amazonaws.com/main.dart.js:55885
[  343454ms] [LOG] [ApiService] Response URL: http://semiconlab-staging-alb-124259420.ap-south-1.elb.amazonaws.com:3000/v1/labs-api/available-labs @ http://semiconlab-staging-alb-124259420.ap-south-1.elb.amazonaws.com/main.dart.js:55885
[  343454ms] [LOG] [AuthService] getToken() - token exists: true, token length: 327 @ http://semiconlab-staging-alb-124259420.ap-south-1.elb.amazonaws.com/main.dart.js:55885
[  343455ms] [LOG] [ApiService] GET Request: labs-api/start-status?domain_id=17 @ http://semiconlab-staging-alb-124259420.ap-south-1.elb.amazonaws.com/main.dart.js:55885
[  343455ms] [LOG] [ApiService] Headers: {Authorization: Bearer eyJhbGciOiJIUzI1NiIsInR5cCI6IkpXVCJ9.eyJlbWFpbCI6InN1cnlhLm5Ac2VtaWNvbm9zLmFpIiwic3ViIjo5NSwicm9sZSI6IkxlYXJuZXIiLCJvcmdJZCI6bnVsbCwidGVhbUlkIjpudWxsLCJhdmFpbGFibGVSb2xlcyI6W10sInNpZCI6ImI5NGVjYzQ3LTQ2MDItNDE5Zi1iMmY0LTViOTk1ODhhZjc2MSIsImlhdCI6MTc4NDc5OTY3MSwiZXhwIjoxNzg1NDA0NDcxfQ.XtqvvgxYi_43mtsjpbElbbWChpvHhFSh_eG6XYLo8oU} @ http://semiconlab-staging-alb-124259420.ap-south-1.elb.amazonaws.com/main.dart.js:55885
[  343534ms] [LOG] [ApiService] Response Status: 200 @ http://semiconlab-staging-alb-124259420.ap-south-1.elb.amazonaws.com/main.dart.js:55885
[  343534ms] [LOG] [ApiService] Response URL: http://semiconlab-staging-alb-124259420.ap-south-1.elb.amazonaws.com:3000/v1/labs-api/start-status?domain_id=17 @ http://semiconlab-staging-alb-124259420.ap-south-1.elb.amazonaws.com/main.dart.js:55885
[  348326ms] [LOG] [AuthService] getToken() - token exists: true, token length: 327 @ http://semiconlab-staging-alb-124259420.ap-south-1.elb.amazonaws.com/main.dart.js:55885
[  348327ms] [LOG] [ApiService] GET Request: labs-api/available-labs @ http://semiconlab-staging-alb-124259420.ap-south-1.elb.amazonaws.com/main.dart.js:55885
[  348327ms] [LOG] [ApiService] Headers: {Authorization: Bearer eyJhbGciOiJIUzI1NiIsInR5cCI6IkpXVCJ9.eyJlbWFpbCI6InN1cnlhLm5Ac2VtaWNvbm9zLmFpIiwic3ViIjo5NSwicm9sZSI6IkxlYXJuZXIiLCJvcmdJZCI6bnVsbCwidGVhbUlkIjpudWxsLCJhdmFpbGFibGVSb2xlcyI6W10sInNpZCI6ImI5NGVjYzQ3LTQ2MDItNDE5Zi1iMmY0LTViOTk1ODhhZjc2MSIsImlhdCI6MTc4NDc5OTY3MSwiZXhwIjoxNzg1NDA0NDcxfQ.XtqvvgxYi_43mtsjpbElbbWChpvHhFSh_eG6XYLo8oU} @ http://semiconlab-staging-alb-124259420.ap-south-1.elb.amazonaws.com/main.dart.js:55885
[  348422ms] [LOG] [ApiService] Response Status: 200 @ http://semiconlab-staging-alb-124259420.ap-south-1.elb.amazonaws.com/main.dart.js:55885
[  348423ms] [LOG] [ApiService] Response URL: http://semiconlab-staging-alb-124259420.ap-south-1.elb.amazonaws.com:3000/v1/labs-api/available-labs @ http://semiconlab-staging-alb-124259420.ap-south-1.elb.amazonaws.com/main.dart.js:55885
[  348423ms] [LOG] [AuthService] getToken() - token exists: true, token length: 327 @ http://semiconlab-staging-alb-124259420.ap-south-1.elb.amazonaws.com/main.dart.js:55885
[  348423ms] [LOG] [ApiService] GET Request: labs-api/start-status?domain_id=17 @ http://semiconlab-staging-alb-124259420.ap-south-1.elb.amazonaws.com/main.dart.js:55885
[  348423ms] [LOG] [ApiService] Headers: {Authorization: Bearer eyJhbGciOiJIUzI1NiIsInR5cCI6IkpXVCJ9.eyJlbWFpbCI6InN1cnlhLm5Ac2VtaWNvbm9zLmFpIiwic3ViIjo5NSwicm9sZSI6IkxlYXJuZXIiLCJvcmdJZCI6bnVsbCwidGVhbUlkIjpudWxsLCJhdmFpbGFibGVSb2xlcyI6W10sInNpZCI6ImI5NGVjYzQ3LTQ2MDItNDE5Zi1iMmY0LTViOTk1ODhhZjc2MSIsImlhdCI6MTc4NDc5OTY3MSwiZXhwIjoxNzg1NDA0NDcxfQ.XtqvvgxYi_43mtsjpbElbbWChpvHhFSh_eG6XYLo8oU} @ http://semiconlab-staging-alb-124259420.ap-south-1.elb.amazonaws.com/main.dart.js:55885
[  348467ms] [LOG] [ApiService] Response Status: 200 @ http://semiconlab-staging-alb-124259420.ap-south-1.elb.amazonaws.com/main.dart.js:55885
[  348467ms] [LOG] [ApiService] Response URL: http://semiconlab-staging-alb-124259420.ap-south-1.elb.amazonaws.com:3000/v1/labs-api/start-status?domain_id=17 @ http://semiconlab-staging-alb-124259420.ap-south-1.elb.amazonaws.com/main.dart.js:55885
[  353326ms] [LOG] [AuthService] getToken() - token exists: true, token length: 327 @ http://semiconlab-staging-alb-124259420.ap-south-1.elb.amazonaws.com/main.dart.js:55885
[  353327ms] [LOG] [ApiService] GET Request: labs-api/available-labs @ http://semiconlab-staging-alb-124259420.ap-south-1.elb.amazonaws.com/main.dart.js:55885
[  353327ms] [LOG] [ApiService] Headers: {Authorization: Bearer eyJhbGciOiJIUzI1NiIsInR5cCI6IkpXVCJ9.eyJlbWFpbCI6InN1cnlhLm5Ac2VtaWNvbm9zLmFpIiwic3ViIjo5NSwicm9sZSI6IkxlYXJuZXIiLCJvcmdJZCI6bnVsbCwidGVhbUlkIjpudWxsLCJhdmFpbGFibGVSb2xlcyI6W10sInNpZCI6ImI5NGVjYzQ3LTQ2MDItNDE5Zi1iMmY0LTViOTk1ODhhZjc2MSIsImlhdCI6MTc4NDc5OTY3MSwiZXhwIjoxNzg1NDA0NDcxfQ.XtqvvgxYi_43mtsjpbElbbWChpvHhFSh_eG6XYLo8oU} @ http://semiconlab-staging-alb-124259420.ap-south-1.elb.amazonaws.com/main.dart.js:55885
[  353447ms] [LOG] [ApiService] Response Status: 200 @ http://semiconlab-staging-alb-124259420.ap-south-1.elb.amazonaws.com/main.dart.js:55885
[  353447ms] [LOG] [ApiService] Response URL: http://semiconlab-staging-alb-124259420.ap-south-1.elb.amazonaws.com:3000/v1/labs-api/available-labs @ http://semiconlab-staging-alb-124259420.ap-south-1.elb.amazonaws.com/main.dart.js:55885
[  353447ms] [LOG] [AuthService] getToken() - token exists: true, token length: 327 @ http://semiconlab-staging-alb-124259420.ap-south-1.elb.amazonaws.com/main.dart.js:55885
[  353448ms] [LOG] [ApiService] GET Request: labs-api/start-status?domain_id=17 @ http://semiconlab-staging-alb-124259420.ap-south-1.elb.amazonaws.com/main.dart.js:55885
[  353448ms] [LOG] [ApiService] Headers: {Authorization: Bearer eyJhbGciOiJIUzI1NiIsInR5cCI6IkpXVCJ9.eyJlbWFpbCI6InN1cnlhLm5Ac2VtaWNvbm9zLmFpIiwic3ViIjo5NSwicm9sZSI6IkxlYXJuZXIiLCJvcmdJZCI6bnVsbCwidGVhbUlkIjpudWxsLCJhdmFpbGFibGVSb2xlcyI6W10sInNpZCI6ImI5NGVjYzQ3LTQ2MDItNDE5Zi1iMmY0LTViOTk1ODhhZjc2MSIsImlhdCI6MTc4NDc5OTY3MSwiZXhwIjoxNzg1NDA0NDcxfQ.XtqvvgxYi_43mtsjpbElbbWChpvHhFSh_eG6XYLo8oU} @ http://semiconlab-staging-alb-124259420.ap-south-1.elb.amazonaws.com/main.dart.js:55885
[  353524ms] [LOG] [ApiService] Response Status: 200 @ http://semiconlab-staging-alb-124259420.ap-south-1.elb.amazonaws.com/main.dart.js:55885
[  353524ms] [LOG] [ApiService] Response URL: http://semiconlab-staging-alb-124259420.ap-south-1.elb.amazonaws.com:3000/v1/labs-api/start-status?domain_id=17 @ http://semiconlab-staging-alb-124259420.ap-south-1.elb.amazonaws.com/main.dart.js:55885
[  358326ms] [LOG] [AuthService] getToken() - token exists: true, token length: 327 @ http://semiconlab-staging-alb-124259420.ap-south-1.elb.amazonaws.com/main.dart.js:55885
[  358327ms] [LOG] [ApiService] GET Request: labs-api/available-labs @ http://semiconlab-staging-alb-124259420.ap-south-1.elb.amazonaws.com/main.dart.js:55885
[  358327ms] [LOG] [ApiService] Headers: {Authorization: Bearer eyJhbGciOiJIUzI1NiIsInR5cCI6IkpXVCJ9.eyJlbWFpbCI6InN1cnlhLm5Ac2VtaWNvbm9zLmFpIiwic3ViIjo5NSwicm9sZSI6IkxlYXJuZXIiLCJvcmdJZCI6bnVsbCwidGVhbUlkIjpudWxsLCJhdmFpbGFibGVSb2xlcyI6W10sInNpZCI6ImI5NGVjYzQ3LTQ2MDItNDE5Zi1iMmY0LTViOTk1ODhhZjc2MSIsImlhdCI6MTc4NDc5OTY3MSwiZXhwIjoxNzg1NDA0NDcxfQ.XtqvvgxYi_43mtsjpbElbbWChpvHhFSh_eG6XYLo8oU} @ http://semiconlab-staging-alb-124259420.ap-south-1.elb.amazonaws.com/main.dart.js:55885
[  358454ms] [LOG] [ApiService] Response Status: 200 @ http://semiconlab-staging-alb-124259420.ap-south-1.elb.amazonaws.com/main.dart.js:55885
[  358454ms] [LOG] [ApiService] Response URL: http://semiconlab-staging-alb-124259420.ap-south-1.elb.amazonaws.com:3000/v1/labs-api/available-labs @ http://semiconlab-staging-alb-124259420.ap-south-1.elb.amazonaws.com/main.dart.js:55885
[  358454ms] [LOG] [AuthService] getToken() - token exists: true, token length: 327 @ http://semiconlab-staging-alb-124259420.ap-south-1.elb.amazonaws.com/main.dart.js:55885
[  358455ms] [LOG] [ApiService] GET Request: labs-api/start-status?domain_id=17 @ http://semiconlab-staging-alb-124259420.ap-south-1.elb.amazonaws.com/main.dart.js:55885
[  358455ms] [LOG] [ApiService] Headers: {Authorization: Bearer eyJhbGciOiJIUzI1NiIsInR5cCI6IkpXVCJ9.eyJlbWFpbCI6InN1cnlhLm5Ac2VtaWNvbm9zLmFpIiwic3ViIjo5NSwicm9sZSI6IkxlYXJuZXIiLCJvcmdJZCI6bnVsbCwidGVhbUlkIjpudWxsLCJhdmFpbGFibGVSb2xlcyI6W10sInNpZCI6ImI5NGVjYzQ3LTQ2MDItNDE5Zi1iMmY0LTViOTk1ODhhZjc2MSIsImlhdCI6MTc4NDc5OTY3MSwiZXhwIjoxNzg1NDA0NDcxfQ.XtqvvgxYi_43mtsjpbElbbWChpvHhFSh_eG6XYLo8oU} @ http://semiconlab-staging-alb-124259420.ap-south-1.elb.amazonaws.com/main.dart.js:55885
[  358499ms] [LOG] [ApiService] Response Status: 200 @ http://semiconlab-staging-alb-124259420.ap-south-1.elb.amazonaws.com/main.dart.js:55885
[  358499ms] [LOG] [ApiService] Response URL: http://semiconlab-staging-alb-124259420.ap-south-1.elb.amazonaws.com:3000/v1/labs-api/start-status?domain_id=17 @ http://semiconlab-staging-alb-124259420.ap-south-1.elb.amazonaws.com/main.dart.js:55885
[  363327ms] [LOG] [AuthService] getToken() - token exists: true, token length: 327 @ http://semiconlab-staging-alb-124259420.ap-south-1.elb.amazonaws.com/main.dart.js:55885
[  363327ms] [LOG] [ApiService] GET Request: labs-api/available-labs @ http://semiconlab-staging-alb-124259420.ap-south-1.elb.amazonaws.com/main.dart.js:55885
[  363327ms] [LOG] [ApiService] Headers: {Authorization: Bearer eyJhbGciOiJIUzI1NiIsInR5cCI6IkpXVCJ9.eyJlbWFpbCI6InN1cnlhLm5Ac2VtaWNvbm9zLmFpIiwic3ViIjo5NSwicm9sZSI6IkxlYXJuZXIiLCJvcmdJZCI6bnVsbCwidGVhbUlkIjpudWxsLCJhdmFpbGFibGVSb2xlcyI6W10sInNpZCI6ImI5NGVjYzQ3LTQ2MDItNDE5Zi1iMmY0LTViOTk1ODhhZjc2MSIsImlhdCI6MTc4NDc5OTY3MSwiZXhwIjoxNzg1NDA0NDcxfQ.XtqvvgxYi_43mtsjpbElbbWChpvHhFSh_eG6XYLo8oU} @ http://semiconlab-staging-alb-124259420.ap-south-1.elb.amazonaws.com/main.dart.js:55885
[  363455ms] [LOG] [ApiService] Response Status: 200 @ http://semiconlab-staging-alb-124259420.ap-south-1.elb.amazonaws.com/main.dart.js:55885
[  363455ms] [LOG] [ApiService] Response URL: http://semiconlab-staging-alb-124259420.ap-south-1.elb.amazonaws.com:3000/v1/labs-api/available-labs @ http://semiconlab-staging-alb-124259420.ap-south-1.elb.amazonaws.com/main.dart.js:55885
[  363455ms] [LOG] [AuthService] getToken() - token exists: true, token length: 327 @ http://semiconlab-staging-alb-124259420.ap-south-1.elb.amazonaws.com/main.dart.js:55885
[  363456ms] [LOG] [ApiService] GET Request: labs-api/start-status?domain_id=17 @ http://semiconlab-staging-alb-124259420.ap-south-1.elb.amazonaws.com/main.dart.js:55885
[  363456ms] [LOG] [ApiService] Headers: {Authorization: Bearer eyJhbGciOiJIUzI1NiIsInR5cCI6IkpXVCJ9.eyJlbWFpbCI6InN1cnlhLm5Ac2VtaWNvbm9zLmFpIiwic3ViIjo5NSwicm9sZSI6IkxlYXJuZXIiLCJvcmdJZCI6bnVsbCwidGVhbUlkIjpudWxsLCJhdmFpbGFibGVSb2xlcyI6W10sInNpZCI6ImI5NGVjYzQ3LTQ2MDItNDE5Zi1iMmY0LTViOTk1ODhhZjc2MSIsImlhdCI6MTc4NDc5OTY3MSwiZXhwIjoxNzg1NDA0NDcxfQ.XtqvvgxYi_43mtsjpbElbbWChpvHhFSh_eG6XYLo8oU} @ http://semiconlab-staging-alb-124259420.ap-south-1.elb.amazonaws.com/main.dart.js:55885
[  363537ms] [LOG] [ApiService] Response Status: 200 @ http://semiconlab-staging-alb-124259420.ap-south-1.elb.amazonaws.com/main.dart.js:55885
[  363537ms] [LOG] [ApiService] Response URL: http://semiconlab-staging-alb-124259420.ap-south-1.elb.amazonaws.com:3000/v1/labs-api/start-status?domain_id=17 @ http://semiconlab-staging-alb-124259420.ap-south-1.elb.amazonaws.com/main.dart.js:55885
[  368326ms] [LOG] [AuthService] getToken() - token exists: true, token length: 327 @ http://semiconlab-staging-alb-124259420.ap-south-1.elb.amazonaws.com/main.dart.js:55885
[  368327ms] [LOG] [ApiService] GET Request: labs-api/available-labs @ http://semiconlab-staging-alb-124259420.ap-south-1.elb.amazonaws.com/main.dart.js:55885
[  368327ms] [LOG] [ApiService] Headers: {Authorization: Bearer eyJhbGciOiJIUzI1NiIsInR5cCI6IkpXVCJ9.eyJlbWFpbCI6InN1cnlhLm5Ac2VtaWNvbm9zLmFpIiwic3ViIjo5NSwicm9sZSI6IkxlYXJuZXIiLCJvcmdJZCI6bnVsbCwidGVhbUlkIjpudWxsLCJhdmFpbGFibGVSb2xlcyI6W10sInNpZCI6ImI5NGVjYzQ3LTQ2MDItNDE5Zi1iMmY0LTViOTk1ODhhZjc2MSIsImlhdCI6MTc4NDc5OTY3MSwiZXhwIjoxNzg1NDA0NDcxfQ.XtqvvgxYi_43mtsjpbElbbWChpvHhFSh_eG6XYLo8oU} @ http://semiconlab-staging-alb-124259420.ap-south-1.elb.amazonaws.com/main.dart.js:55885
[  368428ms] [LOG] [ApiService] Response Status: 200 @ http://semiconlab-staging-alb-124259420.ap-south-1.elb.amazonaws.com/main.dart.js:55885
[  368429ms] [LOG] [ApiService] Response URL: http://semiconlab-staging-alb-124259420.ap-south-1.elb.amazonaws.com:3000/v1/labs-api/available-labs @ http://semiconlab-staging-alb-124259420.ap-south-1.elb.amazonaws.com/main.dart.js:55885
[  368429ms] [LOG] [AuthService] getToken() - token exists: true, token length: 327 @ http://semiconlab-staging-alb-124259420.ap-south-1.elb.amazonaws.com/main.dart.js:55885
[  368429ms] [LOG] [ApiService] GET Request: labs-api/start-status?domain_id=17 @ http://semiconlab-staging-alb-124259420.ap-south-1.elb.amazonaws.com/main.dart.js:55885
[  368430ms] [LOG] [ApiService] Headers: {Authorization: Bearer eyJhbGciOiJIUzI1NiIsInR5cCI6IkpXVCJ9.eyJlbWFpbCI6InN1cnlhLm5Ac2VtaWNvbm9zLmFpIiwic3ViIjo5NSwicm9sZSI6IkxlYXJuZXIiLCJvcmdJZCI6bnVsbCwidGVhbUlkIjpudWxsLCJhdmFpbGFibGVSb2xlcyI6W10sInNpZCI6ImI5NGVjYzQ3LTQ2MDItNDE5Zi1iMmY0LTViOTk1ODhhZjc2MSIsImlhdCI6MTc4NDc5OTY3MSwiZXhwIjoxNzg1NDA0NDcxfQ.XtqvvgxYi_43mtsjpbElbbWChpvHhFSh_eG6XYLo8oU} @ http://semiconlab-staging-alb-124259420.ap-south-1.elb.amazonaws.com/main.dart.js:55885
[  368480ms] [LOG] [ApiService] Response Status: 200 @ http://semiconlab-staging-alb-124259420.ap-south-1.elb.amazonaws.com/main.dart.js:55885
[  368481ms] [LOG] [ApiService] Response URL: http://semiconlab-staging-alb-124259420.ap-south-1.elb.amazonaws.com:3000/v1/labs-api/start-status?domain_id=17 @ http://semiconlab-staging-alb-124259420.ap-south-1.elb.amazonaws.com/main.dart.js:55885
[  373327ms] [LOG] [AuthService] getToken() - token exists: true, token length: 327 @ http://semiconlab-staging-alb-124259420.ap-south-1.elb.amazonaws.com/main.dart.js:55885
[  373327ms] [LOG] [ApiService] GET Request: labs-api/available-labs @ http://semiconlab-staging-alb-124259420.ap-south-1.elb.amazonaws.com/main.dart.js:55885
[  373327ms] [LOG] [ApiService] Headers: {Authorization: Bearer eyJhbGciOiJIUzI1NiIsInR5cCI6IkpXVCJ9.eyJlbWFpbCI6InN1cnlhLm5Ac2VtaWNvbm9zLmFpIiwic3ViIjo5NSwicm9sZSI6IkxlYXJuZXIiLCJvcmdJZCI6bnVsbCwidGVhbUlkIjpudWxsLCJhdmFpbGFibGVSb2xlcyI6W10sInNpZCI6ImI5NGVjYzQ3LTQ2MDItNDE5Zi1iMmY0LTViOTk1ODhhZjc2MSIsImlhdCI6MTc4NDc5OTY3MSwiZXhwIjoxNzg1NDA0NDcxfQ.XtqvvgxYi_43mtsjpbElbbWChpvHhFSh_eG6XYLo8oU} @ http://semiconlab-staging-alb-124259420.ap-south-1.elb.amazonaws.com/main.dart.js:55885
[  373443ms] [LOG] [ApiService] Response Status: 200 @ http://semiconlab-staging-alb-124259420.ap-south-1.elb.amazonaws.com/main.dart.js:55885
[  373443ms] [LOG] [ApiService] Response URL: http://semiconlab-staging-alb-124259420.ap-south-1.elb.amazonaws.com:3000/v1/labs-api/available-labs @ http://semiconlab-staging-alb-124259420.ap-south-1.elb.amazonaws.com/main.dart.js:55885
[  373443ms] [LOG] [AuthService] getToken() - token exists: true, token length: 327 @ http://semiconlab-staging-alb-124259420.ap-south-1.elb.amazonaws.com/main.dart.js:55885
[  373444ms] [LOG] [ApiService] GET Request: labs-api/start-status?domain_id=17 @ http://semiconlab-staging-alb-124259420.ap-south-1.elb.amazonaws.com/main.dart.js:55885
[  373444ms] [LOG] [ApiService] Headers: {Authorization: Bearer eyJhbGciOiJIUzI1NiIsInR5cCI6IkpXVCJ9.eyJlbWFpbCI6InN1cnlhLm5Ac2VtaWNvbm9zLmFpIiwic3ViIjo5NSwicm9sZSI6IkxlYXJuZXIiLCJvcmdJZCI6bnVsbCwidGVhbUlkIjpudWxsLCJhdmFpbGFibGVSb2xlcyI6W10sInNpZCI6ImI5NGVjYzQ3LTQ2MDItNDE5Zi1iMmY0LTViOTk1ODhhZjc2MSIsImlhdCI6MTc4NDc5OTY3MSwiZXhwIjoxNzg1NDA0NDcxfQ.XtqvvgxYi_43mtsjpbElbbWChpvHhFSh_eG6XYLo8oU} @ http://semiconlab-staging-alb-124259420.ap-south-1.elb.amazonaws.com/main.dart.js:55885
[  373516ms] [LOG] [ApiService] Response Status: 200 @ http://semiconlab-staging-alb-124259420.ap-south-1.elb.amazonaws.com/main.dart.js:55885
[  373517ms] [LOG] [ApiService] Response URL: http://semiconlab-staging-alb-124259420.ap-south-1.elb.amazonaws.com:3000/v1/labs-api/start-status?domain_id=17 @ http://semiconlab-staging-alb-124259420.ap-south-1.elb.amazonaws.com/main.dart.js:55885
[  378326ms] [LOG] [AuthService] getToken() - token exists: true, token length: 327 @ http://semiconlab-staging-alb-124259420.ap-south-1.elb.amazonaws.com/main.dart.js:55885
[  378327ms] [LOG] [ApiService] GET Request: labs-api/available-labs @ http://semiconlab-staging-alb-124259420.ap-south-1.elb.amazonaws.com/main.dart.js:55885
[  378327ms] [LOG] [ApiService] Headers: {Authorization: Bearer eyJhbGciOiJIUzI1NiIsInR5cCI6IkpXVCJ9.eyJlbWFpbCI6InN1cnlhLm5Ac2VtaWNvbm9zLmFpIiwic3ViIjo5NSwicm9sZSI6IkxlYXJuZXIiLCJvcmdJZCI6bnVsbCwidGVhbUlkIjpudWxsLCJhdmFpbGFibGVSb2xlcyI6W10sInNpZCI6ImI5NGVjYzQ3LTQ2MDItNDE5Zi1iMmY0LTViOTk1ODhhZjc2MSIsImlhdCI6MTc4NDc5OTY3MSwiZXhwIjoxNzg1NDA0NDcxfQ.XtqvvgxYi_43mtsjpbElbbWChpvHhFSh_eG6XYLo8oU} @ http://semiconlab-staging-alb-124259420.ap-south-1.elb.amazonaws.com/main.dart.js:55885
[  378508ms] [LOG] [ApiService] Response Status: 200 @ http://semiconlab-staging-alb-124259420.ap-south-1.elb.amazonaws.com/main.dart.js:55885
[  378508ms] [LOG] [ApiService] Response URL: http://semiconlab-staging-alb-124259420.ap-south-1.elb.amazonaws.com:3000/v1/labs-api/available-labs @ http://semiconlab-staging-alb-124259420.ap-south-1.elb.amazonaws.com/main.dart.js:55885
[  378509ms] [LOG] [AuthService] getToken() - token exists: true, token length: 327 @ http://semiconlab-staging-alb-124259420.ap-south-1.elb.amazonaws.com/main.dart.js:55885
[  378509ms] [LOG] [ApiService] GET Request: labs-api/start-status?domain_id=17 @ http://semiconlab-staging-alb-124259420.ap-south-1.elb.amazonaws.com/main.dart.js:55885
[  378509ms] [LOG] [ApiService] Headers: {Authorization: Bearer eyJhbGciOiJIUzI1NiIsInR5cCI6IkpXVCJ9.eyJlbWFpbCI6InN1cnlhLm5Ac2VtaWNvbm9zLmFpIiwic3ViIjo5NSwicm9sZSI6IkxlYXJuZXIiLCJvcmdJZCI6bnVsbCwidGVhbUlkIjpudWxsLCJhdmFpbGFibGVSb2xlcyI6W10sInNpZCI6ImI5NGVjYzQ3LTQ2MDItNDE5Zi1iMmY0LTViOTk1ODhhZjc2MSIsImlhdCI6MTc4NDc5OTY3MSwiZXhwIjoxNzg1NDA0NDcxfQ.XtqvvgxYi_43mtsjpbElbbWChpvHhFSh_eG6XYLo8oU} @ http://semiconlab-staging-alb-124259420.ap-south-1.elb.amazonaws.com/main.dart.js:55885
[  378792ms] [LOG] [ApiService] Response Status: 200 @ http://semiconlab-staging-alb-124259420.ap-south-1.elb.amazonaws.com/main.dart.js:55885
[  378793ms] [LOG] [ApiService] Response URL: http://semiconlab-staging-alb-124259420.ap-south-1.elb.amazonaws.com:3000/v1/labs-api/start-status?domain_id=17 @ http://semiconlab-staging-alb-124259420.ap-south-1.elb.amazonaws.com/main.dart.js:55885
[  383326ms] [LOG] [AuthService] getToken() - token exists: true, token length: 327 @ http://semiconlab-staging-alb-124259420.ap-south-1.elb.amazonaws.com/main.dart.js:55885
[  383327ms] [LOG] [ApiService] GET Request: labs-api/available-labs @ http://semiconlab-staging-alb-124259420.ap-south-1.elb.amazonaws.com/main.dart.js:55885
[  383327ms] [LOG] [ApiService] Headers: {Authorization: Bearer eyJhbGciOiJIUzI1NiIsInR5cCI6IkpXVCJ9.eyJlbWFpbCI6InN1cnlhLm5Ac2VtaWNvbm9zLmFpIiwic3ViIjo5NSwicm9sZSI6IkxlYXJuZXIiLCJvcmdJZCI6bnVsbCwidGVhbUlkIjpudWxsLCJhdmFpbGFibGVSb2xlcyI6W10sInNpZCI6ImI5NGVjYzQ3LTQ2MDItNDE5Zi1iMmY0LTViOTk1ODhhZjc2MSIsImlhdCI6MTc4NDc5OTY3MSwiZXhwIjoxNzg1NDA0NDcxfQ.XtqvvgxYi_43mtsjpbElbbWChpvHhFSh_eG6XYLo8oU} @ http://semiconlab-staging-alb-124259420.ap-south-1.elb.amazonaws.com/main.dart.js:55885
[  383459ms] [LOG] [ApiService] Response Status: 200 @ http://semiconlab-staging-alb-124259420.ap-south-1.elb.amazonaws.com/main.dart.js:55885
[  383459ms] [LOG] [ApiService] Response URL: http://semiconlab-staging-alb-124259420.ap-south-1.elb.amazonaws.com:3000/v1/labs-api/available-labs @ http://semiconlab-staging-alb-124259420.ap-south-1.elb.amazonaws.com/main.dart.js:55885
[  383460ms] [LOG] [AuthService] getToken() - token exists: true, token length: 327 @ http://semiconlab-staging-alb-124259420.ap-south-1.elb.amazonaws.com/main.dart.js:55885
[  383460ms] [LOG] [ApiService] GET Request: labs-api/start-status?domain_id=17 @ http://semiconlab-staging-alb-124259420.ap-south-1.elb.amazonaws.com/main.dart.js:55885
[  383460ms] [LOG] [ApiService] Headers: {Authorization: Bearer eyJhbGciOiJIUzI1NiIsInR5cCI6IkpXVCJ9.eyJlbWFpbCI6InN1cnlhLm5Ac2VtaWNvbm9zLmFpIiwic3ViIjo5NSwicm9sZSI6IkxlYXJuZXIiLCJvcmdJZCI6bnVsbCwidGVhbUlkIjpudWxsLCJhdmFpbGFibGVSb2xlcyI6W10sInNpZCI6ImI5NGVjYzQ3LTQ2MDItNDE5Zi1iMmY0LTViOTk1ODhhZjc2MSIsImlhdCI6MTc4NDc5OTY3MSwiZXhwIjoxNzg1NDA0NDcxfQ.XtqvvgxYi_43mtsjpbElbbWChpvHhFSh_eG6XYLo8oU} @ http://semiconlab-staging-alb-124259420.ap-south-1.elb.amazonaws.com/main.dart.js:55885
[  383506ms] [LOG] [ApiService] Response Status: 200 @ http://semiconlab-staging-alb-124259420.ap-south-1.elb.amazonaws.com/main.dart.js:55885
[  383506ms] [LOG] [ApiService] Response URL: http://semiconlab-staging-alb-124259420.ap-south-1.elb.amazonaws.com:3000/v1/labs-api/start-status?domain_id=17 @ http://semiconlab-staging-alb-124259420.ap-south-1.elb.amazonaws.com/main.dart.js:55885
[  388326ms] [LOG] [AuthService] getToken() - token exists: true, token length: 327 @ http://semiconlab-staging-alb-124259420.ap-south-1.elb.amazonaws.com/main.dart.js:55885
[  388327ms] [LOG] [ApiService] GET Request: labs-api/available-labs @ http://semiconlab-staging-alb-124259420.ap-south-1.elb.amazonaws.com/main.dart.js:55885
[  388327ms] [LOG] [ApiService] Headers: {Authorization: Bearer eyJhbGciOiJIUzI1NiIsInR5cCI6IkpXVCJ9.eyJlbWFpbCI6InN1cnlhLm5Ac2VtaWNvbm9zLmFpIiwic3ViIjo5NSwicm9sZSI6IkxlYXJuZXIiLCJvcmdJZCI6bnVsbCwidGVhbUlkIjpudWxsLCJhdmFpbGFibGVSb2xlcyI6W10sInNpZCI6ImI5NGVjYzQ3LTQ2MDItNDE5Zi1iMmY0LTViOTk1ODhhZjc2MSIsImlhdCI6MTc4NDc5OTY3MSwiZXhwIjoxNzg1NDA0NDcxfQ.XtqvvgxYi_43mtsjpbElbbWChpvHhFSh_eG6XYLo8oU} @ http://semiconlab-staging-alb-124259420.ap-south-1.elb.amazonaws.com/main.dart.js:55885
[  388457ms] [LOG] [ApiService] Response Status: 200 @ http://semiconlab-staging-alb-124259420.ap-south-1.elb.amazonaws.com/main.dart.js:55885
[  388458ms] [LOG] [ApiService] Response URL: http://semiconlab-staging-alb-124259420.ap-south-1.elb.amazonaws.com:3000/v1/labs-api/available-labs @ http://semiconlab-staging-alb-124259420.ap-south-1.elb.amazonaws.com/main.dart.js:55885
[  388458ms] [LOG] [AuthService] getToken() - token exists: true, token length: 327 @ http://semiconlab-staging-alb-124259420.ap-south-1.elb.amazonaws.com/main.dart.js:55885
[  388459ms] [LOG] [ApiService] GET Request: labs-api/start-status?domain_id=17 @ http://semiconlab-staging-alb-124259420.ap-south-1.elb.amazonaws.com/main.dart.js:55885
[  388459ms] [LOG] [ApiService] Headers: {Authorization: Bearer eyJhbGciOiJIUzI1NiIsInR5cCI6IkpXVCJ9.eyJlbWFpbCI6InN1cnlhLm5Ac2VtaWNvbm9zLmFpIiwic3ViIjo5NSwicm9sZSI6IkxlYXJuZXIiLCJvcmdJZCI6bnVsbCwidGVhbUlkIjpudWxsLCJhdmFpbGFibGVSb2xlcyI6W10sInNpZCI6ImI5NGVjYzQ3LTQ2MDItNDE5Zi1iMmY0LTViOTk1ODhhZjc2MSIsImlhdCI6MTc4NDc5OTY3MSwiZXhwIjoxNzg1NDA0NDcxfQ.XtqvvgxYi_43mtsjpbElbbWChpvHhFSh_eG6XYLo8oU} @ http://semiconlab-staging-alb-124259420.ap-south-1.elb.amazonaws.com/main.dart.js:55885
[  388531ms] [LOG] [ApiService] Response Status: 200 @ http://semiconlab-staging-alb-124259420.ap-south-1.elb.amazonaws.com/main.dart.js:55885
[  388531ms] [LOG] [ApiService] Response URL: http://semiconlab-staging-alb-124259420.ap-south-1.elb.amazonaws.com:3000/v1/labs-api/start-status?domain_id=17 @ http://semiconlab-staging-alb-124259420.ap-south-1.elb.amazonaws.com/main.dart.js:55885
[  393326ms] [LOG] [AuthService] getToken() - token exists: true, token length: 327 @ http://semiconlab-staging-alb-124259420.ap-south-1.elb.amazonaws.com/main.dart.js:55885
[  393327ms] [LOG] [ApiService] GET Request: labs-api/available-labs @ http://semiconlab-staging-alb-124259420.ap-south-1.elb.amazonaws.com/main.dart.js:55885
[  393327ms] [LOG] [ApiService] Headers: {Authorization: Bearer eyJhbGciOiJIUzI1NiIsInR5cCI6IkpXVCJ9.eyJlbWFpbCI6InN1cnlhLm5Ac2VtaWNvbm9zLmFpIiwic3ViIjo5NSwicm9sZSI6IkxlYXJuZXIiLCJvcmdJZCI6bnVsbCwidGVhbUlkIjpudWxsLCJhdmFpbGFibGVSb2xlcyI6W10sInNpZCI6ImI5NGVjYzQ3LTQ2MDItNDE5Zi1iMmY0LTViOTk1ODhhZjc2MSIsImlhdCI6MTc4NDc5OTY3MSwiZXhwIjoxNzg1NDA0NDcxfQ.XtqvvgxYi_43mtsjpbElbbWChpvHhFSh_eG6XYLo8oU} @ http://semiconlab-staging-alb-124259420.ap-south-1.elb.amazonaws.com/main.dart.js:55885
[  393460ms] [LOG] [ApiService] Response Status: 200 @ http://semiconlab-staging-alb-124259420.ap-south-1.elb.amazonaws.com/main.dart.js:55885
[  393460ms] [LOG] [ApiService] Response URL: http://semiconlab-staging-alb-124259420.ap-south-1.elb.amazonaws.com:3000/v1/labs-api/available-labs @ http://semiconlab-staging-alb-124259420.ap-south-1.elb.amazonaws.com/main.dart.js:55885
[  393461ms] [LOG] [AuthService] getToken() - token exists: true, token length: 327 @ http://semiconlab-staging-alb-124259420.ap-south-1.elb.amazonaws.com/main.dart.js:55885
[  393461ms] [LOG] [ApiService] GET Request: labs-api/start-status?domain_id=17 @ http://semiconlab-staging-alb-124259420.ap-south-1.elb.amazonaws.com/main.dart.js:55885
[  393461ms] [LOG] [ApiService] Headers: {Authorization: Bearer eyJhbGciOiJIUzI1NiIsInR5cCI6IkpXVCJ9.eyJlbWFpbCI6InN1cnlhLm5Ac2VtaWNvbm9zLmFpIiwic3ViIjo5NSwicm9sZSI6IkxlYXJuZXIiLCJvcmdJZCI6bnVsbCwidGVhbUlkIjpudWxsLCJhdmFpbGFibGVSb2xlcyI6W10sInNpZCI6ImI5NGVjYzQ3LTQ2MDItNDE5Zi1iMmY0LTViOTk1ODhhZjc2MSIsImlhdCI6MTc4NDc5OTY3MSwiZXhwIjoxNzg1NDA0NDcxfQ.XtqvvgxYi_43mtsjpbElbbWChpvHhFSh_eG6XYLo8oU} @ http://semiconlab-staging-alb-124259420.ap-south-1.elb.amazonaws.com/main.dart.js:55885
[  393502ms] [LOG] [ApiService] Response Status: 200 @ http://semiconlab-staging-alb-124259420.ap-south-1.elb.amazonaws.com/main.dart.js:55885
[  393502ms] [LOG] [ApiService] Response URL: http://semiconlab-staging-alb-124259420.ap-south-1.elb.amazonaws.com:3000/v1/labs-api/start-status?domain_id=17 @ http://semiconlab-staging-alb-124259420.ap-south-1.elb.amazonaws.com/main.dart.js:55885
[  398327ms] [LOG] [AuthService] getToken() - token exists: true, token length: 327 @ http://semiconlab-staging-alb-124259420.ap-south-1.elb.amazonaws.com/main.dart.js:55885
[  398327ms] [LOG] [ApiService] GET Request: labs-api/available-labs @ http://semiconlab-staging-alb-124259420.ap-south-1.elb.amazonaws.com/main.dart.js:55885
[  398328ms] [LOG] [ApiService] Headers: {Authorization: Bearer eyJhbGciOiJIUzI1NiIsInR5cCI6IkpXVCJ9.eyJlbWFpbCI6InN1cnlhLm5Ac2VtaWNvbm9zLmFpIiwic3ViIjo5NSwicm9sZSI6IkxlYXJuZXIiLCJvcmdJZCI6bnVsbCwidGVhbUlkIjpudWxsLCJhdmFpbGFibGVSb2xlcyI6W10sInNpZCI6ImI5NGVjYzQ3LTQ2MDItNDE5Zi1iMmY0LTViOTk1ODhhZjc2MSIsImlhdCI6MTc4NDc5OTY3MSwiZXhwIjoxNzg1NDA0NDcxfQ.XtqvvgxYi_43mtsjpbElbbWChpvHhFSh_eG6XYLo8oU} @ http://semiconlab-staging-alb-124259420.ap-south-1.elb.amazonaws.com/main.dart.js:55885
[  398425ms] [LOG] [ApiService] Response Status: 200 @ http://semiconlab-staging-alb-124259420.ap-south-1.elb.amazonaws.com/main.dart.js:55885
[  398425ms] [LOG] [ApiService] Response URL: http://semiconlab-staging-alb-124259420.ap-south-1.elb.amazonaws.com:3000/v1/labs-api/available-labs @ http://semiconlab-staging-alb-124259420.ap-south-1.elb.amazonaws.com/main.dart.js:55885
[  398425ms] [LOG] [AuthService] getToken() - token exists: true, token length: 327 @ http://semiconlab-staging-alb-124259420.ap-south-1.elb.amazonaws.com/main.dart.js:55885
[  398426ms] [LOG] [ApiService] GET Request: labs-api/start-status?domain_id=17 @ http://semiconlab-staging-alb-124259420.ap-south-1.elb.amazonaws.com/main.dart.js:55885
[  398426ms] [LOG] [ApiService] Headers: {Authorization: Bearer eyJhbGciOiJIUzI1NiIsInR5cCI6IkpXVCJ9.eyJlbWFpbCI6InN1cnlhLm5Ac2VtaWNvbm9zLmFpIiwic3ViIjo5NSwicm9sZSI6IkxlYXJuZXIiLCJvcmdJZCI6bnVsbCwidGVhbUlkIjpudWxsLCJhdmFpbGFibGVSb2xlcyI6W10sInNpZCI6ImI5NGVjYzQ3LTQ2MDItNDE5Zi1iMmY0LTViOTk1ODhhZjc2MSIsImlhdCI6MTc4NDc5OTY3MSwiZXhwIjoxNzg1NDA0NDcxfQ.XtqvvgxYi_43mtsjpbElbbWChpvHhFSh_eG6XYLo8oU} @ http://semiconlab-staging-alb-124259420.ap-south-1.elb.amazonaws.com/main.dart.js:55885
[  398496ms] [LOG] [ApiService] Response Status: 200 @ http://semiconlab-staging-alb-124259420.ap-south-1.elb.amazonaws.com/main.dart.js:55885
[  398496ms] [LOG] [ApiService] Response URL: http://semiconlab-staging-alb-124259420.ap-south-1.elb.amazonaws.com:3000/v1/labs-api/start-status?domain_id=17 @ http://semiconlab-staging-alb-124259420.ap-south-1.elb.amazonaws.com/main.dart.js:55885
[  403326ms] [LOG] [AuthService] getToken() - token exists: true, token length: 327 @ http://semiconlab-staging-alb-124259420.ap-south-1.elb.amazonaws.com/main.dart.js:55885
[  403327ms] [LOG] [ApiService] GET Request: labs-api/available-labs @ http://semiconlab-staging-alb-124259420.ap-south-1.elb.amazonaws.com/main.dart.js:55885
[  403327ms] [LOG] [ApiService] Headers: {Authorization: Bearer eyJhbGciOiJIUzI1NiIsInR5cCI6IkpXVCJ9.eyJlbWFpbCI6InN1cnlhLm5Ac2VtaWNvbm9zLmFpIiwic3ViIjo5NSwicm9sZSI6IkxlYXJuZXIiLCJvcmdJZCI6bnVsbCwidGVhbUlkIjpudWxsLCJhdmFpbGFibGVSb2xlcyI6W10sInNpZCI6ImI5NGVjYzQ3LTQ2MDItNDE5Zi1iMmY0LTViOTk1ODhhZjc2MSIsImlhdCI6MTc4NDc5OTY3MSwiZXhwIjoxNzg1NDA0NDcxfQ.XtqvvgxYi_43mtsjpbElbbWChpvHhFSh_eG6XYLo8oU} @ http://semiconlab-staging-alb-124259420.ap-south-1.elb.amazonaws.com/main.dart.js:55885
[  403451ms] [LOG] [ApiService] Response Status: 200 @ http://semiconlab-staging-alb-124259420.ap-south-1.elb.amazonaws.com/main.dart.js:55885
[  403451ms] [LOG] [ApiService] Response URL: http://semiconlab-staging-alb-124259420.ap-south-1.elb.amazonaws.com:3000/v1/labs-api/available-labs @ http://semiconlab-staging-alb-124259420.ap-south-1.elb.amazonaws.com/main.dart.js:55885
[  403451ms] [LOG] [AuthService] getToken() - token exists: true, token length: 327 @ http://semiconlab-staging-alb-124259420.ap-south-1.elb.amazonaws.com/main.dart.js:55885
[  403452ms] [LOG] [ApiService] GET Request: labs-api/start-status?domain_id=17 @ http://semiconlab-staging-alb-124259420.ap-south-1.elb.amazonaws.com/main.dart.js:55885
[  403452ms] [LOG] [ApiService] Headers: {Authorization: Bearer eyJhbGciOiJIUzI1NiIsInR5cCI6IkpXVCJ9.eyJlbWFpbCI6InN1cnlhLm5Ac2VtaWNvbm9zLmFpIiwic3ViIjo5NSwicm9sZSI6IkxlYXJuZXIiLCJvcmdJZCI6bnVsbCwidGVhbUlkIjpudWxsLCJhdmFpbGFibGVSb2xlcyI6W10sInNpZCI6ImI5NGVjYzQ3LTQ2MDItNDE5Zi1iMmY0LTViOTk1ODhhZjc2MSIsImlhdCI6MTc4NDc5OTY3MSwiZXhwIjoxNzg1NDA0NDcxfQ.XtqvvgxYi_43mtsjpbElbbWChpvHhFSh_eG6XYLo8oU} @ http://semiconlab-staging-alb-124259420.ap-south-1.elb.amazonaws.com/main.dart.js:55885
[  403493ms] [LOG] [ApiService] Response Status: 200 @ http://semiconlab-staging-alb-124259420.ap-south-1.elb.amazonaws.com/main.dart.js:55885
[  403494ms] [LOG] [ApiService] Response URL: http://semiconlab-staging-alb-124259420.ap-south-1.elb.amazonaws.com:3000/v1/labs-api/start-status?domain_id=17 @ http://semiconlab-staging-alb-124259420.ap-south-1.elb.amazonaws.com/main.dart.js:55885
[  405194ms] [LOG] [AuthService] getToken() - token exists: true, token length: 327 @ http://semiconlab-staging-alb-124259420.ap-south-1.elb.amazonaws.com/main.dart.js:55885
[  405194ms] [LOG] [AuthService] getToken() - token exists: true, token length: 327 @ http://semiconlab-staging-alb-124259420.ap-south-1.elb.amazonaws.com/main.dart.js:55885
[  405195ms] [LOG] [ApiService] GET Request: labs-api/available-labs @ http://semiconlab-staging-alb-124259420.ap-south-1.elb.amazonaws.com/main.dart.js:55885
[  405195ms] [LOG] [ApiService] Headers: {Authorization: Bearer eyJhbGciOiJIUzI1NiIsInR5cCI6IkpXVCJ9.eyJlbWFpbCI6InN1cnlhLm5Ac2VtaWNvbm9zLmFpIiwic3ViIjo5NSwicm9sZSI6IkxlYXJuZXIiLCJvcmdJZCI6bnVsbCwidGVhbUlkIjpudWxsLCJhdmFpbGFibGVSb2xlcyI6W10sInNpZCI6ImI5NGVjYzQ3LTQ2MDItNDE5Zi1iMmY0LTViOTk1ODhhZjc2MSIsImlhdCI6MTc4NDc5OTY3MSwiZXhwIjoxNzg1NDA0NDcxfQ.XtqvvgxYi_43mtsjpbElbbWChpvHhFSh_eG6XYLo8oU} @ http://semiconlab-staging-alb-124259420.ap-south-1.elb.amazonaws.com/main.dart.js:55885
[  405256ms] [LOG] [ApiService] Response Status: 200 @ http://semiconlab-staging-alb-124259420.ap-south-1.elb.amazonaws.com/main.dart.js:55885
[  405256ms] [LOG] [ApiService] Response URL: http://semiconlab-staging-alb-124259420.ap-south-1.elb.amazonaws.com:3000/v1/labs-api/available-labs @ http://semiconlab-staging-alb-124259420.ap-south-1.elb.amazonaws.com/main.dart.js:55885
[  405256ms] [LOG] [AuthService] getToken() - token exists: true, token length: 327 @ http://semiconlab-staging-alb-124259420.ap-south-1.elb.amazonaws.com/main.dart.js:55885
[  405257ms] [LOG] [ApiService] GET Request: /users/95 @ http://semiconlab-staging-alb-124259420.ap-south-1.elb.amazonaws.com/main.dart.js:55885
[  405257ms] [LOG] [ApiService] Headers: {Authorization: Bearer eyJhbGciOiJIUzI1NiIsInR5cCI6IkpXVCJ9.eyJlbWFpbCI6InN1cnlhLm5Ac2VtaWNvbm9zLmFpIiwic3ViIjo5NSwicm9sZSI6IkxlYXJuZXIiLCJvcmdJZCI6bnVsbCwidGVhbUlkIjpudWxsLCJhdmFpbGFibGVSb2xlcyI6W10sInNpZCI6ImI5NGVjYzQ3LTQ2MDItNDE5Zi1iMmY0LTViOTk1ODhhZjc2MSIsImlhdCI6MTc4NDc5OTY3MSwiZXhwIjoxNzg1NDA0NDcxfQ.XtqvvgxYi_43mtsjpbElbbWChpvHhFSh_eG6XYLo8oU} @ http://semiconlab-staging-alb-124259420.ap-south-1.elb.amazonaws.com/main.dart.js:55885
[  405356ms] [LOG] [ApiService] Response Status: 200 @ http://semiconlab-staging-alb-124259420.ap-south-1.elb.amazonaws.com/main.dart.js:55885
[  405356ms] [LOG] [ApiService] Response URL: http://semiconlab-staging-alb-124259420.ap-south-1.elb.amazonaws.com:3000/v1/users/95 @ http://semiconlab-staging-alb-124259420.ap-south-1.elb.amazonaws.com/main.dart.js:55885
[  408327ms] [LOG] [AuthService] getToken() - token exists: true, token length: 327 @ http://semiconlab-staging-alb-124259420.ap-south-1.elb.amazonaws.com/main.dart.js:55885
[  408327ms] [LOG] [ApiService] GET Request: labs-api/available-labs @ http://semiconlab-staging-alb-124259420.ap-south-1.elb.amazonaws.com/main.dart.js:55885
[  408327ms] [LOG] [ApiService] Headers: {Authorization: Bearer eyJhbGciOiJIUzI1NiIsInR5cCI6IkpXVCJ9.eyJlbWFpbCI6InN1cnlhLm5Ac2VtaWNvbm9zLmFpIiwic3ViIjo5NSwicm9sZSI6IkxlYXJuZXIiLCJvcmdJZCI6bnVsbCwidGVhbUlkIjpudWxsLCJhdmFpbGFibGVSb2xlcyI6W10sInNpZCI6ImI5NGVjYzQ3LTQ2MDItNDE5Zi1iMmY0LTViOTk1ODhhZjc2MSIsImlhdCI6MTc4NDc5OTY3MSwiZXhwIjoxNzg1NDA0NDcxfQ.XtqvvgxYi_43mtsjpbElbbWChpvHhFSh_eG6XYLo8oU} @ http://semiconlab-staging-alb-124259420.ap-south-1.elb.amazonaws.com/main.dart.js:55885
[  408430ms] [LOG] [ApiService] Response Status: 200 @ http://semiconlab-staging-alb-124259420.ap-south-1.elb.amazonaws.com/main.dart.js:55885
[  408430ms] [LOG] [ApiService] Response URL: http://semiconlab-staging-alb-124259420.ap-south-1.elb.amazonaws.com:3000/v1/labs-api/available-labs @ http://semiconlab-staging-alb-124259420.ap-south-1.elb.amazonaws.com/main.dart.js:55885
[  408431ms] [LOG] [AuthService] getToken() - token exists: true, token length: 327 @ http://semiconlab-staging-alb-124259420.ap-south-1.elb.amazonaws.com/main.dart.js:55885
[  408431ms] [LOG] [ApiService] GET Request: labs-api/start-status?domain_id=17 @ http://semiconlab-staging-alb-124259420.ap-south-1.elb.amazonaws.com/main.dart.js:55885
[  408431ms] [LOG] [ApiService] Headers: {Authorization: Bearer eyJhbGciOiJIUzI1NiIsInR5cCI6IkpXVCJ9.eyJlbWFpbCI6InN1cnlhLm5Ac2VtaWNvbm9zLmFpIiwic3ViIjo5NSwicm9sZSI6IkxlYXJuZXIiLCJvcmdJZCI6bnVsbCwidGVhbUlkIjpudWxsLCJhdmFpbGFibGVSb2xlcyI6W10sInNpZCI6ImI5NGVjYzQ3LTQ2MDItNDE5Zi1iMmY0LTViOTk1ODhhZjc2MSIsImlhdCI6MTc4NDc5OTY3MSwiZXhwIjoxNzg1NDA0NDcxfQ.XtqvvgxYi_43mtsjpbElbbWChpvHhFSh_eG6XYLo8oU} @ http://semiconlab-staging-alb-124259420.ap-south-1.elb.amazonaws.com/main.dart.js:55885
[  408505ms] [LOG] [ApiService] Response Status: 200 @ http://semiconlab-staging-alb-124259420.ap-south-1.elb.amazonaws.com/main.dart.js:55885
[  408505ms] [LOG] [ApiService] Response URL: http://semiconlab-staging-alb-124259420.ap-south-1.elb.amazonaws.com:3000/v1/labs-api/start-status?domain_id=17 @ http://semiconlab-staging-alb-124259420.ap-south-1.elb.amazonaws.com/main.dart.js:55885
[  413327ms] [LOG] [AuthService] getToken() - token exists: true, token length: 327 @ http://semiconlab-staging-alb-124259420.ap-south-1.elb.amazonaws.com/main.dart.js:55885
[  413327ms] [LOG] [ApiService] GET Request: labs-api/available-labs @ http://semiconlab-staging-alb-124259420.ap-south-1.elb.amazonaws.com/main.dart.js:55885
[  413327ms] [LOG] [ApiService] Headers: {Authorization: Bearer eyJhbGciOiJIUzI1NiIsInR5cCI6IkpXVCJ9.eyJlbWFpbCI6InN1cnlhLm5Ac2VtaWNvbm9zLmFpIiwic3ViIjo5NSwicm9sZSI6IkxlYXJuZXIiLCJvcmdJZCI6bnVsbCwidGVhbUlkIjpudWxsLCJhdmFpbGFibGVSb2xlcyI6W10sInNpZCI6ImI5NGVjYzQ3LTQ2MDItNDE5Zi1iMmY0LTViOTk1ODhhZjc2MSIsImlhdCI6MTc4NDc5OTY3MSwiZXhwIjoxNzg1NDA0NDcxfQ.XtqvvgxYi_43mtsjpbElbbWChpvHhFSh_eG6XYLo8oU} @ http://semiconlab-staging-alb-124259420.ap-south-1.elb.amazonaws.com/main.dart.js:55885
[  413449ms] [LOG] [ApiService] Response Status: 200 @ http://semiconlab-staging-alb-124259420.ap-south-1.elb.amazonaws.com/main.dart.js:55885
[  413449ms] [LOG] [ApiService] Response URL: http://semiconlab-staging-alb-124259420.ap-south-1.elb.amazonaws.com:3000/v1/labs-api/available-labs @ http://semiconlab-staging-alb-124259420.ap-south-1.elb.amazonaws.com/main.dart.js:55885
[  413449ms] [LOG] [AuthService] getToken() - token exists: true, token length: 327 @ http://semiconlab-staging-alb-124259420.ap-south-1.elb.amazonaws.com/main.dart.js:55885
[  413450ms] [LOG] [ApiService] GET Request: labs-api/start-status?domain_id=17 @ http://semiconlab-staging-alb-124259420.ap-south-1.elb.amazonaws.com/main.dart.js:55885
[  413450ms] [LOG] [ApiService] Headers: {Authorization: Bearer eyJhbGciOiJIUzI1NiIsInR5cCI6IkpXVCJ9.eyJlbWFpbCI6InN1cnlhLm5Ac2VtaWNvbm9zLmFpIiwic3ViIjo5NSwicm9sZSI6IkxlYXJuZXIiLCJvcmdJZCI6bnVsbCwidGVhbUlkIjpudWxsLCJhdmFpbGFibGVSb2xlcyI6W10sInNpZCI6ImI5NGVjYzQ3LTQ2MDItNDE5Zi1iMmY0LTViOTk1ODhhZjc2MSIsImlhdCI6MTc4NDc5OTY3MSwiZXhwIjoxNzg1NDA0NDcxfQ.XtqvvgxYi_43mtsjpbElbbWChpvHhFSh_eG6XYLo8oU} @ http://semiconlab-staging-alb-124259420.ap-south-1.elb.amazonaws.com/main.dart.js:55885
[  413491ms] [LOG] [ApiService] Response Status: 200 @ http://semiconlab-staging-alb-124259420.ap-south-1.elb.amazonaws.com/main.dart.js:55885
[  413491ms] [LOG] [ApiService] Response URL: http://semiconlab-staging-alb-124259420.ap-south-1.elb.amazonaws.com:3000/v1/labs-api/start-status?domain_id=17 @ http://semiconlab-staging-alb-124259420.ap-south-1.elb.amazonaws.com/main.dart.js:55885
[  418326ms] [LOG] [AuthService] getToken() - token exists: true, token length: 327 @ http://semiconlab-staging-alb-124259420.ap-south-1.elb.amazonaws.com/main.dart.js:55885
[  418327ms] [LOG] [ApiService] GET Request: labs-api/available-labs @ http://semiconlab-staging-alb-124259420.ap-south-1.elb.amazonaws.com/main.dart.js:55885
[  418327ms] [LOG] [ApiService] Headers: {Authorization: Bearer eyJhbGciOiJIUzI1NiIsInR5cCI6IkpXVCJ9.eyJlbWFpbCI6InN1cnlhLm5Ac2VtaWNvbm9zLmFpIiwic3ViIjo5NSwicm9sZSI6IkxlYXJuZXIiLCJvcmdJZCI6bnVsbCwidGVhbUlkIjpudWxsLCJhdmFpbGFibGVSb2xlcyI6W10sInNpZCI6ImI5NGVjYzQ3LTQ2MDItNDE5Zi1iMmY0LTViOTk1ODhhZjc2MSIsImlhdCI6MTc4NDc5OTY3MSwiZXhwIjoxNzg1NDA0NDcxfQ.XtqvvgxYi_43mtsjpbElbbWChpvHhFSh_eG6XYLo8oU} @ http://semiconlab-staging-alb-124259420.ap-south-1.elb.amazonaws.com/main.dart.js:55885
[  418432ms] [LOG] [ApiService] Response Status: 200 @ http://semiconlab-staging-alb-124259420.ap-south-1.elb.amazonaws.com/main.dart.js:55885
[  418432ms] [LOG] [ApiService] Response URL: http://semiconlab-staging-alb-124259420.ap-south-1.elb.amazonaws.com:3000/v1/labs-api/available-labs @ http://semiconlab-staging-alb-124259420.ap-south-1.elb.amazonaws.com/main.dart.js:55885
[  418432ms] [LOG] [AuthService] getToken() - token exists: true, token length: 327 @ http://semiconlab-staging-alb-124259420.ap-south-1.elb.amazonaws.com/main.dart.js:55885
[  418433ms] [LOG] [ApiService] GET Request: labs-api/start-status?domain_id=17 @ http://semiconlab-staging-alb-124259420.ap-south-1.elb.amazonaws.com/main.dart.js:55885
[  418433ms] [LOG] [ApiService] Headers: {Authorization: Bearer eyJhbGciOiJIUzI1NiIsInR5cCI6IkpXVCJ9.eyJlbWFpbCI6InN1cnlhLm5Ac2VtaWNvbm9zLmFpIiwic3ViIjo5NSwicm9sZSI6IkxlYXJuZXIiLCJvcmdJZCI6bnVsbCwidGVhbUlkIjpudWxsLCJhdmFpbGFibGVSb2xlcyI6W10sInNpZCI6ImI5NGVjYzQ3LTQ2MDItNDE5Zi1iMmY0LTViOTk1ODhhZjc2MSIsImlhdCI6MTc4NDc5OTY3MSwiZXhwIjoxNzg1NDA0NDcxfQ.XtqvvgxYi_43mtsjpbElbbWChpvHhFSh_eG6XYLo8oU} @ http://semiconlab-staging-alb-124259420.ap-south-1.elb.amazonaws.com/main.dart.js:55885
[  418519ms] [LOG] [ApiService] Response Status: 200 @ http://semiconlab-staging-alb-124259420.ap-south-1.elb.amazonaws.com/main.dart.js:55885
[  418519ms] [LOG] [ApiService] Response URL: http://semiconlab-staging-alb-124259420.ap-south-1.elb.amazonaws.com:3000/v1/labs-api/start-status?domain_id=17 @ http://semiconlab-staging-alb-124259420.ap-south-1.elb.amazonaws.com/main.dart.js:55885
[  423326ms] [LOG] [AuthService] getToken() - token exists: true, token length: 327 @ http://semiconlab-staging-alb-124259420.ap-south-1.elb.amazonaws.com/main.dart.js:55885
[  423327ms] [LOG] [ApiService] GET Request: labs-api/available-labs @ http://semiconlab-staging-alb-124259420.ap-south-1.elb.amazonaws.com/main.dart.js:55885
[  423327ms] [LOG] [ApiService] Headers: {Authorization: Bearer eyJhbGciOiJIUzI1NiIsInR5cCI6IkpXVCJ9.eyJlbWFpbCI6InN1cnlhLm5Ac2VtaWNvbm9zLmFpIiwic3ViIjo5NSwicm9sZSI6IkxlYXJuZXIiLCJvcmdJZCI6bnVsbCwidGVhbUlkIjpudWxsLCJhdmFpbGFibGVSb2xlcyI6W10sInNpZCI6ImI5NGVjYzQ3LTQ2MDItNDE5Zi1iMmY0LTViOTk1ODhhZjc2MSIsImlhdCI6MTc4NDc5OTY3MSwiZXhwIjoxNzg1NDA0NDcxfQ.XtqvvgxYi_43mtsjpbElbbWChpvHhFSh_eG6XYLo8oU} @ http://semiconlab-staging-alb-124259420.ap-south-1.elb.amazonaws.com/main.dart.js:55885
[  423453ms] [LOG] [ApiService] Response Status: 200 @ http://semiconlab-staging-alb-124259420.ap-south-1.elb.amazonaws.com/main.dart.js:55885
[  423454ms] [LOG] [ApiService] Response URL: http://semiconlab-staging-alb-124259420.ap-south-1.elb.amazonaws.com:3000/v1/labs-api/available-labs @ http://semiconlab-staging-alb-124259420.ap-south-1.elb.amazonaws.com/main.dart.js:55885
[  423454ms] [LOG] [AuthService] getToken() - token exists: true, token length: 327 @ http://semiconlab-staging-alb-124259420.ap-south-1.elb.amazonaws.com/main.dart.js:55885
[  423454ms] [LOG] [ApiService] GET Request: labs-api/start-status?domain_id=17 @ http://semiconlab-staging-alb-124259420.ap-south-1.elb.amazonaws.com/main.dart.js:55885
[  423455ms] [LOG] [ApiService] Headers: {Authorization: Bearer eyJhbGciOiJIUzI1NiIsInR5cCI6IkpXVCJ9.eyJlbWFpbCI6InN1cnlhLm5Ac2VtaWNvbm9zLmFpIiwic3ViIjo5NSwicm9sZSI6IkxlYXJuZXIiLCJvcmdJZCI6bnVsbCwidGVhbUlkIjpudWxsLCJhdmFpbGFibGVSb2xlcyI6W10sInNpZCI6ImI5NGVjYzQ3LTQ2MDItNDE5Zi1iMmY0LTViOTk1ODhhZjc2MSIsImlhdCI6MTc4NDc5OTY3MSwiZXhwIjoxNzg1NDA0NDcxfQ.XtqvvgxYi_43mtsjpbElbbWChpvHhFSh_eG6XYLo8oU} @ http://semiconlab-staging-alb-124259420.ap-south-1.elb.amazonaws.com/main.dart.js:55885
[  423499ms] [LOG] [ApiService] Response Status: 200 @ http://semiconlab-staging-alb-124259420.ap-south-1.elb.amazonaws.com/main.dart.js:55885
[  423499ms] [LOG] [ApiService] Response URL: http://semiconlab-staging-alb-124259420.ap-south-1.elb.amazonaws.com:3000/v1/labs-api/start-status?domain_id=17 @ http://semiconlab-staging-alb-124259420.ap-south-1.elb.amazonaws.com/main.dart.js:55885
[  428327ms] [LOG] [AuthService] getToken() - token exists: true, token length: 327 @ http://semiconlab-staging-alb-124259420.ap-south-1.elb.amazonaws.com/main.dart.js:55885
[  428327ms] [LOG] [ApiService] GET Request: labs-api/available-labs @ http://semiconlab-staging-alb-124259420.ap-south-1.elb.amazonaws.com/main.dart.js:55885
[  428327ms] [LOG] [ApiService] Headers: {Authorization: Bearer eyJhbGciOiJIUzI1NiIsInR5cCI6IkpXVCJ9.eyJlbWFpbCI6InN1cnlhLm5Ac2VtaWNvbm9zLmFpIiwic3ViIjo5NSwicm9sZSI6IkxlYXJuZXIiLCJvcmdJZCI6bnVsbCwidGVhbUlkIjpudWxsLCJhdmFpbGFibGVSb2xlcyI6W10sInNpZCI6ImI5NGVjYzQ3LTQ2MDItNDE5Zi1iMmY0LTViOTk1ODhhZjc2MSIsImlhdCI6MTc4NDc5OTY3MSwiZXhwIjoxNzg1NDA0NDcxfQ.XtqvvgxYi_43mtsjpbElbbWChpvHhFSh_eG6XYLo8oU} @ http://semiconlab-staging-alb-124259420.ap-south-1.elb.amazonaws.com/main.dart.js:55885
[  428437ms] [LOG] [ApiService] Response Status: 200 @ http://semiconlab-staging-alb-124259420.ap-south-1.elb.amazonaws.com/main.dart.js:55885
[  428437ms] [LOG] [ApiService] Response URL: http://semiconlab-staging-alb-124259420.ap-south-1.elb.amazonaws.com:3000/v1/labs-api/available-labs @ http://semiconlab-staging-alb-124259420.ap-south-1.elb.amazonaws.com/main.dart.js:55885
[  428437ms] [LOG] [AuthService] getToken() - token exists: true, token length: 327 @ http://semiconlab-staging-alb-124259420.ap-south-1.elb.amazonaws.com/main.dart.js:55885
[  428438ms] [LOG] [ApiService] GET Request: labs-api/start-status?domain_id=17 @ http://semiconlab-staging-alb-124259420.ap-south-1.elb.amazonaws.com/main.dart.js:55885
[  428438ms] [LOG] [ApiService] Headers: {Authorization: Bearer eyJhbGciOiJIUzI1NiIsInR5cCI6IkpXVCJ9.eyJlbWFpbCI6InN1cnlhLm5Ac2VtaWNvbm9zLmFpIiwic3ViIjo5NSwicm9sZSI6IkxlYXJuZXIiLCJvcmdJZCI6bnVsbCwidGVhbUlkIjpudWxsLCJhdmFpbGFibGVSb2xlcyI6W10sInNpZCI6ImI5NGVjYzQ3LTQ2MDItNDE5Zi1iMmY0LTViOTk1ODhhZjc2MSIsImlhdCI6MTc4NDc5OTY3MSwiZXhwIjoxNzg1NDA0NDcxfQ.XtqvvgxYi_43mtsjpbElbbWChpvHhFSh_eG6XYLo8oU} @ http://semiconlab-staging-alb-124259420.ap-south-1.elb.amazonaws.com/main.dart.js:55885
[  428508ms] [LOG] [ApiService] Response Status: 200 @ http://semiconlab-staging-alb-124259420.ap-south-1.elb.amazonaws.com/main.dart.js:55885
[  428508ms] [LOG] [ApiService] Response URL: http://semiconlab-staging-alb-124259420.ap-south-1.elb.amazonaws.com:3000/v1/labs-api/start-status?domain_id=17 @ http://semiconlab-staging-alb-124259420.ap-south-1.elb.amazonaws.com/main.dart.js:55885
[  433326ms] [LOG] [AuthService] getToken() - token exists: true, token length: 327 @ http://semiconlab-staging-alb-124259420.ap-south-1.elb.amazonaws.com/main.dart.js:55885
[  433327ms] [LOG] [ApiService] GET Request: labs-api/available-labs @ http://semiconlab-staging-alb-124259420.ap-south-1.elb.amazonaws.com/main.dart.js:55885
[  433327ms] [LOG] [ApiService] Headers: {Authorization: Bearer eyJhbGciOiJIUzI1NiIsInR5cCI6IkpXVCJ9.eyJlbWFpbCI6InN1cnlhLm5Ac2VtaWNvbm9zLmFpIiwic3ViIjo5NSwicm9sZSI6IkxlYXJuZXIiLCJvcmdJZCI6bnVsbCwidGVhbUlkIjpudWxsLCJhdmFpbGFibGVSb2xlcyI6W10sInNpZCI6ImI5NGVjYzQ3LTQ2MDItNDE5Zi1iMmY0LTViOTk1ODhhZjc2MSIsImlhdCI6MTc4NDc5OTY3MSwiZXhwIjoxNzg1NDA0NDcxfQ.XtqvvgxYi_43mtsjpbElbbWChpvHhFSh_eG6XYLo8oU} @ http://semiconlab-staging-alb-124259420.ap-south-1.elb.amazonaws.com/main.dart.js:55885
[  433478ms] [LOG] [ApiService] Response Status: 200 @ http://semiconlab-staging-alb-124259420.ap-south-1.elb.amazonaws.com/main.dart.js:55885
[  433479ms] [LOG] [ApiService] Response URL: http://semiconlab-staging-alb-124259420.ap-south-1.elb.amazonaws.com:3000/v1/labs-api/available-labs @ http://semiconlab-staging-alb-124259420.ap-south-1.elb.amazonaws.com/main.dart.js:55885
[  433479ms] [LOG] [AuthService] getToken() - token exists: true, token length: 327 @ http://semiconlab-staging-alb-124259420.ap-south-1.elb.amazonaws.com/main.dart.js:55885
[  433479ms] [LOG] [ApiService] GET Request: labs-api/start-status?domain_id=17 @ http://semiconlab-staging-alb-124259420.ap-south-1.elb.amazonaws.com/main.dart.js:55885
[  433480ms] [LOG] [ApiService] Headers: {Authorization: Bearer eyJhbGciOiJIUzI1NiIsInR5cCI6IkpXVCJ9.eyJlbWFpbCI6InN1cnlhLm5Ac2VtaWNvbm9zLmFpIiwic3ViIjo5NSwicm9sZSI6IkxlYXJuZXIiLCJvcmdJZCI6bnVsbCwidGVhbUlkIjpudWxsLCJhdmFpbGFibGVSb2xlcyI6W10sInNpZCI6ImI5NGVjYzQ3LTQ2MDItNDE5Zi1iMmY0LTViOTk1ODhhZjc2MSIsImlhdCI6MTc4NDc5OTY3MSwiZXhwIjoxNzg1NDA0NDcxfQ.XtqvvgxYi_43mtsjpbElbbWChpvHhFSh_eG6XYLo8oU} @ http://semiconlab-staging-alb-124259420.ap-south-1.elb.amazonaws.com/main.dart.js:55885
[  433550ms] [LOG] [ApiService] Response Status: 200 @ http://semiconlab-staging-alb-124259420.ap-south-1.elb.amazonaws.com/main.dart.js:55885
[  433551ms] [LOG] [ApiService] Response URL: http://semiconlab-staging-alb-124259420.ap-south-1.elb.amazonaws.com:3000/v1/labs-api/start-status?domain_id=17 @ http://semiconlab-staging-alb-124259420.ap-south-1.elb.amazonaws.com/main.dart.js:55885
[  438326ms] [LOG] [AuthService] getToken() - token exists: true, token length: 327 @ http://semiconlab-staging-alb-124259420.ap-south-1.elb.amazonaws.com/main.dart.js:55885
[  438327ms] [LOG] [ApiService] GET Request: labs-api/available-labs @ http://semiconlab-staging-alb-124259420.ap-south-1.elb.amazonaws.com/main.dart.js:55885
[  438327ms] [LOG] [ApiService] Headers: {Authorization: Bearer eyJhbGciOiJIUzI1NiIsInR5cCI6IkpXVCJ9.eyJlbWFpbCI6InN1cnlhLm5Ac2VtaWNvbm9zLmFpIiwic3ViIjo5NSwicm9sZSI6IkxlYXJuZXIiLCJvcmdJZCI6bnVsbCwidGVhbUlkIjpudWxsLCJhdmFpbGFibGVSb2xlcyI6W10sInNpZCI6ImI5NGVjYzQ3LTQ2MDItNDE5Zi1iMmY0LTViOTk1ODhhZjc2MSIsImlhdCI6MTc4NDc5OTY3MSwiZXhwIjoxNzg1NDA0NDcxfQ.XtqvvgxYi_43mtsjpbElbbWChpvHhFSh_eG6XYLo8oU} @ http://semiconlab-staging-alb-124259420.ap-south-1.elb.amazonaws.com/main.dart.js:55885
[  438493ms] [LOG] [ApiService] Response Status: 200 @ http://semiconlab-staging-alb-124259420.ap-south-1.elb.amazonaws.com/main.dart.js:55885
[  438493ms] [LOG] [ApiService] Response URL: http://semiconlab-staging-alb-124259420.ap-south-1.elb.amazonaws.com:3000/v1/labs-api/available-labs @ http://semiconlab-staging-alb-124259420.ap-south-1.elb.amazonaws.com/main.dart.js:55885
[  438494ms] [LOG] [AuthService] getToken() - token exists: true, token length: 327 @ http://semiconlab-staging-alb-124259420.ap-south-1.elb.amazonaws.com/main.dart.js:55885
[  438494ms] [LOG] [ApiService] GET Request: labs-api/start-status?domain_id=17 @ http://semiconlab-staging-alb-124259420.ap-south-1.elb.amazonaws.com/main.dart.js:55885
[  438494ms] [LOG] [ApiService] Headers: {Authorization: Bearer eyJhbGciOiJIUzI1NiIsInR5cCI6IkpXVCJ9.eyJlbWFpbCI6InN1cnlhLm5Ac2VtaWNvbm9zLmFpIiwic3ViIjo5NSwicm9sZSI6IkxlYXJuZXIiLCJvcmdJZCI6bnVsbCwidGVhbUlkIjpudWxsLCJhdmFpbGFibGVSb2xlcyI6W10sInNpZCI6ImI5NGVjYzQ3LTQ2MDItNDE5Zi1iMmY0LTViOTk1ODhhZjc2MSIsImlhdCI6MTc4NDc5OTY3MSwiZXhwIjoxNzg1NDA0NDcxfQ.XtqvvgxYi_43mtsjpbElbbWChpvHhFSh_eG6XYLo8oU} @ http://semiconlab-staging-alb-124259420.ap-south-1.elb.amazonaws.com/main.dart.js:55885
[  438537ms] [LOG] [ApiService] Response Status: 200 @ http://semiconlab-staging-alb-124259420.ap-south-1.elb.amazonaws.com/main.dart.js:55885
[  438537ms] [LOG] [ApiService] Response URL: http://semiconlab-staging-alb-124259420.ap-south-1.elb.amazonaws.com:3000/v1/labs-api/start-status?domain_id=17 @ http://semiconlab-staging-alb-124259420.ap-south-1.elb.amazonaws.com/main.dart.js:55885
[  443327ms] [LOG] [AuthService] getToken() - token exists: true, token length: 327 @ http://semiconlab-staging-alb-124259420.ap-south-1.elb.amazonaws.com/main.dart.js:55885
[  443327ms] [LOG] [ApiService] GET Request: labs-api/available-labs @ http://semiconlab-staging-alb-124259420.ap-south-1.elb.amazonaws.com/main.dart.js:55885
[  443327ms] [LOG] [ApiService] Headers: {Authorization: Bearer eyJhbGciOiJIUzI1NiIsInR5cCI6IkpXVCJ9.eyJlbWFpbCI6InN1cnlhLm5Ac2VtaWNvbm9zLmFpIiwic3ViIjo5NSwicm9sZSI6IkxlYXJuZXIiLCJvcmdJZCI6bnVsbCwidGVhbUlkIjpudWxsLCJhdmFpbGFibGVSb2xlcyI6W10sInNpZCI6ImI5NGVjYzQ3LTQ2MDItNDE5Zi1iMmY0LTViOTk1ODhhZjc2MSIsImlhdCI6MTc4NDc5OTY3MSwiZXhwIjoxNzg1NDA0NDcxfQ.XtqvvgxYi_43mtsjpbElbbWChpvHhFSh_eG6XYLo8oU} @ http://semiconlab-staging-alb-124259420.ap-south-1.elb.amazonaws.com/main.dart.js:55885
[  443453ms] [LOG] [ApiService] Response Status: 200 @ http://semiconlab-staging-alb-124259420.ap-south-1.elb.amazonaws.com/main.dart.js:55885
[  443453ms] [LOG] [ApiService] Response URL: http://semiconlab-staging-alb-124259420.ap-south-1.elb.amazonaws.com:3000/v1/labs-api/available-labs @ http://semiconlab-staging-alb-124259420.ap-south-1.elb.amazonaws.com/main.dart.js:55885
[  443454ms] [LOG] [AuthService] getToken() - token exists: true, token length: 327 @ http://semiconlab-staging-alb-124259420.ap-south-1.elb.amazonaws.com/main.dart.js:55885
[  443454ms] [LOG] [ApiService] GET Request: labs-api/start-status?domain_id=17 @ http://semiconlab-staging-alb-124259420.ap-south-1.elb.amazonaws.com/main.dart.js:55885
[  443454ms] [LOG] [ApiService] Headers: {Authorization: Bearer eyJhbGciOiJIUzI1NiIsInR5cCI6IkpXVCJ9.eyJlbWFpbCI6InN1cnlhLm5Ac2VtaWNvbm9zLmFpIiwic3ViIjo5NSwicm9sZSI6IkxlYXJuZXIiLCJvcmdJZCI6bnVsbCwidGVhbUlkIjpudWxsLCJhdmFpbGFibGVSb2xlcyI6W10sInNpZCI6ImI5NGVjYzQ3LTQ2MDItNDE5Zi1iMmY0LTViOTk1ODhhZjc2MSIsImlhdCI6MTc4NDc5OTY3MSwiZXhwIjoxNzg1NDA0NDcxfQ.XtqvvgxYi_43mtsjpbElbbWChpvHhFSh_eG6XYLo8oU} @ http://semiconlab-staging-alb-124259420.ap-south-1.elb.amazonaws.com/main.dart.js:55885
[  443520ms] [LOG] [ApiService] Response Status: 200 @ http://semiconlab-staging-alb-124259420.ap-south-1.elb.amazonaws.com/main.dart.js:55885
[  443520ms] [LOG] [ApiService] Response URL: http://semiconlab-staging-alb-124259420.ap-south-1.elb.amazonaws.com:3000/v1/labs-api/start-status?domain_id=17 @ http://semiconlab-staging-alb-124259420.ap-south-1.elb.amazonaws.com/main.dart.js:55885
[  448326ms] [LOG] [AuthService] getToken() - token exists: true, token length: 327 @ http://semiconlab-staging-alb-124259420.ap-south-1.elb.amazonaws.com/main.dart.js:55885
[  448327ms] [LOG] [ApiService] GET Request: labs-api/available-labs @ http://semiconlab-staging-alb-124259420.ap-south-1.elb.amazonaws.com/main.dart.js:55885
[  448327ms] [LOG] [ApiService] Headers: {Authorization: Bearer eyJhbGciOiJIUzI1NiIsInR5cCI6IkpXVCJ9.eyJlbWFpbCI6InN1cnlhLm5Ac2VtaWNvbm9zLmFpIiwic3ViIjo5NSwicm9sZSI6IkxlYXJuZXIiLCJvcmdJZCI6bnVsbCwidGVhbUlkIjpudWxsLCJhdmFpbGFibGVSb2xlcyI6W10sInNpZCI6ImI5NGVjYzQ3LTQ2MDItNDE5Zi1iMmY0LTViOTk1ODhhZjc2MSIsImlhdCI6MTc4NDc5OTY3MSwiZXhwIjoxNzg1NDA0NDcxfQ.XtqvvgxYi_43mtsjpbElbbWChpvHhFSh_eG6XYLo8oU} @ http://semiconlab-staging-alb-124259420.ap-south-1.elb.amazonaws.com/main.dart.js:55885
[  448431ms] [LOG] [ApiService] Response Status: 200 @ http://semiconlab-staging-alb-124259420.ap-south-1.elb.amazonaws.com/main.dart.js:55885
[  448431ms] [LOG] [ApiService] Response URL: http://semiconlab-staging-alb-124259420.ap-south-1.elb.amazonaws.com:3000/v1/labs-api/available-labs @ http://semiconlab-staging-alb-124259420.ap-south-1.elb.amazonaws.com/main.dart.js:55885
[  448431ms] [LOG] [AuthService] getToken() - token exists: true, token length: 327 @ http://semiconlab-staging-alb-124259420.ap-south-1.elb.amazonaws.com/main.dart.js:55885
[  448432ms] [LOG] [ApiService] GET Request: labs-api/start-status?domain_id=17 @ http://semiconlab-staging-alb-124259420.ap-south-1.elb.amazonaws.com/main.dart.js:55885
[  448432ms] [LOG] [ApiService] Headers: {Authorization: Bearer eyJhbGciOiJIUzI1NiIsInR5cCI6IkpXVCJ9.eyJlbWFpbCI6InN1cnlhLm5Ac2VtaWNvbm9zLmFpIiwic3ViIjo5NSwicm9sZSI6IkxlYXJuZXIiLCJvcmdJZCI6bnVsbCwidGVhbUlkIjpudWxsLCJhdmFpbGFibGVSb2xlcyI6W10sInNpZCI6ImI5NGVjYzQ3LTQ2MDItNDE5Zi1iMmY0LTViOTk1ODhhZjc2MSIsImlhdCI6MTc4NDc5OTY3MSwiZXhwIjoxNzg1NDA0NDcxfQ.XtqvvgxYi_43mtsjpbElbbWChpvHhFSh_eG6XYLo8oU} @ http://semiconlab-staging-alb-124259420.ap-south-1.elb.amazonaws.com/main.dart.js:55885
[  448478ms] [LOG] [ApiService] Response Status: 200 @ http://semiconlab-staging-alb-124259420.ap-south-1.elb.amazonaws.com/main.dart.js:55885
[  448479ms] [LOG] [ApiService] Response URL: http://semiconlab-staging-alb-124259420.ap-south-1.elb.amazonaws.com:3000/v1/labs-api/start-status?domain_id=17 @ http://semiconlab-staging-alb-124259420.ap-south-1.elb.amazonaws.com/main.dart.js:55885
[  453327ms] [LOG] [AuthService] getToken() - token exists: true, token length: 327 @ http://semiconlab-staging-alb-124259420.ap-south-1.elb.amazonaws.com/main.dart.js:55885
[  453327ms] [LOG] [ApiService] GET Request: labs-api/available-labs @ http://semiconlab-staging-alb-124259420.ap-south-1.elb.amazonaws.com/main.dart.js:55885
[  453328ms] [LOG] [ApiService] Headers: {Authorization: Bearer eyJhbGciOiJIUzI1NiIsInR5cCI6IkpXVCJ9.eyJlbWFpbCI6InN1cnlhLm5Ac2VtaWNvbm9zLmFpIiwic3ViIjo5NSwicm9sZSI6IkxlYXJuZXIiLCJvcmdJZCI6bnVsbCwidGVhbUlkIjpudWxsLCJhdmFpbGFibGVSb2xlcyI6W10sInNpZCI6ImI5NGVjYzQ3LTQ2MDItNDE5Zi1iMmY0LTViOTk1ODhhZjc2MSIsImlhdCI6MTc4NDc5OTY3MSwiZXhwIjoxNzg1NDA0NDcxfQ.XtqvvgxYi_43mtsjpbElbbWChpvHhFSh_eG6XYLo8oU} @ http://semiconlab-staging-alb-124259420.ap-south-1.elb.amazonaws.com/main.dart.js:55885
[  453452ms] [LOG] [ApiService] Response Status: 200 @ http://semiconlab-staging-alb-124259420.ap-south-1.elb.amazonaws.com/main.dart.js:55885
[  453452ms] [LOG] [ApiService] Response URL: http://semiconlab-staging-alb-124259420.ap-south-1.elb.amazonaws.com:3000/v1/labs-api/available-labs @ http://semiconlab-staging-alb-124259420.ap-south-1.elb.amazonaws.com/main.dart.js:55885
[  453453ms] [LOG] [AuthService] getToken() - token exists: true, token length: 327 @ http://semiconlab-staging-alb-124259420.ap-south-1.elb.amazonaws.com/main.dart.js:55885
[  453454ms] [LOG] [ApiService] GET Request: labs-api/start-status?domain_id=17 @ http://semiconlab-staging-alb-124259420.ap-south-1.elb.amazonaws.com/main.dart.js:55885
[  453454ms] [LOG] [ApiService] Headers: {Authorization: Bearer eyJhbGciOiJIUzI1NiIsInR5cCI6IkpXVCJ9.eyJlbWFpbCI6InN1cnlhLm5Ac2VtaWNvbm9zLmFpIiwic3ViIjo5NSwicm9sZSI6IkxlYXJuZXIiLCJvcmdJZCI6bnVsbCwidGVhbUlkIjpudWxsLCJhdmFpbGFibGVSb2xlcyI6W10sInNpZCI6ImI5NGVjYzQ3LTQ2MDItNDE5Zi1iMmY0LTViOTk1ODhhZjc2MSIsImlhdCI6MTc4NDc5OTY3MSwiZXhwIjoxNzg1NDA0NDcxfQ.XtqvvgxYi_43mtsjpbElbbWChpvHhFSh_eG6XYLo8oU} @ http://semiconlab-staging-alb-124259420.ap-south-1.elb.amazonaws.com/main.dart.js:55885
[  453520ms] [LOG] [ApiService] Response Status: 200 @ http://semiconlab-staging-alb-124259420.ap-south-1.elb.amazonaws.com/main.dart.js:55885
[  453521ms] [LOG] [ApiService] Response URL: http://semiconlab-staging-alb-124259420.ap-south-1.elb.amazonaws.com:3000/v1/labs-api/start-status?domain_id=17 @ http://semiconlab-staging-alb-124259420.ap-south-1.elb.amazonaws.com/main.dart.js:55885
[  458326ms] [LOG] [AuthService] getToken() - token exists: true, token length: 327 @ http://semiconlab-staging-alb-124259420.ap-south-1.elb.amazonaws.com/main.dart.js:55885
[  458327ms] [LOG] [ApiService] GET Request: labs-api/available-labs @ http://semiconlab-staging-alb-124259420.ap-south-1.elb.amazonaws.com/main.dart.js:55885
[  458327ms] [LOG] [ApiService] Headers: {Authorization: Bearer eyJhbGciOiJIUzI1NiIsInR5cCI6IkpXVCJ9.eyJlbWFpbCI6InN1cnlhLm5Ac2VtaWNvbm9zLmFpIiwic3ViIjo5NSwicm9sZSI6IkxlYXJuZXIiLCJvcmdJZCI6bnVsbCwidGVhbUlkIjpudWxsLCJhdmFpbGFibGVSb2xlcyI6W10sInNpZCI6ImI5NGVjYzQ3LTQ2MDItNDE5Zi1iMmY0LTViOTk1ODhhZjc2MSIsImlhdCI6MTc4NDc5OTY3MSwiZXhwIjoxNzg1NDA0NDcxfQ.XtqvvgxYi_43mtsjpbElbbWChpvHhFSh_eG6XYLo8oU} @ http://semiconlab-staging-alb-124259420.ap-south-1.elb.amazonaws.com/main.dart.js:55885
[  458422ms] [LOG] [ApiService] Response Status: 200 @ http://semiconlab-staging-alb-124259420.ap-south-1.elb.amazonaws.com/main.dart.js:55885
[  458422ms] [LOG] [ApiService] Response URL: http://semiconlab-staging-alb-124259420.ap-south-1.elb.amazonaws.com:3000/v1/labs-api/available-labs @ http://semiconlab-staging-alb-124259420.ap-south-1.elb.amazonaws.com/main.dart.js:55885
[  458423ms] [LOG] [AuthService] getToken() - token exists: true, token length: 327 @ http://semiconlab-staging-alb-124259420.ap-south-1.elb.amazonaws.com/main.dart.js:55885
[  458423ms] [LOG] [ApiService] GET Request: labs-api/start-status?domain_id=17 @ http://semiconlab-staging-alb-124259420.ap-south-1.elb.amazonaws.com/main.dart.js:55885
[  458423ms] [LOG] [ApiService] Headers: {Authorization: Bearer eyJhbGciOiJIUzI1NiIsInR5cCI6IkpXVCJ9.eyJlbWFpbCI6InN1cnlhLm5Ac2VtaWNvbm9zLmFpIiwic3ViIjo5NSwicm9sZSI6IkxlYXJuZXIiLCJvcmdJZCI6bnVsbCwidGVhbUlkIjpudWxsLCJhdmFpbGFibGVSb2xlcyI6W10sInNpZCI6ImI5NGVjYzQ3LTQ2MDItNDE5Zi1iMmY0LTViOTk1ODhhZjc2MSIsImlhdCI6MTc4NDc5OTY3MSwiZXhwIjoxNzg1NDA0NDcxfQ.XtqvvgxYi_43mtsjpbElbbWChpvHhFSh_eG6XYLo8oU} @ http://semiconlab-staging-alb-124259420.ap-south-1.elb.amazonaws.com/main.dart.js:55885
[  458469ms] [LOG] [ApiService] Response Status: 200 @ http://semiconlab-staging-alb-124259420.ap-south-1.elb.amazonaws.com/main.dart.js:55885
[  458469ms] [LOG] [ApiService] Response URL: http://semiconlab-staging-alb-124259420.ap-south-1.elb.amazonaws.com:3000/v1/labs-api/start-status?domain_id=17 @ http://semiconlab-staging-alb-124259420.ap-south-1.elb.amazonaws.com/main.dart.js:55885
[  463327ms] [LOG] [AuthService] getToken() - token exists: true, token length: 327 @ http://semiconlab-staging-alb-124259420.ap-south-1.elb.amazonaws.com/main.dart.js:55885
[  463327ms] [LOG] [ApiService] GET Request: labs-api/available-labs @ http://semiconlab-staging-alb-124259420.ap-south-1.elb.amazonaws.com/main.dart.js:55885
[  463327ms] [LOG] [ApiService] Headers: {Authorization: Bearer eyJhbGciOiJIUzI1NiIsInR5cCI6IkpXVCJ9.eyJlbWFpbCI6InN1cnlhLm5Ac2VtaWNvbm9zLmFpIiwic3ViIjo5NSwicm9sZSI6IkxlYXJuZXIiLCJvcmdJZCI6bnVsbCwidGVhbUlkIjpudWxsLCJhdmFpbGFibGVSb2xlcyI6W10sInNpZCI6ImI5NGVjYzQ3LTQ2MDItNDE5Zi1iMmY0LTViOTk1ODhhZjc2MSIsImlhdCI6MTc4NDc5OTY3MSwiZXhwIjoxNzg1NDA0NDcxfQ.XtqvvgxYi_43mtsjpbElbbWChpvHhFSh_eG6XYLo8oU} @ http://semiconlab-staging-alb-124259420.ap-south-1.elb.amazonaws.com/main.dart.js:55885
[  463460ms] [LOG] [ApiService] Response Status: 200 @ http://semiconlab-staging-alb-124259420.ap-south-1.elb.amazonaws.com/main.dart.js:55885
[  463460ms] [LOG] [ApiService] Response URL: http://semiconlab-staging-alb-124259420.ap-south-1.elb.amazonaws.com:3000/v1/labs-api/available-labs @ http://semiconlab-staging-alb-124259420.ap-south-1.elb.amazonaws.com/main.dart.js:55885
[  463461ms] [LOG] [AuthService] getToken() - token exists: true, token length: 327 @ http://semiconlab-staging-alb-124259420.ap-south-1.elb.amazonaws.com/main.dart.js:55885
[  463461ms] [LOG] [ApiService] GET Request: labs-api/start-status?domain_id=17 @ http://semiconlab-staging-alb-124259420.ap-south-1.elb.amazonaws.com/main.dart.js:55885
[  463461ms] [LOG] [ApiService] Headers: {Authorization: Bearer eyJhbGciOiJIUzI1NiIsInR5cCI6IkpXVCJ9.eyJlbWFpbCI6InN1cnlhLm5Ac2VtaWNvbm9zLmFpIiwic3ViIjo5NSwicm9sZSI6IkxlYXJuZXIiLCJvcmdJZCI6bnVsbCwidGVhbUlkIjpudWxsLCJhdmFpbGFibGVSb2xlcyI6W10sInNpZCI6ImI5NGVjYzQ3LTQ2MDItNDE5Zi1iMmY0LTViOTk1ODhhZjc2MSIsImlhdCI6MTc4NDc5OTY3MSwiZXhwIjoxNzg1NDA0NDcxfQ.XtqvvgxYi_43mtsjpbElbbWChpvHhFSh_eG6XYLo8oU} @ http://semiconlab-staging-alb-124259420.ap-south-1.elb.amazonaws.com/main.dart.js:55885
[  463536ms] [LOG] [ApiService] Response Status: 200 @ http://semiconlab-staging-alb-124259420.ap-south-1.elb.amazonaws.com/main.dart.js:55885
[  463536ms] [LOG] [ApiService] Response URL: http://semiconlab-staging-alb-124259420.ap-south-1.elb.amazonaws.com:3000/v1/labs-api/start-status?domain_id=17 @ http://semiconlab-staging-alb-124259420.ap-south-1.elb.amazonaws.com/main.dart.js:55885
[  468326ms] [LOG] [AuthService] getToken() - token exists: true, token length: 327 @ http://semiconlab-staging-alb-124259420.ap-south-1.elb.amazonaws.com/main.dart.js:55885
[  468327ms] [LOG] [ApiService] GET Request: labs-api/available-labs @ http://semiconlab-staging-alb-124259420.ap-south-1.elb.amazonaws.com/main.dart.js:55885
[  468327ms] [LOG] [ApiService] Headers: {Authorization: Bearer eyJhbGciOiJIUzI1NiIsInR5cCI6IkpXVCJ9.eyJlbWFpbCI6InN1cnlhLm5Ac2VtaWNvbm9zLmFpIiwic3ViIjo5NSwicm9sZSI6IkxlYXJuZXIiLCJvcmdJZCI6bnVsbCwidGVhbUlkIjpudWxsLCJhdmFpbGFibGVSb2xlcyI6W10sInNpZCI6ImI5NGVjYzQ3LTQ2MDItNDE5Zi1iMmY0LTViOTk1ODhhZjc2MSIsImlhdCI6MTc4NDc5OTY3MSwiZXhwIjoxNzg1NDA0NDcxfQ.XtqvvgxYi_43mtsjpbElbbWChpvHhFSh_eG6XYLo8oU} @ http://semiconlab-staging-alb-124259420.ap-south-1.elb.amazonaws.com/main.dart.js:55885
[  468442ms] [LOG] [ApiService] Response Status: 200 @ http://semiconlab-staging-alb-124259420.ap-south-1.elb.amazonaws.com/main.dart.js:55885
[  468442ms] [LOG] [ApiService] Response URL: http://semiconlab-staging-alb-124259420.ap-south-1.elb.amazonaws.com:3000/v1/labs-api/available-labs @ http://semiconlab-staging-alb-124259420.ap-south-1.elb.amazonaws.com/main.dart.js:55885
[  468442ms] [LOG] [AuthService] getToken() - token exists: true, token length: 327 @ http://semiconlab-staging-alb-124259420.ap-south-1.elb.amazonaws.com/main.dart.js:55885
[  468443ms] [LOG] [ApiService] GET Request: labs-api/start-status?domain_id=17 @ http://semiconlab-staging-alb-124259420.ap-south-1.elb.amazonaws.com/main.dart.js:55885
[  468443ms] [LOG] [ApiService] Headers: {Authorization: Bearer eyJhbGciOiJIUzI1NiIsInR5cCI6IkpXVCJ9.eyJlbWFpbCI6InN1cnlhLm5Ac2VtaWNvbm9zLmFpIiwic3ViIjo5NSwicm9sZSI6IkxlYXJuZXIiLCJvcmdJZCI6bnVsbCwidGVhbUlkIjpudWxsLCJhdmFpbGFibGVSb2xlcyI6W10sInNpZCI6ImI5NGVjYzQ3LTQ2MDItNDE5Zi1iMmY0LTViOTk1ODhhZjc2MSIsImlhdCI6MTc4NDc5OTY3MSwiZXhwIjoxNzg1NDA0NDcxfQ.XtqvvgxYi_43mtsjpbElbbWChpvHhFSh_eG6XYLo8oU} @ http://semiconlab-staging-alb-124259420.ap-south-1.elb.amazonaws.com/main.dart.js:55885
[  468518ms] [LOG] [ApiService] Response Status: 200 @ http://semiconlab-staging-alb-124259420.ap-south-1.elb.amazonaws.com/main.dart.js:55885
[  468518ms] [LOG] [ApiService] Response URL: http://semiconlab-staging-alb-124259420.ap-south-1.elb.amazonaws.com:3000/v1/labs-api/start-status?domain_id=17 @ http://semiconlab-staging-alb-124259420.ap-south-1.elb.amazonaws.com/main.dart.js:55885
[  473326ms] [LOG] [AuthService] getToken() - token exists: true, token length: 327 @ http://semiconlab-staging-alb-124259420.ap-south-1.elb.amazonaws.com/main.dart.js:55885
[  473327ms] [LOG] [ApiService] GET Request: labs-api/available-labs @ http://semiconlab-staging-alb-124259420.ap-south-1.elb.amazonaws.com/main.dart.js:55885
[  473327ms] [LOG] [ApiService] Headers: {Authorization: Bearer eyJhbGciOiJIUzI1NiIsInR5cCI6IkpXVCJ9.eyJlbWFpbCI6InN1cnlhLm5Ac2VtaWNvbm9zLmFpIiwic3ViIjo5NSwicm9sZSI6IkxlYXJuZXIiLCJvcmdJZCI6bnVsbCwidGVhbUlkIjpudWxsLCJhdmFpbGFibGVSb2xlcyI6W10sInNpZCI6ImI5NGVjYzQ3LTQ2MDItNDE5Zi1iMmY0LTViOTk1ODhhZjc2MSIsImlhdCI6MTc4NDc5OTY3MSwiZXhwIjoxNzg1NDA0NDcxfQ.XtqvvgxYi_43mtsjpbElbbWChpvHhFSh_eG6XYLo8oU} @ http://semiconlab-staging-alb-124259420.ap-south-1.elb.amazonaws.com/main.dart.js:55885
[  473425ms] [LOG] [ApiService] Response Status: 200 @ http://semiconlab-staging-alb-124259420.ap-south-1.elb.amazonaws.com/main.dart.js:55885
[  473425ms] [LOG] [ApiService] Response URL: http://semiconlab-staging-alb-124259420.ap-south-1.elb.amazonaws.com:3000/v1/labs-api/available-labs @ http://semiconlab-staging-alb-124259420.ap-south-1.elb.amazonaws.com/main.dart.js:55885
[  473426ms] [LOG] [AuthService] getToken() - token exists: true, token length: 327 @ http://semiconlab-staging-alb-124259420.ap-south-1.elb.amazonaws.com/main.dart.js:55885
[  473426ms] [LOG] [ApiService] GET Request: labs-api/start-status?domain_id=17 @ http://semiconlab-staging-alb-124259420.ap-south-1.elb.amazonaws.com/main.dart.js:55885
[  473426ms] [LOG] [ApiService] Headers: {Authorization: Bearer eyJhbGciOiJIUzI1NiIsInR5cCI6IkpXVCJ9.eyJlbWFpbCI6InN1cnlhLm5Ac2VtaWNvbm9zLmFpIiwic3ViIjo5NSwicm9sZSI6IkxlYXJuZXIiLCJvcmdJZCI6bnVsbCwidGVhbUlkIjpudWxsLCJhdmFpbGFibGVSb2xlcyI6W10sInNpZCI6ImI5NGVjYzQ3LTQ2MDItNDE5Zi1iMmY0LTViOTk1ODhhZjc2MSIsImlhdCI6MTc4NDc5OTY3MSwiZXhwIjoxNzg1NDA0NDcxfQ.XtqvvgxYi_43mtsjpbElbbWChpvHhFSh_eG6XYLo8oU} @ http://semiconlab-staging-alb-124259420.ap-south-1.elb.amazonaws.com/main.dart.js:55885
[  473502ms] [LOG] [ApiService] Response Status: 200 @ http://semiconlab-staging-alb-124259420.ap-south-1.elb.amazonaws.com/main.dart.js:55885
[  473502ms] [LOG] [ApiService] Response URL: http://semiconlab-staging-alb-124259420.ap-south-1.elb.amazonaws.com:3000/v1/labs-api/start-status?domain_id=17 @ http://semiconlab-staging-alb-124259420.ap-south-1.elb.amazonaws.com/main.dart.js:55885
[  478326ms] [LOG] [AuthService] getToken() - token exists: true, token length: 327 @ http://semiconlab-staging-alb-124259420.ap-south-1.elb.amazonaws.com/main.dart.js:55885
[  478327ms] [LOG] [ApiService] GET Request: labs-api/available-labs @ http://semiconlab-staging-alb-124259420.ap-south-1.elb.amazonaws.com/main.dart.js:55885
[  478327ms] [LOG] [ApiService] Headers: {Authorization: Bearer eyJhbGciOiJIUzI1NiIsInR5cCI6IkpXVCJ9.eyJlbWFpbCI6InN1cnlhLm5Ac2VtaWNvbm9zLmFpIiwic3ViIjo5NSwicm9sZSI6IkxlYXJuZXIiLCJvcmdJZCI6bnVsbCwidGVhbUlkIjpudWxsLCJhdmFpbGFibGVSb2xlcyI6W10sInNpZCI6ImI5NGVjYzQ3LTQ2MDItNDE5Zi1iMmY0LTViOTk1ODhhZjc2MSIsImlhdCI6MTc4NDc5OTY3MSwiZXhwIjoxNzg1NDA0NDcxfQ.XtqvvgxYi_43mtsjpbElbbWChpvHhFSh_eG6XYLo8oU} @ http://semiconlab-staging-alb-124259420.ap-south-1.elb.amazonaws.com/main.dart.js:55885
[  478473ms] [LOG] [ApiService] Response Status: 200 @ http://semiconlab-staging-alb-124259420.ap-south-1.elb.amazonaws.com/main.dart.js:55885
[  478473ms] [LOG] [ApiService] Response URL: http://semiconlab-staging-alb-124259420.ap-south-1.elb.amazonaws.com:3000/v1/labs-api/available-labs @ http://semiconlab-staging-alb-124259420.ap-south-1.elb.amazonaws.com/main.dart.js:55885
[  478473ms] [LOG] [AuthService] getToken() - token exists: true, token length: 327 @ http://semiconlab-staging-alb-124259420.ap-south-1.elb.amazonaws.com/main.dart.js:55885
[  478474ms] [LOG] [ApiService] GET Request: labs-api/start-status?domain_id=17 @ http://semiconlab-staging-alb-124259420.ap-south-1.elb.amazonaws.com/main.dart.js:55885
[  478474ms] [LOG] [ApiService] Headers: {Authorization: Bearer eyJhbGciOiJIUzI1NiIsInR5cCI6IkpXVCJ9.eyJlbWFpbCI6InN1cnlhLm5Ac2VtaWNvbm9zLmFpIiwic3ViIjo5NSwicm9sZSI6IkxlYXJuZXIiLCJvcmdJZCI6bnVsbCwidGVhbUlkIjpudWxsLCJhdmFpbGFibGVSb2xlcyI6W10sInNpZCI6ImI5NGVjYzQ3LTQ2MDItNDE5Zi1iMmY0LTViOTk1ODhhZjc2MSIsImlhdCI6MTc4NDc5OTY3MSwiZXhwIjoxNzg1NDA0NDcxfQ.XtqvvgxYi_43mtsjpbElbbWChpvHhFSh_eG6XYLo8oU} @ http://semiconlab-staging-alb-124259420.ap-south-1.elb.amazonaws.com/main.dart.js:55885
[  478558ms] [LOG] [ApiService] Response Status: 200 @ http://semiconlab-staging-alb-124259420.ap-south-1.elb.amazonaws.com/main.dart.js:55885
[  478559ms] [LOG] [ApiService] Response URL: http://semiconlab-staging-alb-124259420.ap-south-1.elb.amazonaws.com:3000/v1/labs-api/start-status?domain_id=17 @ http://semiconlab-staging-alb-124259420.ap-south-1.elb.amazonaws.com/main.dart.js:55885
[  483326ms] [LOG] [AuthService] getToken() - token exists: true, token length: 327 @ http://semiconlab-staging-alb-124259420.ap-south-1.elb.amazonaws.com/main.dart.js:55885
[  483327ms] [LOG] [ApiService] GET Request: labs-api/available-labs @ http://semiconlab-staging-alb-124259420.ap-south-1.elb.amazonaws.com/main.dart.js:55885
[  483327ms] [LOG] [ApiService] Headers: {Authorization: Bearer eyJhbGciOiJIUzI1NiIsInR5cCI6IkpXVCJ9.eyJlbWFpbCI6InN1cnlhLm5Ac2VtaWNvbm9zLmFpIiwic3ViIjo5NSwicm9sZSI6IkxlYXJuZXIiLCJvcmdJZCI6bnVsbCwidGVhbUlkIjpudWxsLCJhdmFpbGFibGVSb2xlcyI6W10sInNpZCI6ImI5NGVjYzQ3LTQ2MDItNDE5Zi1iMmY0LTViOTk1ODhhZjc2MSIsImlhdCI6MTc4NDc5OTY3MSwiZXhwIjoxNzg1NDA0NDcxfQ.XtqvvgxYi_43mtsjpbElbbWChpvHhFSh_eG6XYLo8oU} @ http://semiconlab-staging-alb-124259420.ap-south-1.elb.amazonaws.com/main.dart.js:55885
[  484100ms] [LOG] [ApiService] Response Status: 200 @ http://semiconlab-staging-alb-124259420.ap-south-1.elb.amazonaws.com/main.dart.js:55885
[  484100ms] [LOG] [ApiService] Response URL: http://semiconlab-staging-alb-124259420.ap-south-1.elb.amazonaws.com:3000/v1/labs-api/available-labs @ http://semiconlab-staging-alb-124259420.ap-south-1.elb.amazonaws.com/main.dart.js:55885
[  484101ms] [LOG] [AuthService] getToken() - token exists: true, token length: 327 @ http://semiconlab-staging-alb-124259420.ap-south-1.elb.amazonaws.com/main.dart.js:55885
[  484101ms] [LOG] [ApiService] GET Request: labs-api/start-status?domain_id=17 @ http://semiconlab-staging-alb-124259420.ap-south-1.elb.amazonaws.com/main.dart.js:55885
[  484101ms] [LOG] [ApiService] Headers: {Authorization: Bearer eyJhbGciOiJIUzI1NiIsInR5cCI6IkpXVCJ9.eyJlbWFpbCI6InN1cnlhLm5Ac2VtaWNvbm9zLmFpIiwic3ViIjo5NSwicm9sZSI6IkxlYXJuZXIiLCJvcmdJZCI6bnVsbCwidGVhbUlkIjpudWxsLCJhdmFpbGFibGVSb2xlcyI6W10sInNpZCI6ImI5NGVjYzQ3LTQ2MDItNDE5Zi1iMmY0LTViOTk1ODhhZjc2MSIsImlhdCI6MTc4NDc5OTY3MSwiZXhwIjoxNzg1NDA0NDcxfQ.XtqvvgxYi_43mtsjpbElbbWChpvHhFSh_eG6XYLo8oU} @ http://semiconlab-staging-alb-124259420.ap-south-1.elb.amazonaws.com/main.dart.js:55885
[  484222ms] [LOG] [ApiService] Response Status: 200 @ http://semiconlab-staging-alb-124259420.ap-south-1.elb.amazonaws.com/main.dart.js:55885
[  484222ms] [LOG] [ApiService] Response URL: http://semiconlab-staging-alb-124259420.ap-south-1.elb.amazonaws.com:3000/v1/labs-api/start-status?domain_id=17 @ http://semiconlab-staging-alb-124259420.ap-south-1.elb.amazonaws.com/main.dart.js:55885
[  488327ms] [LOG] [AuthService] getToken() - token exists: true, token length: 327 @ http://semiconlab-staging-alb-124259420.ap-south-1.elb.amazonaws.com/main.dart.js:55885
[  488328ms] [LOG] [ApiService] GET Request: labs-api/available-labs @ http://semiconlab-staging-alb-124259420.ap-south-1.elb.amazonaws.com/main.dart.js:55885
[  488328ms] [LOG] [ApiService] Headers: {Authorization: Bearer eyJhbGciOiJIUzI1NiIsInR5cCI6IkpXVCJ9.eyJlbWFpbCI6InN1cnlhLm5Ac2VtaWNvbm9zLmFpIiwic3ViIjo5NSwicm9sZSI6IkxlYXJuZXIiLCJvcmdJZCI6bnVsbCwidGVhbUlkIjpudWxsLCJhdmFpbGFibGVSb2xlcyI6W10sInNpZCI6ImI5NGVjYzQ3LTQ2MDItNDE5Zi1iMmY0LTViOTk1ODhhZjc2MSIsImlhdCI6MTc4NDc5OTY3MSwiZXhwIjoxNzg1NDA0NDcxfQ.XtqvvgxYi_43mtsjpbElbbWChpvHhFSh_eG6XYLo8oU} @ http://semiconlab-staging-alb-124259420.ap-south-1.elb.amazonaws.com/main.dart.js:55885
[  488496ms] [LOG] [ApiService] Response Status: 200 @ http://semiconlab-staging-alb-124259420.ap-south-1.elb.amazonaws.com/main.dart.js:55885
[  488496ms] [LOG] [ApiService] Response URL: http://semiconlab-staging-alb-124259420.ap-south-1.elb.amazonaws.com:3000/v1/labs-api/available-labs @ http://semiconlab-staging-alb-124259420.ap-south-1.elb.amazonaws.com/main.dart.js:55885
[  488497ms] [LOG] [AuthService] getToken() - token exists: true, token length: 327 @ http://semiconlab-staging-alb-124259420.ap-south-1.elb.amazonaws.com/main.dart.js:55885
[  488497ms] [LOG] [ApiService] GET Request: labs-api/start-status?domain_id=17 @ http://semiconlab-staging-alb-124259420.ap-south-1.elb.amazonaws.com/main.dart.js:55885
[  488498ms] [LOG] [ApiService] Headers: {Authorization: Bearer eyJhbGciOiJIUzI1NiIsInR5cCI6IkpXVCJ9.eyJlbWFpbCI6InN1cnlhLm5Ac2VtaWNvbm9zLmFpIiwic3ViIjo5NSwicm9sZSI6IkxlYXJuZXIiLCJvcmdJZCI6bnVsbCwidGVhbUlkIjpudWxsLCJhdmFpbGFibGVSb2xlcyI6W10sInNpZCI6ImI5NGVjYzQ3LTQ2MDItNDE5Zi1iMmY0LTViOTk1ODhhZjc2MSIsImlhdCI6MTc4NDc5OTY3MSwiZXhwIjoxNzg1NDA0NDcxfQ.XtqvvgxYi_43mtsjpbElbbWChpvHhFSh_eG6XYLo8oU} @ http://semiconlab-staging-alb-124259420.ap-south-1.elb.amazonaws.com/main.dart.js:55885
[  488546ms] [LOG] [ApiService] Response Status: 200 @ http://semiconlab-staging-alb-124259420.ap-south-1.elb.amazonaws.com/main.dart.js:55885
[  488546ms] [LOG] [ApiService] Response URL: http://semiconlab-staging-alb-124259420.ap-south-1.elb.amazonaws.com:3000/v1/labs-api/start-status?domain_id=17 @ http://semiconlab-staging-alb-124259420.ap-south-1.elb.amazonaws.com/main.dart.js:55885
[  493326ms] [LOG] [AuthService] getToken() - token exists: true, token length: 327 @ http://semiconlab-staging-alb-124259420.ap-south-1.elb.amazonaws.com/main.dart.js:55885
[  493327ms] [LOG] [ApiService] GET Request: labs-api/available-labs @ http://semiconlab-staging-alb-124259420.ap-south-1.elb.amazonaws.com/main.dart.js:55885
[  493327ms] [LOG] [ApiService] Headers: {Authorization: Bearer eyJhbGciOiJIUzI1NiIsInR5cCI6IkpXVCJ9.eyJlbWFpbCI6InN1cnlhLm5Ac2VtaWNvbm9zLmFpIiwic3ViIjo5NSwicm9sZSI6IkxlYXJuZXIiLCJvcmdJZCI6bnVsbCwidGVhbUlkIjpudWxsLCJhdmFpbGFibGVSb2xlcyI6W10sInNpZCI6ImI5NGVjYzQ3LTQ2MDItNDE5Zi1iMmY0LTViOTk1ODhhZjc2MSIsImlhdCI6MTc4NDc5OTY3MSwiZXhwIjoxNzg1NDA0NDcxfQ.XtqvvgxYi_43mtsjpbElbbWChpvHhFSh_eG6XYLo8oU} @ http://semiconlab-staging-alb-124259420.ap-south-1.elb.amazonaws.com/main.dart.js:55885
[  493430ms] [LOG] [ApiService] Response Status: 200 @ http://semiconlab-staging-alb-124259420.ap-south-1.elb.amazonaws.com/main.dart.js:55885
[  493430ms] [LOG] [ApiService] Response URL: http://semiconlab-staging-alb-124259420.ap-south-1.elb.amazonaws.com:3000/v1/labs-api/available-labs @ http://semiconlab-staging-alb-124259420.ap-south-1.elb.amazonaws.com/main.dart.js:55885
[  493431ms] [LOG] [AuthService] getToken() - token exists: true, token length: 327 @ http://semiconlab-staging-alb-124259420.ap-south-1.elb.amazonaws.com/main.dart.js:55885
[  493431ms] [LOG] [ApiService] GET Request: labs-api/start-status?domain_id=17 @ http://semiconlab-staging-alb-124259420.ap-south-1.elb.amazonaws.com/main.dart.js:55885
[  493431ms] [LOG] [ApiService] Headers: {Authorization: Bearer eyJhbGciOiJIUzI1NiIsInR5cCI6IkpXVCJ9.eyJlbWFpbCI6InN1cnlhLm5Ac2VtaWNvbm9zLmFpIiwic3ViIjo5NSwicm9sZSI6IkxlYXJuZXIiLCJvcmdJZCI6bnVsbCwidGVhbUlkIjpudWxsLCJhdmFpbGFibGVSb2xlcyI6W10sInNpZCI6ImI5NGVjYzQ3LTQ2MDItNDE5Zi1iMmY0LTViOTk1ODhhZjc2MSIsImlhdCI6MTc4NDc5OTY3MSwiZXhwIjoxNzg1NDA0NDcxfQ.XtqvvgxYi_43mtsjpbElbbWChpvHhFSh_eG6XYLo8oU} @ http://semiconlab-staging-alb-124259420.ap-south-1.elb.amazonaws.com/main.dart.js:55885
[  493541ms] [LOG] [ApiService] Response Status: 200 @ http://semiconlab-staging-alb-124259420.ap-south-1.elb.amazonaws.com/main.dart.js:55885
[  493541ms] [LOG] [ApiService] Response URL: http://semiconlab-staging-alb-124259420.ap-south-1.elb.amazonaws.com:3000/v1/labs-api/start-status?domain_id=17 @ http://semiconlab-staging-alb-124259420.ap-south-1.elb.amazonaws.com/main.dart.js:55885
[  498326ms] [LOG] [AuthService] getToken() - token exists: true, token length: 327 @ http://semiconlab-staging-alb-124259420.ap-south-1.elb.amazonaws.com/main.dart.js:55885
[  498327ms] [LOG] [ApiService] GET Request: labs-api/available-labs @ http://semiconlab-staging-alb-124259420.ap-south-1.elb.amazonaws.com/main.dart.js:55885
[  498327ms] [LOG] [ApiService] Headers: {Authorization: Bearer eyJhbGciOiJIUzI1NiIsInR5cCI6IkpXVCJ9.eyJlbWFpbCI6InN1cnlhLm5Ac2VtaWNvbm9zLmFpIiwic3ViIjo5NSwicm9sZSI6IkxlYXJuZXIiLCJvcmdJZCI6bnVsbCwidGVhbUlkIjpudWxsLCJhdmFpbGFibGVSb2xlcyI6W10sInNpZCI6ImI5NGVjYzQ3LTQ2MDItNDE5Zi1iMmY0LTViOTk1ODhhZjc2MSIsImlhdCI6MTc4NDc5OTY3MSwiZXhwIjoxNzg1NDA0NDcxfQ.XtqvvgxYi_43mtsjpbElbbWChpvHhFSh_eG6XYLo8oU} @ http://semiconlab-staging-alb-124259420.ap-south-1.elb.amazonaws.com/main.dart.js:55885
[  498727ms] [LOG] [ApiService] Response Status: 200 @ http://semiconlab-staging-alb-124259420.ap-south-1.elb.amazonaws.com/main.dart.js:55885
[  498728ms] [LOG] [ApiService] Response URL: http://semiconlab-staging-alb-124259420.ap-south-1.elb.amazonaws.com:3000/v1/labs-api/available-labs @ http://semiconlab-staging-alb-124259420.ap-south-1.elb.amazonaws.com/main.dart.js:55885
[  498728ms] [LOG] [AuthService] getToken() - token exists: true, token length: 327 @ http://semiconlab-staging-alb-124259420.ap-south-1.elb.amazonaws.com/main.dart.js:55885
[  498728ms] [LOG] [ApiService] GET Request: labs-api/start-status?domain_id=17 @ http://semiconlab-staging-alb-124259420.ap-south-1.elb.amazonaws.com/main.dart.js:55885
[  498729ms] [LOG] [ApiService] Headers: {Authorization: Bearer eyJhbGciOiJIUzI1NiIsInR5cCI6IkpXVCJ9.eyJlbWFpbCI6InN1cnlhLm5Ac2VtaWNvbm9zLmFpIiwic3ViIjo5NSwicm9sZSI6IkxlYXJuZXIiLCJvcmdJZCI6bnVsbCwidGVhbUlkIjpudWxsLCJhdmFpbGFibGVSb2xlcyI6W10sInNpZCI6ImI5NGVjYzQ3LTQ2MDItNDE5Zi1iMmY0LTViOTk1ODhhZjc2MSIsImlhdCI6MTc4NDc5OTY3MSwiZXhwIjoxNzg1NDA0NDcxfQ.XtqvvgxYi_43mtsjpbElbbWChpvHhFSh_eG6XYLo8oU} @ http://semiconlab-staging-alb-124259420.ap-south-1.elb.amazonaws.com/main.dart.js:55885
[  498904ms] [LOG] [ApiService] Response Status: 200 @ http://semiconlab-staging-alb-124259420.ap-south-1.elb.amazonaws.com/main.dart.js:55885
[  498904ms] [LOG] [ApiService] Response URL: http://semiconlab-staging-alb-124259420.ap-south-1.elb.amazonaws.com:3000/v1/labs-api/start-status?domain_id=17 @ http://semiconlab-staging-alb-124259420.ap-south-1.elb.amazonaws.com/main.dart.js:55885
[  503326ms] [LOG] [AuthService] getToken() - token exists: true, token length: 327 @ http://semiconlab-staging-alb-124259420.ap-south-1.elb.amazonaws.com/main.dart.js:55885
[  503327ms] [LOG] [ApiService] GET Request: labs-api/available-labs @ http://semiconlab-staging-alb-124259420.ap-south-1.elb.amazonaws.com/main.dart.js:55885
[  503327ms] [LOG] [ApiService] Headers: {Authorization: Bearer eyJhbGciOiJIUzI1NiIsInR5cCI6IkpXVCJ9.eyJlbWFpbCI6InN1cnlhLm5Ac2VtaWNvbm9zLmFpIiwic3ViIjo5NSwicm9sZSI6IkxlYXJuZXIiLCJvcmdJZCI6bnVsbCwidGVhbUlkIjpudWxsLCJhdmFpbGFibGVSb2xlcyI6W10sInNpZCI6ImI5NGVjYzQ3LTQ2MDItNDE5Zi1iMmY0LTViOTk1ODhhZjc2MSIsImlhdCI6MTc4NDc5OTY3MSwiZXhwIjoxNzg1NDA0NDcxfQ.XtqvvgxYi_43mtsjpbElbbWChpvHhFSh_eG6XYLo8oU} @ http://semiconlab-staging-alb-124259420.ap-south-1.elb.amazonaws.com/main.dart.js:55885
[  503441ms] [LOG] [ApiService] Response Status: 200 @ http://semiconlab-staging-alb-124259420.ap-south-1.elb.amazonaws.com/main.dart.js:55885
[  503442ms] [LOG] [ApiService] Response URL: http://semiconlab-staging-alb-124259420.ap-south-1.elb.amazonaws.com:3000/v1/labs-api/available-labs @ http://semiconlab-staging-alb-124259420.ap-south-1.elb.amazonaws.com/main.dart.js:55885
[  503442ms] [LOG] [AuthService] getToken() - token exists: true, token length: 327 @ http://semiconlab-staging-alb-124259420.ap-south-1.elb.amazonaws.com/main.dart.js:55885
[  503442ms] [LOG] [ApiService] GET Request: labs-api/start-status?domain_id=17 @ http://semiconlab-staging-alb-124259420.ap-south-1.elb.amazonaws.com/main.dart.js:55885
[  503442ms] [LOG] [ApiService] Headers: {Authorization: Bearer eyJhbGciOiJIUzI1NiIsInR5cCI6IkpXVCJ9.eyJlbWFpbCI6InN1cnlhLm5Ac2VtaWNvbm9zLmFpIiwic3ViIjo5NSwicm9sZSI6IkxlYXJuZXIiLCJvcmdJZCI6bnVsbCwidGVhbUlkIjpudWxsLCJhdmFpbGFibGVSb2xlcyI6W10sInNpZCI6ImI5NGVjYzQ3LTQ2MDItNDE5Zi1iMmY0LTViOTk1ODhhZjc2MSIsImlhdCI6MTc4NDc5OTY3MSwiZXhwIjoxNzg1NDA0NDcxfQ.XtqvvgxYi_43mtsjpbElbbWChpvHhFSh_eG6XYLo8oU} @ http://semiconlab-staging-alb-124259420.ap-south-1.elb.amazonaws.com/main.dart.js:55885
[  503486ms] [LOG] [ApiService] Response Status: 200 @ http://semiconlab-staging-alb-124259420.ap-south-1.elb.amazonaws.com/main.dart.js:55885
[  503487ms] [LOG] [ApiService] Response URL: http://semiconlab-staging-alb-124259420.ap-south-1.elb.amazonaws.com:3000/v1/labs-api/start-status?domain_id=17 @ http://semiconlab-staging-alb-124259420.ap-south-1.elb.amazonaws.com/main.dart.js:55885
[  508326ms] [LOG] [AuthService] getToken() - token exists: true, token length: 327 @ http://semiconlab-staging-alb-124259420.ap-south-1.elb.amazonaws.com/main.dart.js:55885
[  508327ms] [LOG] [ApiService] GET Request: labs-api/available-labs @ http://semiconlab-staging-alb-124259420.ap-south-1.elb.amazonaws.com/main.dart.js:55885
[  508327ms] [LOG] [ApiService] Headers: {Authorization: Bearer eyJhbGciOiJIUzI1NiIsInR5cCI6IkpXVCJ9.eyJlbWFpbCI6InN1cnlhLm5Ac2VtaWNvbm9zLmFpIiwic3ViIjo5NSwicm9sZSI6IkxlYXJuZXIiLCJvcmdJZCI6bnVsbCwidGVhbUlkIjpudWxsLCJhdmFpbGFibGVSb2xlcyI6W10sInNpZCI6ImI5NGVjYzQ3LTQ2MDItNDE5Zi1iMmY0LTViOTk1ODhhZjc2MSIsImlhdCI6MTc4NDc5OTY3MSwiZXhwIjoxNzg1NDA0NDcxfQ.XtqvvgxYi_43mtsjpbElbbWChpvHhFSh_eG6XYLo8oU} @ http://semiconlab-staging-alb-124259420.ap-south-1.elb.amazonaws.com/main.dart.js:55885
[  508482ms] [LOG] [ApiService] Response Status: 200 @ http://semiconlab-staging-alb-124259420.ap-south-1.elb.amazonaws.com/main.dart.js:55885
[  508482ms] [LOG] [ApiService] Response URL: http://semiconlab-staging-alb-124259420.ap-south-1.elb.amazonaws.com:3000/v1/labs-api/available-labs @ http://semiconlab-staging-alb-124259420.ap-south-1.elb.amazonaws.com/main.dart.js:55885
[  508482ms] [LOG] [AuthService] getToken() - token exists: true, token length: 327 @ http://semiconlab-staging-alb-124259420.ap-south-1.elb.amazonaws.com/main.dart.js:55885
[  508483ms] [LOG] [ApiService] GET Request: labs-api/start-status?domain_id=17 @ http://semiconlab-staging-alb-124259420.ap-south-1.elb.amazonaws.com/main.dart.js:55885
[  508483ms] [LOG] [ApiService] Headers: {Authorization: Bearer eyJhbGciOiJIUzI1NiIsInR5cCI6IkpXVCJ9.eyJlbWFpbCI6InN1cnlhLm5Ac2VtaWNvbm9zLmFpIiwic3ViIjo5NSwicm9sZSI6IkxlYXJuZXIiLCJvcmdJZCI6bnVsbCwidGVhbUlkIjpudWxsLCJhdmFpbGFibGVSb2xlcyI6W10sInNpZCI6ImI5NGVjYzQ3LTQ2MDItNDE5Zi1iMmY0LTViOTk1ODhhZjc2MSIsImlhdCI6MTc4NDc5OTY3MSwiZXhwIjoxNzg1NDA0NDcxfQ.XtqvvgxYi_43mtsjpbElbbWChpvHhFSh_eG6XYLo8oU} @ http://semiconlab-staging-alb-124259420.ap-south-1.elb.amazonaws.com/main.dart.js:55885
[  508549ms] [LOG] [ApiService] Response Status: 200 @ http://semiconlab-staging-alb-124259420.ap-south-1.elb.amazonaws.com/main.dart.js:55885
[  508550ms] [LOG] [ApiService] Response URL: http://semiconlab-staging-alb-124259420.ap-south-1.elb.amazonaws.com:3000/v1/labs-api/start-status?domain_id=17 @ http://semiconlab-staging-alb-124259420.ap-south-1.elb.amazonaws.com/main.dart.js:55885
[  513326ms] [LOG] [AuthService] getToken() - token exists: true, token length: 327 @ http://semiconlab-staging-alb-124259420.ap-south-1.elb.amazonaws.com/main.dart.js:55885
[  513327ms] [LOG] [ApiService] GET Request: labs-api/available-labs @ http://semiconlab-staging-alb-124259420.ap-south-1.elb.amazonaws.com/main.dart.js:55885
[  513327ms] [LOG] [ApiService] Headers: {Authorization: Bearer eyJhbGciOiJIUzI1NiIsInR5cCI6IkpXVCJ9.eyJlbWFpbCI6InN1cnlhLm5Ac2VtaWNvbm9zLmFpIiwic3ViIjo5NSwicm9sZSI6IkxlYXJuZXIiLCJvcmdJZCI6bnVsbCwidGVhbUlkIjpudWxsLCJhdmFpbGFibGVSb2xlcyI6W10sInNpZCI6ImI5NGVjYzQ3LTQ2MDItNDE5Zi1iMmY0LTViOTk1ODhhZjc2MSIsImlhdCI6MTc4NDc5OTY3MSwiZXhwIjoxNzg1NDA0NDcxfQ.XtqvvgxYi_43mtsjpbElbbWChpvHhFSh_eG6XYLo8oU} @ http://semiconlab-staging-alb-124259420.ap-south-1.elb.amazonaws.com/main.dart.js:55885
[  513439ms] [LOG] [ApiService] Response Status: 200 @ http://semiconlab-staging-alb-124259420.ap-south-1.elb.amazonaws.com/main.dart.js:55885
[  513440ms] [LOG] [ApiService] Response URL: http://semiconlab-staging-alb-124259420.ap-south-1.elb.amazonaws.com:3000/v1/labs-api/available-labs @ http://semiconlab-staging-alb-124259420.ap-south-1.elb.amazonaws.com/main.dart.js:55885
[  513440ms] [LOG] [AuthService] getToken() - token exists: true, token length: 327 @ http://semiconlab-staging-alb-124259420.ap-south-1.elb.amazonaws.com/main.dart.js:55885
[  513440ms] [LOG] [ApiService] GET Request: labs-api/start-status?domain_id=17 @ http://semiconlab-staging-alb-124259420.ap-south-1.elb.amazonaws.com/main.dart.js:55885
[  513440ms] [LOG] [ApiService] Headers: {Authorization: Bearer eyJhbGciOiJIUzI1NiIsInR5cCI6IkpXVCJ9.eyJlbWFpbCI6InN1cnlhLm5Ac2VtaWNvbm9zLmFpIiwic3ViIjo5NSwicm9sZSI6IkxlYXJuZXIiLCJvcmdJZCI6bnVsbCwidGVhbUlkIjpudWxsLCJhdmFpbGFibGVSb2xlcyI6W10sInNpZCI6ImI5NGVjYzQ3LTQ2MDItNDE5Zi1iMmY0LTViOTk1ODhhZjc2MSIsImlhdCI6MTc4NDc5OTY3MSwiZXhwIjoxNzg1NDA0NDcxfQ.XtqvvgxYi_43mtsjpbElbbWChpvHhFSh_eG6XYLo8oU} @ http://semiconlab-staging-alb-124259420.ap-south-1.elb.amazonaws.com/main.dart.js:55885
[  513488ms] [LOG] [ApiService] Response Status: 200 @ http://semiconlab-staging-alb-124259420.ap-south-1.elb.amazonaws.com/main.dart.js:55885
[  513488ms] [LOG] [ApiService] Response URL: http://semiconlab-staging-alb-124259420.ap-south-1.elb.amazonaws.com:3000/v1/labs-api/start-status?domain_id=17 @ http://semiconlab-staging-alb-124259420.ap-south-1.elb.amazonaws.com/main.dart.js:55885
[  518326ms] [LOG] [AuthService] getToken() - token exists: true, token length: 327 @ http://semiconlab-staging-alb-124259420.ap-south-1.elb.amazonaws.com/main.dart.js:55885
[  518327ms] [LOG] [ApiService] GET Request: labs-api/available-labs @ http://semiconlab-staging-alb-124259420.ap-south-1.elb.amazonaws.com/main.dart.js:55885
[  518327ms] [LOG] [ApiService] Headers: {Authorization: Bearer eyJhbGciOiJIUzI1NiIsInR5cCI6IkpXVCJ9.eyJlbWFpbCI6InN1cnlhLm5Ac2VtaWNvbm9zLmFpIiwic3ViIjo5NSwicm9sZSI6IkxlYXJuZXIiLCJvcmdJZCI6bnVsbCwidGVhbUlkIjpudWxsLCJhdmFpbGFibGVSb2xlcyI6W10sInNpZCI6ImI5NGVjYzQ3LTQ2MDItNDE5Zi1iMmY0LTViOTk1ODhhZjc2MSIsImlhdCI6MTc4NDc5OTY3MSwiZXhwIjoxNzg1NDA0NDcxfQ.XtqvvgxYi_43mtsjpbElbbWChpvHhFSh_eG6XYLo8oU} @ http://semiconlab-staging-alb-124259420.ap-south-1.elb.amazonaws.com/main.dart.js:55885
[  518465ms] [LOG] [ApiService] Response Status: 200 @ http://semiconlab-staging-alb-124259420.ap-south-1.elb.amazonaws.com/main.dart.js:55885
[  518465ms] [LOG] [ApiService] Response URL: http://semiconlab-staging-alb-124259420.ap-south-1.elb.amazonaws.com:3000/v1/labs-api/available-labs @ http://semiconlab-staging-alb-124259420.ap-south-1.elb.amazonaws.com/main.dart.js:55885
[  518465ms] [LOG] [AuthService] getToken() - token exists: true, token length: 327 @ http://semiconlab-staging-alb-124259420.ap-south-1.elb.amazonaws.com/main.dart.js:55885
[  518466ms] [LOG] [ApiService] GET Request: labs-api/start-status?domain_id=17 @ http://semiconlab-staging-alb-124259420.ap-south-1.elb.amazonaws.com/main.dart.js:55885
[  518466ms] [LOG] [ApiService] Headers: {Authorization: Bearer eyJhbGciOiJIUzI1NiIsInR5cCI6IkpXVCJ9.eyJlbWFpbCI6InN1cnlhLm5Ac2VtaWNvbm9zLmFpIiwic3ViIjo5NSwicm9sZSI6IkxlYXJuZXIiLCJvcmdJZCI6bnVsbCwidGVhbUlkIjpudWxsLCJhdmFpbGFibGVSb2xlcyI6W10sInNpZCI6ImI5NGVjYzQ3LTQ2MDItNDE5Zi1iMmY0LTViOTk1ODhhZjc2MSIsImlhdCI6MTc4NDc5OTY3MSwiZXhwIjoxNzg1NDA0NDcxfQ.XtqvvgxYi_43mtsjpbElbbWChpvHhFSh_eG6XYLo8oU} @ http://semiconlab-staging-alb-124259420.ap-south-1.elb.amazonaws.com/main.dart.js:55885
[  518550ms] [LOG] [ApiService] Response Status: 200 @ http://semiconlab-staging-alb-124259420.ap-south-1.elb.amazonaws.com/main.dart.js:55885
[  518550ms] [LOG] [ApiService] Response URL: http://semiconlab-staging-alb-124259420.ap-south-1.elb.amazonaws.com:3000/v1/labs-api/start-status?domain_id=17 @ http://semiconlab-staging-alb-124259420.ap-south-1.elb.amazonaws.com/main.dart.js:55885
[  523326ms] [LOG] [AuthService] getToken() - token exists: true, token length: 327 @ http://semiconlab-staging-alb-124259420.ap-south-1.elb.amazonaws.com/main.dart.js:55885
[  523327ms] [LOG] [ApiService] GET Request: labs-api/available-labs @ http://semiconlab-staging-alb-124259420.ap-south-1.elb.amazonaws.com/main.dart.js:55885
[  523327ms] [LOG] [ApiService] Headers: {Authorization: Bearer eyJhbGciOiJIUzI1NiIsInR5cCI6IkpXVCJ9.eyJlbWFpbCI6InN1cnlhLm5Ac2VtaWNvbm9zLmFpIiwic3ViIjo5NSwicm9sZSI6IkxlYXJuZXIiLCJvcmdJZCI6bnVsbCwidGVhbUlkIjpudWxsLCJhdmFpbGFibGVSb2xlcyI6W10sInNpZCI6ImI5NGVjYzQ3LTQ2MDItNDE5Zi1iMmY0LTViOTk1ODhhZjc2MSIsImlhdCI6MTc4NDc5OTY3MSwiZXhwIjoxNzg1NDA0NDcxfQ.XtqvvgxYi_43mtsjpbElbbWChpvHhFSh_eG6XYLo8oU} @ http://semiconlab-staging-alb-124259420.ap-south-1.elb.amazonaws.com/main.dart.js:55885
[  523460ms] [LOG] [ApiService] Response Status: 200 @ http://semiconlab-staging-alb-124259420.ap-south-1.elb.amazonaws.com/main.dart.js:55885
[  523461ms] [LOG] [ApiService] Response URL: http://semiconlab-staging-alb-124259420.ap-south-1.elb.amazonaws.com:3000/v1/labs-api/available-labs @ http://semiconlab-staging-alb-124259420.ap-south-1.elb.amazonaws.com/main.dart.js:55885
[  523461ms] [LOG] [AuthService] getToken() - token exists: true, token length: 327 @ http://semiconlab-staging-alb-124259420.ap-south-1.elb.amazonaws.com/main.dart.js:55885
[  523461ms] [LOG] [ApiService] GET Request: labs-api/start-status?domain_id=17 @ http://semiconlab-staging-alb-124259420.ap-south-1.elb.amazonaws.com/main.dart.js:55885
[  523462ms] [LOG] [ApiService] Headers: {Authorization: Bearer eyJhbGciOiJIUzI1NiIsInR5cCI6IkpXVCJ9.eyJlbWFpbCI6InN1cnlhLm5Ac2VtaWNvbm9zLmFpIiwic3ViIjo5NSwicm9sZSI6IkxlYXJuZXIiLCJvcmdJZCI6bnVsbCwidGVhbUlkIjpudWxsLCJhdmFpbGFibGVSb2xlcyI6W10sInNpZCI6ImI5NGVjYzQ3LTQ2MDItNDE5Zi1iMmY0LTViOTk1ODhhZjc2MSIsImlhdCI6MTc4NDc5OTY3MSwiZXhwIjoxNzg1NDA0NDcxfQ.XtqvvgxYi_43mtsjpbElbbWChpvHhFSh_eG6XYLo8oU} @ http://semiconlab-staging-alb-124259420.ap-south-1.elb.amazonaws.com/main.dart.js:55885
[  523507ms] [LOG] [ApiService] Response Status: 200 @ http://semiconlab-staging-alb-124259420.ap-south-1.elb.amazonaws.com/main.dart.js:55885
[  523507ms] [LOG] [ApiService] Response URL: http://semiconlab-staging-alb-124259420.ap-south-1.elb.amazonaws.com:3000/v1/labs-api/start-status?domain_id=17 @ http://semiconlab-staging-alb-124259420.ap-south-1.elb.amazonaws.com/main.dart.js:55885
[  525357ms] [LOG] [AuthService] getToken() - token exists: true, token length: 327 @ http://semiconlab-staging-alb-124259420.ap-south-1.elb.amazonaws.com/main.dart.js:55885
[  525357ms] [LOG] [AuthService] getToken() - token exists: true, token length: 327 @ http://semiconlab-staging-alb-124259420.ap-south-1.elb.amazonaws.com/main.dart.js:55885
[  525357ms] [LOG] [ApiService] GET Request: labs-api/available-labs @ http://semiconlab-staging-alb-124259420.ap-south-1.elb.amazonaws.com/main.dart.js:55885
[  525358ms] [LOG] [ApiService] Headers: {Authorization: Bearer eyJhbGciOiJIUzI1NiIsInR5cCI6IkpXVCJ9.eyJlbWFpbCI6InN1cnlhLm5Ac2VtaWNvbm9zLmFpIiwic3ViIjo5NSwicm9sZSI6IkxlYXJuZXIiLCJvcmdJZCI6bnVsbCwidGVhbUlkIjpudWxsLCJhdmFpbGFibGVSb2xlcyI6W10sInNpZCI6ImI5NGVjYzQ3LTQ2MDItNDE5Zi1iMmY0LTViOTk1ODhhZjc2MSIsImlhdCI6MTc4NDc5OTY3MSwiZXhwIjoxNzg1NDA0NDcxfQ.XtqvvgxYi_43mtsjpbElbbWChpvHhFSh_eG6XYLo8oU} @ http://semiconlab-staging-alb-124259420.ap-south-1.elb.amazonaws.com/main.dart.js:55885
[  525458ms] [LOG] [ApiService] Response Status: 200 @ http://semiconlab-staging-alb-124259420.ap-south-1.elb.amazonaws.com/main.dart.js:55885
[  525458ms] [LOG] [ApiService] Response URL: http://semiconlab-staging-alb-124259420.ap-south-1.elb.amazonaws.com:3000/v1/labs-api/available-labs @ http://semiconlab-staging-alb-124259420.ap-south-1.elb.amazonaws.com/main.dart.js:55885
[  525458ms] [LOG] [AuthService] getToken() - token exists: true, token length: 327 @ http://semiconlab-staging-alb-124259420.ap-south-1.elb.amazonaws.com/main.dart.js:55885
[  525459ms] [LOG] [ApiService] GET Request: /users/95 @ http://semiconlab-staging-alb-124259420.ap-south-1.elb.amazonaws.com/main.dart.js:55885
[  525459ms] [LOG] [ApiService] Headers: {Authorization: Bearer eyJhbGciOiJIUzI1NiIsInR5cCI6IkpXVCJ9.eyJlbWFpbCI6InN1cnlhLm5Ac2VtaWNvbm9zLmFpIiwic3ViIjo5NSwicm9sZSI6IkxlYXJuZXIiLCJvcmdJZCI6bnVsbCwidGVhbUlkIjpudWxsLCJhdmFpbGFibGVSb2xlcyI6W10sInNpZCI6ImI5NGVjYzQ3LTQ2MDItNDE5Zi1iMmY0LTViOTk1ODhhZjc2MSIsImlhdCI6MTc4NDc5OTY3MSwiZXhwIjoxNzg1NDA0NDcxfQ.XtqvvgxYi_43mtsjpbElbbWChpvHhFSh_eG6XYLo8oU} @ http://semiconlab-staging-alb-124259420.ap-south-1.elb.amazonaws.com/main.dart.js:55885
[  525551ms] [LOG] [ApiService] Response Status: 200 @ http://semiconlab-staging-alb-124259420.ap-south-1.elb.amazonaws.com/main.dart.js:55885
[  525551ms] [LOG] [ApiService] Response URL: http://semiconlab-staging-alb-124259420.ap-south-1.elb.amazonaws.com:3000/v1/users/95 @ http://semiconlab-staging-alb-124259420.ap-south-1.elb.amazonaws.com/main.dart.js:55885
[  528327ms] [LOG] [AuthService] getToken() - token exists: true, token length: 327 @ http://semiconlab-staging-alb-124259420.ap-south-1.elb.amazonaws.com/main.dart.js:55885
[  528328ms] [LOG] [ApiService] GET Request: labs-api/available-labs @ http://semiconlab-staging-alb-124259420.ap-south-1.elb.amazonaws.com/main.dart.js:55885
[  528328ms] [LOG] [ApiService] Headers: {Authorization: Bearer eyJhbGciOiJIUzI1NiIsInR5cCI6IkpXVCJ9.eyJlbWFpbCI6InN1cnlhLm5Ac2VtaWNvbm9zLmFpIiwic3ViIjo5NSwicm9sZSI6IkxlYXJuZXIiLCJvcmdJZCI6bnVsbCwidGVhbUlkIjpudWxsLCJhdmFpbGFibGVSb2xlcyI6W10sInNpZCI6ImI5NGVjYzQ3LTQ2MDItNDE5Zi1iMmY0LTViOTk1ODhhZjc2MSIsImlhdCI6MTc4NDc5OTY3MSwiZXhwIjoxNzg1NDA0NDcxfQ.XtqvvgxYi_43mtsjpbElbbWChpvHhFSh_eG6XYLo8oU} @ http://semiconlab-staging-alb-124259420.ap-south-1.elb.amazonaws.com/main.dart.js:55885
[  528431ms] [LOG] [ApiService] Response Status: 200 @ http://semiconlab-staging-alb-124259420.ap-south-1.elb.amazonaws.com/main.dart.js:55885
[  528431ms] [LOG] [ApiService] Response URL: http://semiconlab-staging-alb-124259420.ap-south-1.elb.amazonaws.com:3000/v1/labs-api/available-labs @ http://semiconlab-staging-alb-124259420.ap-south-1.elb.amazonaws.com/main.dart.js:55885
[  528432ms] [LOG] [AuthService] getToken() - token exists: true, token length: 327 @ http://semiconlab-staging-alb-124259420.ap-south-1.elb.amazonaws.com/main.dart.js:55885
[  528432ms] [LOG] [ApiService] GET Request: labs-api/start-status?domain_id=17 @ http://semiconlab-staging-alb-124259420.ap-south-1.elb.amazonaws.com/main.dart.js:55885
[  528432ms] [LOG] [ApiService] Headers: {Authorization: Bearer eyJhbGciOiJIUzI1NiIsInR5cCI6IkpXVCJ9.eyJlbWFpbCI6InN1cnlhLm5Ac2VtaWNvbm9zLmFpIiwic3ViIjo5NSwicm9sZSI6IkxlYXJuZXIiLCJvcmdJZCI6bnVsbCwidGVhbUlkIjpudWxsLCJhdmFpbGFibGVSb2xlcyI6W10sInNpZCI6ImI5NGVjYzQ3LTQ2MDItNDE5Zi1iMmY0LTViOTk1ODhhZjc2MSIsImlhdCI6MTc4NDc5OTY3MSwiZXhwIjoxNzg1NDA0NDcxfQ.XtqvvgxYi_43mtsjpbElbbWChpvHhFSh_eG6XYLo8oU} @ http://semiconlab-staging-alb-124259420.ap-south-1.elb.amazonaws.com/main.dart.js:55885
[  528516ms] [LOG] [ApiService] Response Status: 200 @ http://semiconlab-staging-alb-124259420.ap-south-1.elb.amazonaws.com/main.dart.js:55885
[  528516ms] [LOG] [ApiService] Response URL: http://semiconlab-staging-alb-124259420.ap-south-1.elb.amazonaws.com:3000/v1/labs-api/start-status?domain_id=17 @ http://semiconlab-staging-alb-124259420.ap-south-1.elb.amazonaws.com/main.dart.js:55885
[  533326ms] [LOG] [AuthService] getToken() - token exists: true, token length: 327 @ http://semiconlab-staging-alb-124259420.ap-south-1.elb.amazonaws.com/main.dart.js:55885
[  533327ms] [LOG] [ApiService] GET Request: labs-api/available-labs @ http://semiconlab-staging-alb-124259420.ap-south-1.elb.amazonaws.com/main.dart.js:55885
[  533327ms] [LOG] [ApiService] Headers: {Authorization: Bearer eyJhbGciOiJIUzI1NiIsInR5cCI6IkpXVCJ9.eyJlbWFpbCI6InN1cnlhLm5Ac2VtaWNvbm9zLmFpIiwic3ViIjo5NSwicm9sZSI6IkxlYXJuZXIiLCJvcmdJZCI6bnVsbCwidGVhbUlkIjpudWxsLCJhdmFpbGFibGVSb2xlcyI6W10sInNpZCI6ImI5NGVjYzQ3LTQ2MDItNDE5Zi1iMmY0LTViOTk1ODhhZjc2MSIsImlhdCI6MTc4NDc5OTY3MSwiZXhwIjoxNzg1NDA0NDcxfQ.XtqvvgxYi_43mtsjpbElbbWChpvHhFSh_eG6XYLo8oU} @ http://semiconlab-staging-alb-124259420.ap-south-1.elb.amazonaws.com/main.dart.js:55885
[  533463ms] [LOG] [ApiService] Response Status: 200 @ http://semiconlab-staging-alb-124259420.ap-south-1.elb.amazonaws.com/main.dart.js:55885
[  533464ms] [LOG] [ApiService] Response URL: http://semiconlab-staging-alb-124259420.ap-south-1.elb.amazonaws.com:3000/v1/labs-api/available-labs @ http://semiconlab-staging-alb-124259420.ap-south-1.elb.amazonaws.com/main.dart.js:55885
[  533464ms] [LOG] [AuthService] getToken() - token exists: true, token length: 327 @ http://semiconlab-staging-alb-124259420.ap-south-1.elb.amazonaws.com/main.dart.js:55885
[  533464ms] [LOG] [ApiService] GET Request: labs-api/start-status?domain_id=17 @ http://semiconlab-staging-alb-124259420.ap-south-1.elb.amazonaws.com/main.dart.js:55885
[  533465ms] [LOG] [ApiService] Headers: {Authorization: Bearer eyJhbGciOiJIUzI1NiIsInR5cCI6IkpXVCJ9.eyJlbWFpbCI6InN1cnlhLm5Ac2VtaWNvbm9zLmFpIiwic3ViIjo5NSwicm9sZSI6IkxlYXJuZXIiLCJvcmdJZCI6bnVsbCwidGVhbUlkIjpudWxsLCJhdmFpbGFibGVSb2xlcyI6W10sInNpZCI6ImI5NGVjYzQ3LTQ2MDItNDE5Zi1iMmY0LTViOTk1ODhhZjc2MSIsImlhdCI6MTc4NDc5OTY3MSwiZXhwIjoxNzg1NDA0NDcxfQ.XtqvvgxYi_43mtsjpbElbbWChpvHhFSh_eG6XYLo8oU} @ http://semiconlab-staging-alb-124259420.ap-south-1.elb.amazonaws.com/main.dart.js:55885
[  533544ms] [LOG] [ApiService] Response Status: 200 @ http://semiconlab-staging-alb-124259420.ap-south-1.elb.amazonaws.com/main.dart.js:55885
[  533544ms] [LOG] [ApiService] Response URL: http://semiconlab-staging-alb-124259420.ap-south-1.elb.amazonaws.com:3000/v1/labs-api/start-status?domain_id=17 @ http://semiconlab-staging-alb-124259420.ap-south-1.elb.amazonaws.com/main.dart.js:55885
[  538326ms] [LOG] [AuthService] getToken() - token exists: true, token length: 327 @ http://semiconlab-staging-alb-124259420.ap-south-1.elb.amazonaws.com/main.dart.js:55885
[  538327ms] [LOG] [ApiService] GET Request: labs-api/available-labs @ http://semiconlab-staging-alb-124259420.ap-south-1.elb.amazonaws.com/main.dart.js:55885
[  538327ms] [LOG] [ApiService] Headers: {Authorization: Bearer eyJhbGciOiJIUzI1NiIsInR5cCI6IkpXVCJ9.eyJlbWFpbCI6InN1cnlhLm5Ac2VtaWNvbm9zLmFpIiwic3ViIjo5NSwicm9sZSI6IkxlYXJuZXIiLCJvcmdJZCI6bnVsbCwidGVhbUlkIjpudWxsLCJhdmFpbGFibGVSb2xlcyI6W10sInNpZCI6ImI5NGVjYzQ3LTQ2MDItNDE5Zi1iMmY0LTViOTk1ODhhZjc2MSIsImlhdCI6MTc4NDc5OTY3MSwiZXhwIjoxNzg1NDA0NDcxfQ.XtqvvgxYi_43mtsjpbElbbWChpvHhFSh_eG6XYLo8oU} @ http://semiconlab-staging-alb-124259420.ap-south-1.elb.amazonaws.com/main.dart.js:55885
[  538440ms] [LOG] [ApiService] Response Status: 200 @ http://semiconlab-staging-alb-124259420.ap-south-1.elb.amazonaws.com/main.dart.js:55885
[  538440ms] [LOG] [ApiService] Response URL: http://semiconlab-staging-alb-124259420.ap-south-1.elb.amazonaws.com:3000/v1/labs-api/available-labs @ http://semiconlab-staging-alb-124259420.ap-south-1.elb.amazonaws.com/main.dart.js:55885
[  538440ms] [LOG] [AuthService] getToken() - token exists: true, token length: 327 @ http://semiconlab-staging-alb-124259420.ap-south-1.elb.amazonaws.com/main.dart.js:55885
[  538441ms] [LOG] [ApiService] GET Request: labs-api/start-status?domain_id=17 @ http://semiconlab-staging-alb-124259420.ap-south-1.elb.amazonaws.com/main.dart.js:55885
[  538441ms] [LOG] [ApiService] Headers: {Authorization: Bearer eyJhbGciOiJIUzI1NiIsInR5cCI6IkpXVCJ9.eyJlbWFpbCI6InN1cnlhLm5Ac2VtaWNvbm9zLmFpIiwic3ViIjo5NSwicm9sZSI6IkxlYXJuZXIiLCJvcmdJZCI6bnVsbCwidGVhbUlkIjpudWxsLCJhdmFpbGFibGVSb2xlcyI6W10sInNpZCI6ImI5NGVjYzQ3LTQ2MDItNDE5Zi1iMmY0LTViOTk1ODhhZjc2MSIsImlhdCI6MTc4NDc5OTY3MSwiZXhwIjoxNzg1NDA0NDcxfQ.XtqvvgxYi_43mtsjpbElbbWChpvHhFSh_eG6XYLo8oU} @ http://semiconlab-staging-alb-124259420.ap-south-1.elb.amazonaws.com/main.dart.js:55885
[  538502ms] [LOG] [ApiService] Response Status: 200 @ http://semiconlab-staging-alb-124259420.ap-south-1.elb.amazonaws.com/main.dart.js:55885
[  538502ms] [LOG] [ApiService] Response URL: http://semiconlab-staging-alb-124259420.ap-south-1.elb.amazonaws.com:3000/v1/labs-api/start-status?domain_id=17 @ http://semiconlab-staging-alb-124259420.ap-south-1.elb.amazonaws.com/main.dart.js:55885
[  543326ms] [LOG] [AuthService] getToken() - token exists: true, token length: 327 @ http://semiconlab-staging-alb-124259420.ap-south-1.elb.amazonaws.com/main.dart.js:55885
[  543327ms] [LOG] [ApiService] GET Request: labs-api/available-labs @ http://semiconlab-staging-alb-124259420.ap-south-1.elb.amazonaws.com/main.dart.js:55885
[  543327ms] [LOG] [ApiService] Headers: {Authorization: Bearer eyJhbGciOiJIUzI1NiIsInR5cCI6IkpXVCJ9.eyJlbWFpbCI6InN1cnlhLm5Ac2VtaWNvbm9zLmFpIiwic3ViIjo5NSwicm9sZSI6IkxlYXJuZXIiLCJvcmdJZCI6bnVsbCwidGVhbUlkIjpudWxsLCJhdmFpbGFibGVSb2xlcyI6W10sInNpZCI6ImI5NGVjYzQ3LTQ2MDItNDE5Zi1iMmY0LTViOTk1ODhhZjc2MSIsImlhdCI6MTc4NDc5OTY3MSwiZXhwIjoxNzg1NDA0NDcxfQ.XtqvvgxYi_43mtsjpbElbbWChpvHhFSh_eG6XYLo8oU} @ http://semiconlab-staging-alb-124259420.ap-south-1.elb.amazonaws.com/main.dart.js:55885
[  543468ms] [LOG] [ApiService] Response Status: 200 @ http://semiconlab-staging-alb-124259420.ap-south-1.elb.amazonaws.com/main.dart.js:55885
[  543469ms] [LOG] [ApiService] Response URL: http://semiconlab-staging-alb-124259420.ap-south-1.elb.amazonaws.com:3000/v1/labs-api/available-labs @ http://semiconlab-staging-alb-124259420.ap-south-1.elb.amazonaws.com/main.dart.js:55885
[  543469ms] [LOG] [AuthService] getToken() - token exists: true, token length: 327 @ http://semiconlab-staging-alb-124259420.ap-south-1.elb.amazonaws.com/main.dart.js:55885
[  543469ms] [LOG] [ApiService] GET Request: labs-api/start-status?domain_id=17 @ http://semiconlab-staging-alb-124259420.ap-south-1.elb.amazonaws.com/main.dart.js:55885
[  543470ms] [LOG] [ApiService] Headers: {Authorization: Bearer eyJhbGciOiJIUzI1NiIsInR5cCI6IkpXVCJ9.eyJlbWFpbCI6InN1cnlhLm5Ac2VtaWNvbm9zLmFpIiwic3ViIjo5NSwicm9sZSI6IkxlYXJuZXIiLCJvcmdJZCI6bnVsbCwidGVhbUlkIjpudWxsLCJhdmFpbGFibGVSb2xlcyI6W10sInNpZCI6ImI5NGVjYzQ3LTQ2MDItNDE5Zi1iMmY0LTViOTk1ODhhZjc2MSIsImlhdCI6MTc4NDc5OTY3MSwiZXhwIjoxNzg1NDA0NDcxfQ.XtqvvgxYi_43mtsjpbElbbWChpvHhFSh_eG6XYLo8oU} @ http://semiconlab-staging-alb-124259420.ap-south-1.elb.amazonaws.com/main.dart.js:55885
[  543539ms] [LOG] [ApiService] Response Status: 200 @ http://semiconlab-staging-alb-124259420.ap-south-1.elb.amazonaws.com/main.dart.js:55885
[  543539ms] [LOG] [ApiService] Response URL: http://semiconlab-staging-alb-124259420.ap-south-1.elb.amazonaws.com:3000/v1/labs-api/start-status?domain_id=17 @ http://semiconlab-staging-alb-124259420.ap-south-1.elb.amazonaws.com/main.dart.js:55885
[  548326ms] [LOG] [AuthService] getToken() - token exists: true, token length: 327 @ http://semiconlab-staging-alb-124259420.ap-south-1.elb.amazonaws.com/main.dart.js:55885
[  548327ms] [LOG] [ApiService] GET Request: labs-api/available-labs @ http://semiconlab-staging-alb-124259420.ap-south-1.elb.amazonaws.com/main.dart.js:55885
[  548327ms] [LOG] [ApiService] Headers: {Authorization: Bearer eyJhbGciOiJIUzI1NiIsInR5cCI6IkpXVCJ9.eyJlbWFpbCI6InN1cnlhLm5Ac2VtaWNvbm9zLmFpIiwic3ViIjo5NSwicm9sZSI6IkxlYXJuZXIiLCJvcmdJZCI6bnVsbCwidGVhbUlkIjpudWxsLCJhdmFpbGFibGVSb2xlcyI6W10sInNpZCI6ImI5NGVjYzQ3LTQ2MDItNDE5Zi1iMmY0LTViOTk1ODhhZjc2MSIsImlhdCI6MTc4NDc5OTY3MSwiZXhwIjoxNzg1NDA0NDcxfQ.XtqvvgxYi_43mtsjpbElbbWChpvHhFSh_eG6XYLo8oU} @ http://semiconlab-staging-alb-124259420.ap-south-1.elb.amazonaws.com/main.dart.js:55885
[  548430ms] [LOG] [ApiService] Response Status: 200 @ http://semiconlab-staging-alb-124259420.ap-south-1.elb.amazonaws.com/main.dart.js:55885
[  548431ms] [LOG] [ApiService] Response URL: http://semiconlab-staging-alb-124259420.ap-south-1.elb.amazonaws.com:3000/v1/labs-api/available-labs @ http://semiconlab-staging-alb-124259420.ap-south-1.elb.amazonaws.com/main.dart.js:55885
[  548431ms] [LOG] [AuthService] getToken() - token exists: true, token length: 327 @ http://semiconlab-staging-alb-124259420.ap-south-1.elb.amazonaws.com/main.dart.js:55885
[  548431ms] [LOG] [ApiService] GET Request: labs-api/start-status?domain_id=17 @ http://semiconlab-staging-alb-124259420.ap-south-1.elb.amazonaws.com/main.dart.js:55885
[  548432ms] [LOG] [ApiService] Headers: {Authorization: Bearer eyJhbGciOiJIUzI1NiIsInR5cCI6IkpXVCJ9.eyJlbWFpbCI6InN1cnlhLm5Ac2VtaWNvbm9zLmFpIiwic3ViIjo5NSwicm9sZSI6IkxlYXJuZXIiLCJvcmdJZCI6bnVsbCwidGVhbUlkIjpudWxsLCJhdmFpbGFibGVSb2xlcyI6W10sInNpZCI6ImI5NGVjYzQ3LTQ2MDItNDE5Zi1iMmY0LTViOTk1ODhhZjc2MSIsImlhdCI6MTc4NDc5OTY3MSwiZXhwIjoxNzg1NDA0NDcxfQ.XtqvvgxYi_43mtsjpbElbbWChpvHhFSh_eG6XYLo8oU} @ http://semiconlab-staging-alb-124259420.ap-south-1.elb.amazonaws.com/main.dart.js:55885
[  548472ms] [LOG] [ApiService] Response Status: 200 @ http://semiconlab-staging-alb-124259420.ap-south-1.elb.amazonaws.com/main.dart.js:55885
[  548472ms] [LOG] [ApiService] Response URL: http://semiconlab-staging-alb-124259420.ap-south-1.elb.amazonaws.com:3000/v1/labs-api/start-status?domain_id=17 @ http://semiconlab-staging-alb-124259420.ap-south-1.elb.amazonaws.com/main.dart.js:55885
