[  129154ms] [LOG] 🎉 DV Training Module - Interactive features loaded successfully! @ http://semiconlab-staging-alb-124259420.ap-south-1.elb.amazonaws.com/assets/common/interactive.js:129
[  131765ms] [LOG] [AuthService] getToken() - token exists: true, token length: 327 @ http://semiconlab-staging-alb-124259420.ap-south-1.elb.amazonaws.com/main.dart.js:55772
[  131766ms] [LOG] [AuthProvider] _loadUser() - hasToken: true @ http://semiconlab-staging-alb-124259420.ap-south-1.elb.amazonaws.com/main.dart.js:55772
[  131770ms] [LOG] [AuthProvider] Loaded user from storage: surya.n@semiconos.ai @ http://semiconlab-staging-alb-124259420.ap-south-1.elb.amazonaws.com/main.dart.js:55772
[  131770ms] [LOG] [AuthService] getToken() - token exists: true, token length: 327 @ http://semiconlab-staging-alb-124259420.ap-south-1.elb.amazonaws.com/main.dart.js:55772
[  131772ms] [LOG] [ApiService] GET Request: /users/profile/me @ http://semiconlab-staging-alb-124259420.ap-south-1.elb.amazonaws.com/main.dart.js:55772
[  131772ms] [LOG] [ApiService] Headers: {Authorization: Bearer eyJhbGciOiJIUzI1NiIsInR5cCI6IkpXVCJ9.eyJlbWFpbCI6InN1cnlhLm5Ac2VtaWNvbm9zLmFpIiwic3ViIjo5NSwicm9sZSI6IkxlYXJuZXIiLCJvcmdJZCI6bnVsbCwidGVhbUlkIjpudWxsLCJhdmFpbGFibGVSb2xlcyI6W10sInNpZCI6ImI5NGVjYzQ3LTQ2MDItNDE5Zi1iMmY0LTViOTk1ODhhZjc2MSIsImlhdCI6MTc4NDc5OTY3MSwiZXhwIjoxNzg1NDA0NDcxfQ.XtqvvgxYi_43mtsjpbElbbWChpvHhFSh_eG6XYLo8oU} @ http://semiconlab-staging-alb-124259420.ap-south-1.elb.amazonaws.com/main.dart.js:55772
[  131853ms] [LOG] [LearnerRouteChecker] Checking pending payment for user 95... @ http://semiconlab-staging-alb-124259420.ap-south-1.elb.amazonaws.com/main.dart.js:55772
[  131869ms] [LOG] [AuthService] getToken() - token exists: true, token length: 327 @ http://semiconlab-staging-alb-124259420.ap-south-1.elb.amazonaws.com/main.dart.js:55772
[  131870ms] [LOG] [ApiService] GET Request: /users/95/pending-payment @ http://semiconlab-staging-alb-124259420.ap-south-1.elb.amazonaws.com/main.dart.js:55772
[  131870ms] [LOG] [ApiService] Headers: {Authorization: Bearer eyJhbGciOiJIUzI1NiIsInR5cCI6IkpXVCJ9.eyJlbWFpbCI6InN1cnlhLm5Ac2VtaWNvbm9zLmFpIiwic3ViIjo5NSwicm9sZSI6IkxlYXJuZXIiLCJvcmdJZCI6bnVsbCwidGVhbUlkIjpudWxsLCJhdmFpbGFibGVSb2xlcyI6W10sInNpZCI6ImI5NGVjYzQ3LTQ2MDItNDE5Zi1iMmY0LTViOTk1ODhhZjc2MSIsImlhdCI6MTc4NDc5OTY3MSwiZXhwIjoxNzg1NDA0NDcxfQ.XtqvvgxYi_43mtsjpbElbbWChpvHhFSh_eG6XYLo8oU} @ http://semiconlab-staging-alb-124259420.ap-south-1.elb.amazonaws.com/main.dart.js:55772
[  132148ms] [WARNING] [.WebGL-0x3ab405da7c00]GL Driver Message (OpenGL, Performance, GL_CLOSE_PATH_NV, High): GPU stall due to ReadPixels @ http://semiconlab-staging-alb-124259420.ap-south-1.elb.amazonaws.com/learner/home:0
[  132178ms] [WARNING] [.WebGL-0x3ab405da7c00]GL Driver Message (OpenGL, Performance, GL_CLOSE_PATH_NV, High): GPU stall due to ReadPixels @ http://semiconlab-staging-alb-124259420.ap-south-1.elb.amazonaws.com/learner/home:0
[  132212ms] [WARNING] [.WebGL-0x3ab405da7c00]GL Driver Message (OpenGL, Performance, GL_CLOSE_PATH_NV, High): GPU stall due to ReadPixels @ http://semiconlab-staging-alb-124259420.ap-south-1.elb.amazonaws.com/learner/home:0
[  132233ms] [WARNING] [.WebGL-0x3ab405da7c00]GL Driver Message (OpenGL, Performance, GL_CLOSE_PATH_NV, High): GPU stall due to ReadPixels (this message will no longer repeat) @ http://semiconlab-staging-alb-124259420.ap-south-1.elb.amazonaws.com/learner/home:0
[  146868ms] [LOG] [LearnerRouteChecker] Error checking pending payment: TimeoutException after 0:00:15.000000: Future not completed @ http://semiconlab-staging-alb-124259420.ap-south-1.elb.amazonaws.com/main.dart.js:55772
[  146870ms] [LOG] [LearnerRouteChecker] Checking enrollment status... @ http://semiconlab-staging-alb-124259420.ap-south-1.elb.amazonaws.com/main.dart.js:55772
[  146871ms] [LOG] [AuthService] getToken() - token exists: true, token length: 327 @ http://semiconlab-staging-alb-124259420.ap-south-1.elb.amazonaws.com/main.dart.js:55772
[  146872ms] [LOG] [ApiService] GET Request: /users/95/modules?limit=100 @ http://semiconlab-staging-alb-124259420.ap-south-1.elb.amazonaws.com/main.dart.js:55772
[  146872ms] [LOG] [ApiService] Headers: {Authorization: Bearer eyJhbGciOiJIUzI1NiIsInR5cCI6IkpXVCJ9.eyJlbWFpbCI6InN1cnlhLm5Ac2VtaWNvbm9zLmFpIiwic3ViIjo5NSwicm9sZSI6IkxlYXJuZXIiLCJvcmdJZCI6bnVsbCwidGVhbUlkIjpudWxsLCJhdmFpbGFibGVSb2xlcyI6W10sInNpZCI6ImI5NGVjYzQ3LTQ2MDItNDE5Zi1iMmY0LTViOTk1ODhhZjc2MSIsImlhdCI6MTc4NDc5OTY3MSwiZXhwIjoxNzg1NDA0NDcxfQ.XtqvvgxYi_43mtsjpbElbbWChpvHhFSh_eG6XYLo8oU} @ http://semiconlab-staging-alb-124259420.ap-south-1.elb.amazonaws.com/main.dart.js:55772
[  146873ms] [LOG] [AuthService] getToken() - token exists: true, token length: 327 @ http://semiconlab-staging-alb-124259420.ap-south-1.elb.amazonaws.com/main.dart.js:55772
[  146874ms] [LOG] [ApiService] GET Request: /users/95/skills @ http://semiconlab-staging-alb-124259420.ap-south-1.elb.amazonaws.com/main.dart.js:55772
[  146874ms] [LOG] [ApiService] Headers: {Authorization: Bearer eyJhbGciOiJIUzI1NiIsInR5cCI6IkpXVCJ9.eyJlbWFpbCI6InN1cnlhLm5Ac2VtaWNvbm9zLmFpIiwic3ViIjo5NSwicm9sZSI6IkxlYXJuZXIiLCJvcmdJZCI6bnVsbCwidGVhbUlkIjpudWxsLCJhdmFpbGFibGVSb2xlcyI6W10sInNpZCI6ImI5NGVjYzQ3LTQ2MDItNDE5Zi1iMmY0LTViOTk1ODhhZjc2MSIsImlhdCI6MTc4NDc5OTY3MSwiZXhwIjoxNzg1NDA0NDcxfQ.XtqvvgxYi_43mtsjpbElbbWChpvHhFSh_eG6XYLo8oU} @ http://semiconlab-staging-alb-124259420.ap-south-1.elb.amazonaws.com/main.dart.js:55772
[  146874ms] [LOG] [AuthService] getToken() - token exists: true, token length: 327 @ http://semiconlab-staging-alb-124259420.ap-south-1.elb.amazonaws.com/main.dart.js:55772
[  146875ms] [LOG] [ApiService] GET Request: /users/95 @ http://semiconlab-staging-alb-124259420.ap-south-1.elb.amazonaws.com/main.dart.js:55772
[  146875ms] [LOG] [ApiService] Headers: {Authorization: Bearer eyJhbGciOiJIUzI1NiIsInR5cCI6IkpXVCJ9.eyJlbWFpbCI6InN1cnlhLm5Ac2VtaWNvbm9zLmFpIiwic3ViIjo5NSwicm9sZSI6IkxlYXJuZXIiLCJvcmdJZCI6bnVsbCwidGVhbUlkIjpudWxsLCJhdmFpbGFibGVSb2xlcyI6W10sInNpZCI6ImI5NGVjYzQ3LTQ2MDItNDE5Zi1iMmY0LTViOTk1ODhhZjc2MSIsImlhdCI6MTc4NDc5OTY3MSwiZXhwIjoxNzg1NDA0NDcxfQ.XtqvvgxYi_43mtsjpbElbbWChpvHhFSh_eG6XYLo8oU} @ http://semiconlab-staging-alb-124259420.ap-south-1.elb.amazonaws.com/main.dart.js:55772
[  161884ms] [LOG] [LearnerRouteChecker] Error checking enrollments: TimeoutException after 0:00:15.000000: Future not completed @ http://semiconlab-staging-alb-124259420.ap-south-1.elb.amazonaws.com/main.dart.js:55772
[  161977ms] [LOG] [AuthService] getToken() - token exists: true, token length: 327 @ http://semiconlab-staging-alb-124259420.ap-south-1.elb.amazonaws.com/main.dart.js:55772
[  161978ms] [LOG] [ApiService] GET Request: /notifications/unread @ http://semiconlab-staging-alb-124259420.ap-south-1.elb.amazonaws.com/main.dart.js:55772
[  161978ms] [LOG] [ApiService] Headers: {Authorization: Bearer eyJhbGciOiJIUzI1NiIsInR5cCI6IkpXVCJ9.eyJlbWFpbCI6InN1cnlhLm5Ac2VtaWNvbm9zLmFpIiwic3ViIjo5NSwicm9sZSI6IkxlYXJuZXIiLCJvcmdJZCI6bnVsbCwidGVhbUlkIjpudWxsLCJhdmFpbGFibGVSb2xlcyI6W10sInNpZCI6ImI5NGVjYzQ3LTQ2MDItNDE5Zi1iMmY0LTViOTk1ODhhZjc2MSIsImlhdCI6MTc4NDc5OTY3MSwiZXhwIjoxNzg1NDA0NDcxfQ.XtqvvgxYi_43mtsjpbElbbWChpvHhFSh_eG6XYLo8oU} @ http://semiconlab-staging-alb-124259420.ap-south-1.elb.amazonaws.com/main.dart.js:55772
[  161979ms] [LOG] [AuthService] getToken() - token exists: true, token length: 327 @ http://semiconlab-staging-alb-124259420.ap-south-1.elb.amazonaws.com/main.dart.js:55772
[  161979ms] [LOG] [AuthService] getToken() - token exists: true, token length: 327 @ http://semiconlab-staging-alb-124259420.ap-south-1.elb.amazonaws.com/main.dart.js:55772
[  161980ms] [LOG] [ApiService] GET Request: /users/profile/me @ http://semiconlab-staging-alb-124259420.ap-south-1.elb.amazonaws.com/main.dart.js:55772
[  161980ms] [LOG] [ApiService] Headers: {Authorization: Bearer eyJhbGciOiJIUzI1NiIsInR5cCI6IkpXVCJ9.eyJlbWFpbCI6InN1cnlhLm5Ac2VtaWNvbm9zLmFpIiwic3ViIjo5NSwicm9sZSI6IkxlYXJuZXIiLCJvcmdJZCI6bnVsbCwidGVhbUlkIjpudWxsLCJhdmFpbGFibGVSb2xlcyI6W10sInNpZCI6ImI5NGVjYzQ3LTQ2MDItNDE5Zi1iMmY0LTViOTk1ODhhZjc2MSIsImlhdCI6MTc4NDc5OTY3MSwiZXhwIjoxNzg1NDA0NDcxfQ.XtqvvgxYi_43mtsjpbElbbWChpvHhFSh_eG6XYLo8oU} @ http://semiconlab-staging-alb-124259420.ap-south-1.elb.amazonaws.com/main.dart.js:55772
[  161995ms] [LOG] [AuthService] getToken() - token exists: true, token length: 327 @ http://semiconlab-staging-alb-124259420.ap-south-1.elb.amazonaws.com/main.dart.js:55772
[  161995ms] [LOG] [AuthService] getToken() - token exists: true, token length: 327 @ http://semiconlab-staging-alb-124259420.ap-south-1.elb.amazonaws.com/main.dart.js:55772
[  161995ms] [LOG] [AuthService] getToken() - token exists: true, token length: 327 @ http://semiconlab-staging-alb-124259420.ap-south-1.elb.amazonaws.com/main.dart.js:55772
[  161996ms] [LOG] [AuthService] getToken() - token exists: true, token length: 327 @ http://semiconlab-staging-alb-124259420.ap-south-1.elb.amazonaws.com/main.dart.js:55772
[  161996ms] [LOG] [ApiService] GET Request: labs-api/available-labs @ http://semiconlab-staging-alb-124259420.ap-south-1.elb.amazonaws.com/main.dart.js:55772
[  161996ms] [LOG] [ApiService] Headers: {Authorization: Bearer eyJhbGciOiJIUzI1NiIsInR5cCI6IkpXVCJ9.eyJlbWFpbCI6InN1cnlhLm5Ac2VtaWNvbm9zLmFpIiwic3ViIjo5NSwicm9sZSI6IkxlYXJuZXIiLCJvcmdJZCI6bnVsbCwidGVhbUlkIjpudWxsLCJhdmFpbGFibGVSb2xlcyI6W10sInNpZCI6ImI5NGVjYzQ3LTQ2MDItNDE5Zi1iMmY0LTViOTk1ODhhZjc2MSIsImlhdCI6MTc4NDc5OTY3MSwiZXhwIjoxNzg1NDA0NDcxfQ.XtqvvgxYi_43mtsjpbElbbWChpvHhFSh_eG6XYLo8oU} @ http://semiconlab-staging-alb-124259420.ap-south-1.elb.amazonaws.com/main.dart.js:55772
[  161997ms] [LOG] [AuthService] getToken() - token exists: true, token length: 327 @ http://semiconlab-staging-alb-124259420.ap-south-1.elb.amazonaws.com/main.dart.js:55772
[  161997ms] [LOG] [ApiService] GET Request: /users/95 @ http://semiconlab-staging-alb-124259420.ap-south-1.elb.amazonaws.com/main.dart.js:55772
[  161997ms] [LOG] [ApiService] Headers: {Authorization: Bearer eyJhbGciOiJIUzI1NiIsInR5cCI6IkpXVCJ9.eyJlbWFpbCI6InN1cnlhLm5Ac2VtaWNvbm9zLmFpIiwic3ViIjo5NSwicm9sZSI6IkxlYXJuZXIiLCJvcmdJZCI6bnVsbCwidGVhbUlkIjpudWxsLCJhdmFpbGFibGVSb2xlcyI6W10sInNpZCI6ImI5NGVjYzQ3LTQ2MDItNDE5Zi1iMmY0LTViOTk1ODhhZjc2MSIsImlhdCI6MTc4NDc5OTY3MSwiZXhwIjoxNzg1NDA0NDcxfQ.XtqvvgxYi_43mtsjpbElbbWChpvHhFSh_eG6XYLo8oU} @ http://semiconlab-staging-alb-124259420.ap-south-1.elb.amazonaws.com/main.dart.js:55772
[  162859ms] [LOG] [ApiService] Error: The request connection took longer than 0:00:30.000000 and it was aborted. To get rid of this exception, try raising the RequestOptions.connectTimeout above the duration of 0:00:30.000000 or improve the response time of the server. @ http://semiconlab-staging-alb-124259420.ap-south-1.elb.amazonaws.com/main.dart.js:55772
[  162860ms] [LOG] [ApiService] Error Type: DioExceptionType.connectionTimeout @ http://semiconlab-staging-alb-124259420.ap-south-1.elb.amazonaws.com/main.dart.js:55772
[  162860ms] [LOG] [ApiService] Error Response: null @ http://semiconlab-staging-alb-124259420.ap-south-1.elb.amazonaws.com/main.dart.js:55772
[  162860ms] [LOG] [ApiService] Request URL: http://semiconlab-staging-alb-124259420.ap-south-1.elb.amazonaws.com:3000/v1/users/profile/me @ http://semiconlab-staging-alb-124259420.ap-south-1.elb.amazonaws.com/main.dart.js:55772
[  162861ms] [LOG] [AuthService] Error refreshing user profile: Connection timeout. Please check your internet connection. @ http://semiconlab-staging-alb-124259420.ap-south-1.elb.amazonaws.com/main.dart.js:55772
[  162861ms] [LOG] [AuthProvider] Profile refresh skipped/failed — keeping cached user @ http://semiconlab-staging-alb-124259420.ap-south-1.elb.amazonaws.com/main.dart.js:55772
[  162863ms] [LOG] [ApiService] Error: The request connection took longer than 0:00:30.000000 and it was aborted. To get rid of this exception, try raising the RequestOptions.connectTimeout above the duration of 0:00:30.000000 or improve the response time of the server. @ http://semiconlab-staging-alb-124259420.ap-south-1.elb.amazonaws.com/main.dart.js:55772
[  162863ms] [LOG] [ApiService] Error Type: DioExceptionType.connectionTimeout @ http://semiconlab-staging-alb-124259420.ap-south-1.elb.amazonaws.com/main.dart.js:55772
[  162863ms] [LOG] [ApiService] Error Response: null @ http://semiconlab-staging-alb-124259420.ap-south-1.elb.amazonaws.com/main.dart.js:55772
[  162864ms] [LOG] [ApiService] Request URL: http://semiconlab-staging-alb-124259420.ap-south-1.elb.amazonaws.com:3000/v1/users/95/pending-payment @ http://semiconlab-staging-alb-124259420.ap-south-1.elb.amazonaws.com/main.dart.js:55772
[  162864ms] [LOG] [AuthService] checkPendingPayment error for user 95: Connection timeout. Please check your internet connection. @ http://semiconlab-staging-alb-124259420.ap-south-1.elb.amazonaws.com/main.dart.js:55772
[  162864ms] [LOG] Error in checkPendingPayment for user 95: Connection timeout. Please check your internet connection. @ http://semiconlab-staging-alb-124259420.ap-south-1.elb.amazonaws.com/main.dart.js:55772
[  162975ms] [LOG] [AuthService] getToken() - token exists: true, token length: 327 @ http://semiconlab-staging-alb-124259420.ap-south-1.elb.amazonaws.com/main.dart.js:55772
[  163044ms] [LOG] [AuthService] getToken() - token exists: true, token length: 327 @ http://semiconlab-staging-alb-124259420.ap-south-1.elb.amazonaws.com/main.dart.js:55772
[  163045ms] [LOG] [AuthService] getToken() - token exists: true, token length: 327 @ http://semiconlab-staging-alb-124259420.ap-south-1.elb.amazonaws.com/main.dart.js:55772
[  163045ms] [LOG] [AuthService] getToken() - token exists: true, token length: 327 @ http://semiconlab-staging-alb-124259420.ap-south-1.elb.amazonaws.com/main.dart.js:55772
[  163045ms] [LOG] [ApiService] GET Request: /users/95 @ http://semiconlab-staging-alb-124259420.ap-south-1.elb.amazonaws.com/main.dart.js:55772
[  163046ms] [LOG] [ApiService] Headers: {Authorization: Bearer eyJhbGciOiJIUzI1NiIsInR5cCI6IkpXVCJ9.eyJlbWFpbCI6InN1cnlhLm5Ac2VtaWNvbm9zLmFpIiwic3ViIjo5NSwicm9sZSI6IkxlYXJuZXIiLCJvcmdJZCI6bnVsbCwidGVhbUlkIjpudWxsLCJhdmFpbGFibGVSb2xlcyI6W10sInNpZCI6ImI5NGVjYzQ3LTQ2MDItNDE5Zi1iMmY0LTViOTk1ODhhZjc2MSIsImlhdCI6MTc4NDc5OTY3MSwiZXhwIjoxNzg1NDA0NDcxfQ.XtqvvgxYi_43mtsjpbElbbWChpvHhFSh_eG6XYLo8oU} @ http://semiconlab-staging-alb-124259420.ap-south-1.elb.amazonaws.com/main.dart.js:55772
[  176992ms] [LOG] [ApiService] Error: The request connection took longer than 0:00:30.000000 and it was aborted. To get rid of this exception, try raising the RequestOptions.connectTimeout above the duration of 0:00:30.000000 or improve the response time of the server. @ http://semiconlab-staging-alb-124259420.ap-south-1.elb.amazonaws.com/main.dart.js:55772
[  176992ms] [LOG] [ApiService] Error Type: DioExceptionType.connectionTimeout @ http://semiconlab-staging-alb-124259420.ap-south-1.elb.amazonaws.com/main.dart.js:55772
[  176992ms] [LOG] [ApiService] Error Response: null @ http://semiconlab-staging-alb-124259420.ap-south-1.elb.amazonaws.com/main.dart.js:55772
[  176992ms] [LOG] [ApiService] Request URL: http://semiconlab-staging-alb-124259420.ap-south-1.elb.amazonaws.com:3000/v1/users/95/modules?limit=100 @ http://semiconlab-staging-alb-124259420.ap-south-1.elb.amazonaws.com/main.dart.js:55772
[  176993ms] [LOG] [ApiService] Error: The request connection took longer than 0:00:30.000000 and it was aborted. To get rid of this exception, try raising the RequestOptions.connectTimeout above the duration of 0:00:30.000000 or improve the response time of the server. @ http://semiconlab-staging-alb-124259420.ap-south-1.elb.amazonaws.com/main.dart.js:55772
[  176993ms] [LOG] [ApiService] Error Type: DioExceptionType.connectionTimeout @ http://semiconlab-staging-alb-124259420.ap-south-1.elb.amazonaws.com/main.dart.js:55772
[  176993ms] [LOG] [ApiService] Error Response: null @ http://semiconlab-staging-alb-124259420.ap-south-1.elb.amazonaws.com/main.dart.js:55772
[  176993ms] [LOG] [ApiService] Request URL: http://semiconlab-staging-alb-124259420.ap-south-1.elb.amazonaws.com:3000/v1/users/95/skills @ http://semiconlab-staging-alb-124259420.ap-south-1.elb.amazonaws.com/main.dart.js:55772
[  176994ms] [LOG] [UserService] getUserSkills error: Connection timeout. Please check your internet connection. @ http://semiconlab-staging-alb-124259420.ap-south-1.elb.amazonaws.com/main.dart.js:55772
[  176994ms] [LOG] [ApiService] Error: The request connection took longer than 0:00:30.000000 and it was aborted. To get rid of this exception, try raising the RequestOptions.connectTimeout above the duration of 0:00:30.000000 or improve the response time of the server. @ http://semiconlab-staging-alb-124259420.ap-south-1.elb.amazonaws.com/main.dart.js:55772
[  176994ms] [LOG] [ApiService] Error Type: DioExceptionType.connectionTimeout @ http://semiconlab-staging-alb-124259420.ap-south-1.elb.amazonaws.com/main.dart.js:55772
[  176994ms] [LOG] [ApiService] Error Response: null @ http://semiconlab-staging-alb-124259420.ap-south-1.elb.amazonaws.com/main.dart.js:55772
[  176995ms] [LOG] [ApiService] Request URL: http://semiconlab-staging-alb-124259420.ap-south-1.elb.amazonaws.com:3000/v1/users/95 @ http://semiconlab-staging-alb-124259420.ap-south-1.elb.amazonaws.com/main.dart.js:55772
[  192874ms] [LOG] [ApiService] Error: The request connection took longer than 0:00:30.000000 and it was aborted. To get rid of this exception, try raising the RequestOptions.connectTimeout above the duration of 0:00:30.000000 or improve the response time of the server. @ http://semiconlab-staging-alb-124259420.ap-south-1.elb.amazonaws.com/main.dart.js:55772
[  192875ms] [LOG] [ApiService] Error Type: DioExceptionType.connectionTimeout @ http://semiconlab-staging-alb-124259420.ap-south-1.elb.amazonaws.com/main.dart.js:55772
[  192875ms] [LOG] [ApiService] Error Response: null @ http://semiconlab-staging-alb-124259420.ap-south-1.elb.amazonaws.com/main.dart.js:55772
[  192875ms] [LOG] [ApiService] Request URL: http://semiconlab-staging-alb-124259420.ap-south-1.elb.amazonaws.com:3000/v1/notifications/unread @ http://semiconlab-staging-alb-124259420.ap-south-1.elb.amazonaws.com/main.dart.js:55772
[  192876ms] [LOG] [ApiService] Error: The request connection took longer than 0:00:30.000000 and it was aborted. To get rid of this exception, try raising the RequestOptions.connectTimeout above the duration of 0:00:30.000000 or improve the response time of the server. @ http://semiconlab-staging-alb-124259420.ap-south-1.elb.amazonaws.com/main.dart.js:55772
[  192876ms] [LOG] [ApiService] Error Type: DioExceptionType.connectionTimeout @ http://semiconlab-staging-alb-124259420.ap-south-1.elb.amazonaws.com/main.dart.js:55772
[  192876ms] [LOG] [ApiService] Error Response: null @ http://semiconlab-staging-alb-124259420.ap-south-1.elb.amazonaws.com/main.dart.js:55772
[  192876ms] [LOG] [ApiService] Request URL: http://semiconlab-staging-alb-124259420.ap-south-1.elb.amazonaws.com:3000/v1/users/profile/me @ http://semiconlab-staging-alb-124259420.ap-south-1.elb.amazonaws.com/main.dart.js:55772
[  192876ms] [LOG] [AuthService] Error refreshing user profile: Connection timeout. Please check your internet connection. @ http://semiconlab-staging-alb-124259420.ap-south-1.elb.amazonaws.com/main.dart.js:55772
[  192879ms] [LOG] [ApiService] GET Request: /subscriptions/available-domains @ http://semiconlab-staging-alb-124259420.ap-south-1.elb.amazonaws.com/main.dart.js:55772
[  192879ms] [LOG] [ApiService] Headers: {} @ http://semiconlab-staging-alb-124259420.ap-south-1.elb.amazonaws.com/main.dart.js:55772
[  192880ms] [LOG] [ApiService] Error: The request connection took longer than 0:00:30.000000 and it was aborted. To get rid of this exception, try raising the RequestOptions.connectTimeout above the duration of 0:00:30.000000 or improve the response time of the server. @ http://semiconlab-staging-alb-124259420.ap-south-1.elb.amazonaws.com/main.dart.js:55772
[  192880ms] [LOG] [ApiService] Error Type: DioExceptionType.connectionTimeout @ http://semiconlab-staging-alb-124259420.ap-south-1.elb.amazonaws.com/main.dart.js:55772
[  192880ms] [LOG] [ApiService] Error Response: null @ http://semiconlab-staging-alb-124259420.ap-south-1.elb.amazonaws.com/main.dart.js:55772
[  192881ms] [LOG] [ApiService] Request URL: http://semiconlab-staging-alb-124259420.ap-south-1.elb.amazonaws.com:3000/v1/labs-api/available-labs @ http://semiconlab-staging-alb-124259420.ap-south-1.elb.amazonaws.com/main.dart.js:55772
[  192881ms] [LOG] [LabHoursLiveSync] poll failed: Connection timeout. Please check your internet connection. @ http://semiconlab-staging-alb-124259420.ap-south-1.elb.amazonaws.com/main.dart.js:55772
[  192894ms] [LOG] [AuthService] getToken() - token exists: true, token length: 327 @ http://semiconlab-staging-alb-124259420.ap-south-1.elb.amazonaws.com/main.dart.js:55772
[  192913ms] [LOG] [AuthService] getToken() - token exists: true, token length: 327 @ http://semiconlab-staging-alb-124259420.ap-south-1.elb.amazonaws.com/main.dart.js:55772
[  192913ms] [LOG] [AuthService] getToken() - token exists: true, token length: 327 @ http://semiconlab-staging-alb-124259420.ap-south-1.elb.amazonaws.com/main.dart.js:55772
[  192913ms] [LOG] [AuthService] getToken() - token exists: true, token length: 327 @ http://semiconlab-staging-alb-124259420.ap-south-1.elb.amazonaws.com/main.dart.js:55772
[  192914ms] [LOG] [ApiService] GET Request: /users/95 @ http://semiconlab-staging-alb-124259420.ap-south-1.elb.amazonaws.com/main.dart.js:55772
[  192914ms] [LOG] [ApiService] Headers: {Authorization: Bearer eyJhbGciOiJIUzI1NiIsInR5cCI6IkpXVCJ9.eyJlbWFpbCI6InN1cnlhLm5Ac2VtaWNvbm9zLmFpIiwic3ViIjo5NSwicm9sZSI6IkxlYXJuZXIiLCJvcmdJZCI6bnVsbCwidGVhbUlkIjpudWxsLCJhdmFpbGFibGVSb2xlcyI6W10sInNpZCI6ImI5NGVjYzQ3LTQ2MDItNDE5Zi1iMmY0LTViOTk1ODhhZjc2MSIsImlhdCI6MTc4NDc5OTY3MSwiZXhwIjoxNzg1NDA0NDcxfQ.XtqvvgxYi_43mtsjpbElbbWChpvHhFSh_eG6XYLo8oU} @ http://semiconlab-staging-alb-124259420.ap-south-1.elb.amazonaws.com/main.dart.js:55772
[  192915ms] [LOG] [ApiService] Error: The request connection took longer than 0:00:30.000000 and it was aborted. To get rid of this exception, try raising the RequestOptions.connectTimeout above the duration of 0:00:30.000000 or improve the response time of the server. @ http://semiconlab-staging-alb-124259420.ap-south-1.elb.amazonaws.com/main.dart.js:55772
[  192916ms] [LOG] [ApiService] Error Type: DioExceptionType.connectionTimeout @ http://semiconlab-staging-alb-124259420.ap-south-1.elb.amazonaws.com/main.dart.js:55772
[  192916ms] [LOG] [ApiService] Error Response: null @ http://semiconlab-staging-alb-124259420.ap-south-1.elb.amazonaws.com/main.dart.js:55772
[  192916ms] [LOG] [ApiService] Request URL: http://semiconlab-staging-alb-124259420.ap-south-1.elb.amazonaws.com:3000/v1/users/95 @ http://semiconlab-staging-alb-124259420.ap-south-1.elb.amazonaws.com/main.dart.js:55772
[  192917ms] [LOG] Error loading user data: Exception: Error fetching user profile: Connection timeout. Please check your internet connection. @ http://semiconlab-staging-alb-124259420.ap-south-1.elb.amazonaws.com/main.dart.js:55772
[  193265ms] [LOG] [ApiService] Error: The request connection took longer than 0:00:30.000000 and it was aborted. To get rid of this exception, try raising the RequestOptions.connectTimeout above the duration of 0:00:30.000000 or improve the response time of the server. @ http://semiconlab-staging-alb-124259420.ap-south-1.elb.amazonaws.com/main.dart.js:55772
[  193265ms] [LOG] [ApiService] Error Type: DioExceptionType.connectionTimeout @ http://semiconlab-staging-alb-124259420.ap-south-1.elb.amazonaws.com/main.dart.js:55772
[  193266ms] [LOG] [ApiService] Error Response: null @ http://semiconlab-staging-alb-124259420.ap-south-1.elb.amazonaws.com/main.dart.js:55772
[  193266ms] [LOG] [ApiService] Request URL: http://semiconlab-staging-alb-124259420.ap-south-1.elb.amazonaws.com:3000/v1/users/95 @ http://semiconlab-staging-alb-124259420.ap-south-1.elb.amazonaws.com/main.dart.js:55772
[  193266ms] [LOG] Error loading user data: Exception: Error fetching user profile: Connection timeout. Please check your internet connection. @ http://semiconlab-staging-alb-124259420.ap-south-1.elb.amazonaws.com/main.dart.js:55772
[  223073ms] [LOG] [ApiService] Error: The request connection took longer than 0:00:30.000000 and it was aborted. To get rid of this exception, try raising the RequestOptions.connectTimeout above the duration of 0:00:30.000000 or improve the response time of the server. @ http://semiconlab-staging-alb-124259420.ap-south-1.elb.amazonaws.com/main.dart.js:55772
[  223073ms] [LOG] [ApiService] Error Type: DioExceptionType.connectionTimeout @ http://semiconlab-staging-alb-124259420.ap-south-1.elb.amazonaws.com/main.dart.js:55772
[  223073ms] [LOG] [ApiService] Error Response: null @ http://semiconlab-staging-alb-124259420.ap-south-1.elb.amazonaws.com/main.dart.js:55772
[  223074ms] [LOG] [ApiService] Request URL: http://semiconlab-staging-alb-124259420.ap-south-1.elb.amazonaws.com:3000/v1/users/95 @ http://semiconlab-staging-alb-124259420.ap-south-1.elb.amazonaws.com/main.dart.js:55772
[  223074ms] [LOG] Error loading user data: Exception: Error fetching user profile: Connection timeout. Please check your internet connection. @ http://semiconlab-staging-alb-124259420.ap-south-1.elb.amazonaws.com/main.dart.js:55772
[  223122ms] [LOG] [ApiService] Error: The request connection took longer than 0:00:30.000000 and it was aborted. To get rid of this exception, try raising the RequestOptions.connectTimeout above the duration of 0:00:30.000000 or improve the response time of the server. @ http://semiconlab-staging-alb-124259420.ap-south-1.elb.amazonaws.com/main.dart.js:55772
[  223122ms] [LOG] [ApiService] Error Type: DioExceptionType.connectionTimeout @ http://semiconlab-staging-alb-124259420.ap-south-1.elb.amazonaws.com/main.dart.js:55772
[  223123ms] [LOG] [ApiService] Error Response: null @ http://semiconlab-staging-alb-124259420.ap-south-1.elb.amazonaws.com/main.dart.js:55772
[  223123ms] [LOG] [ApiService] Request URL: http://semiconlab-staging-alb-124259420.ap-south-1.elb.amazonaws.com:3000/v1/subscriptions/available-domains @ http://semiconlab-staging-alb-124259420.ap-south-1.elb.amazonaws.com/main.dart.js:55772
[  223125ms] [LOG] [CoursesBody] Available domains raw response: [] @ http://semiconlab-staging-alb-124259420.ap-south-1.elb.amazonaws.com/main.dart.js:55772
[  223125ms] [LOG] [CoursesBody] Parsed 0 domains from available-domains @ http://semiconlab-staging-alb-124259420.ap-south-1.elb.amazonaws.com/main.dart.js:55772
[  223125ms] [LOG] [AuthService] getToken() - token exists: true, token length: 327 @ http://semiconlab-staging-alb-124259420.ap-south-1.elb.amazonaws.com/main.dart.js:55772
[  223126ms] [LOG] [ApiService] GET Request: /users/95 @ http://semiconlab-staging-alb-124259420.ap-south-1.elb.amazonaws.com/main.dart.js:55772
[  223126ms] [LOG] [ApiService] Headers: {Authorization: Bearer eyJhbGciOiJIUzI1NiIsInR5cCI6IkpXVCJ9.eyJlbWFpbCI6InN1cnlhLm5Ac2VtaWNvbm9zLmFpIiwic3ViIjo5NSwicm9sZSI6IkxlYXJuZXIiLCJvcmdJZCI6bnVsbCwidGVhbUlkIjpudWxsLCJhdmFpbGFibGVSb2xlcyI6W10sInNpZCI6ImI5NGVjYzQ3LTQ2MDItNDE5Zi1iMmY0LTViOTk1ODhhZjc2MSIsImlhdCI6MTc4NDc5OTY3MSwiZXhwIjoxNzg1NDA0NDcxfQ.XtqvvgxYi_43mtsjpbElbbWChpvHhFSh_eG6XYLo8oU} @ http://semiconlab-staging-alb-124259420.ap-south-1.elb.amazonaws.com/main.dart.js:55772
[  223137ms] [LOG] [AuthService] getToken() - token exists: true, token length: 327 @ http://semiconlab-staging-alb-124259420.ap-south-1.elb.amazonaws.com/main.dart.js:55772
[  223155ms] [LOG] [AuthService] getToken() - token exists: true, token length: 327 @ http://semiconlab-staging-alb-124259420.ap-south-1.elb.amazonaws.com/main.dart.js:55772
[  223155ms] [LOG] [AuthService] getToken() - token exists: true, token length: 327 @ http://semiconlab-staging-alb-124259420.ap-south-1.elb.amazonaws.com/main.dart.js:55772
[  223155ms] [LOG] [AuthService] getToken() - token exists: true, token length: 327 @ http://semiconlab-staging-alb-124259420.ap-south-1.elb.amazonaws.com/main.dart.js:55772
[  223155ms] [LOG] [ApiService] GET Request: /users/95 @ http://semiconlab-staging-alb-124259420.ap-south-1.elb.amazonaws.com/main.dart.js:55772
[  223156ms] [LOG] [ApiService] Headers: {Authorization: Bearer eyJhbGciOiJIUzI1NiIsInR5cCI6IkpXVCJ9.eyJlbWFpbCI6InN1cnlhLm5Ac2VtaWNvbm9zLmFpIiwic3ViIjo5NSwicm9sZSI6IkxlYXJuZXIiLCJvcmdJZCI6bnVsbCwidGVhbUlkIjpudWxsLCJhdmFpbGFibGVSb2xlcyI6W10sInNpZCI6ImI5NGVjYzQ3LTQ2MDItNDE5Zi1iMmY0LTViOTk1ODhhZjc2MSIsImlhdCI6MTc4NDc5OTY3MSwiZXhwIjoxNzg1NDA0NDcxfQ.XtqvvgxYi_43mtsjpbElbbWChpvHhFSh_eG6XYLo8oU} @ http://semiconlab-staging-alb-124259420.ap-south-1.elb.amazonaws.com/main.dart.js:55772
[  253222ms] [LOG] [ApiService] Error: The request connection took longer than 0:00:30.000000 and it was aborted. To get rid of this exception, try raising the RequestOptions.connectTimeout above the duration of 0:00:30.000000 or improve the response time of the server. @ http://semiconlab-staging-alb-124259420.ap-south-1.elb.amazonaws.com/main.dart.js:55772
[  253222ms] [LOG] [ApiService] Error Type: DioExceptionType.connectionTimeout @ http://semiconlab-staging-alb-124259420.ap-south-1.elb.amazonaws.com/main.dart.js:55772
[  253222ms] [LOG] [ApiService] Error Response: null @ http://semiconlab-staging-alb-124259420.ap-south-1.elb.amazonaws.com/main.dart.js:55772
[  253223ms] [LOG] [ApiService] Request URL: http://semiconlab-staging-alb-124259420.ap-south-1.elb.amazonaws.com:3000/v1/users/95 @ http://semiconlab-staging-alb-124259420.ap-south-1.elb.amazonaws.com/main.dart.js:55772
[  253223ms] [LOG] Error loading user data: Exception: Error fetching user profile: Connection timeout. Please check your internet connection. @ http://semiconlab-staging-alb-124259420.ap-south-1.elb.amazonaws.com/main.dart.js:55772
[  253288ms] [LOG] [ApiService] Error: The request connection took longer than 0:00:30.000000 and it was aborted. To get rid of this exception, try raising the RequestOptions.connectTimeout above the duration of 0:00:30.000000 or improve the response time of the server. @ http://semiconlab-staging-alb-124259420.ap-south-1.elb.amazonaws.com/main.dart.js:55772
[  253288ms] [LOG] [ApiService] Error Type: DioExceptionType.connectionTimeout @ http://semiconlab-staging-alb-124259420.ap-south-1.elb.amazonaws.com/main.dart.js:55772
[  253288ms] [LOG] [ApiService] Error Response: null @ http://semiconlab-staging-alb-124259420.ap-south-1.elb.amazonaws.com/main.dart.js:55772
[  253289ms] [LOG] [ApiService] Request URL: http://semiconlab-staging-alb-124259420.ap-south-1.elb.amazonaws.com:3000/v1/users/95 @ http://semiconlab-staging-alb-124259420.ap-south-1.elb.amazonaws.com/main.dart.js:55772
[  253289ms] [LOG] [CoursesBody] Failed to fetch user profile for opted domain: Exception: Error fetching user profile: Connection timeout. Please check your internet connection. @ http://semiconlab-staging-alb-124259420.ap-south-1.elb.amazonaws.com/main.dart.js:55772
[  253289ms] [LOG] [AuthService] getToken() - token exists: true, token length: 327 @ http://semiconlab-staging-alb-124259420.ap-south-1.elb.amazonaws.com/main.dart.js:55772
[  253290ms] [LOG] [ApiService] GET Request: /users/95/skills @ http://semiconlab-staging-alb-124259420.ap-south-1.elb.amazonaws.com/main.dart.js:55772
[  253290ms] [LOG] [ApiService] Headers: {Authorization: Bearer eyJhbGciOiJIUzI1NiIsInR5cCI6IkpXVCJ9.eyJlbWFpbCI6InN1cnlhLm5Ac2VtaWNvbm9zLmFpIiwic3ViIjo5NSwicm9sZSI6IkxlYXJuZXIiLCJvcmdJZCI6bnVsbCwidGVhbUlkIjpudWxsLCJhdmFpbGFibGVSb2xlcyI6W10sInNpZCI6ImI5NGVjYzQ3LTQ2MDItNDE5Zi1iMmY0LTViOTk1ODhhZjc2MSIsImlhdCI6MTc4NDc5OTY3MSwiZXhwIjoxNzg1NDA0NDcxfQ.XtqvvgxYi_43mtsjpbElbbWChpvHhFSh_eG6XYLo8oU} @ http://semiconlab-staging-alb-124259420.ap-south-1.elb.amazonaws.com/main.dart.js:55772
[  264407ms] [ERROR] Failed to load resource: the server responded with a status of 401 (Unauthorized) @ http://semiconlab-staging-alb-124259420.ap-south-1.elb.amazonaws.com:3000/v1/users/95/skills:0
[  264452ms] [LOG] [ApiService] Session ended (invalidated/expired/superseded) — forcing local logout. (path: http://Semiconlab-Staging-ALB-124259420.ap-south-1.elb.amazonaws.com:3000/v1/users/95/skills) @ http://semiconlab-staging-alb-124259420.ap-south-1.elb.amazonaws.com/main.dart.js:55772
[  264455ms] [LOG] [ApiService] Error: This exception was thrown because the response has a status code of 401 and RequestOptions.validateStatus was configured to throw for this status code.
The status code of 401 has the following meaning: "Client error - the request contains bad syntax or cannot be fulfilled"
Read more about status codes at https://developer.mozilla.org/en-US/docs/Web/HTTP/Status
In order to resolve this exception you typically have either to verify and fix your request code or you have to fix the server code.
 @ http://semiconlab-staging-alb-124259420.ap-south-1.elb.amazonaws.com/main.dart.js:55772
[  264456ms] [LOG] [ApiService] Error Type: DioExceptionType.badResponse @ http://semiconlab-staging-alb-124259420.ap-south-1.elb.amazonaws.com/main.dart.js:55772
[  264456ms] [LOG] [ApiService] Error Response: {statusCode: 401, timestamp: 2026-07-27T10:45:01.598+05:30, path: /v1/users/95/skills, method: GET, message: Your session has ended or you signed in elsewhere. Please sign in again., error: Unauthorized} @ http://semiconlab-staging-alb-124259420.ap-south-1.elb.amazonaws.com/main.dart.js:55772
[  264456ms] [LOG] [ApiService] Request URL: http://semiconlab-staging-alb-124259420.ap-south-1.elb.amazonaws.com:3000/v1/users/95/skills @ http://semiconlab-staging-alb-124259420.ap-south-1.elb.amazonaws.com/main.dart.js:55772
[  264456ms] [LOG] [UserService] getUserSkills error: Your session has ended or you signed in elsewhere. Please sign in again. @ http://semiconlab-staging-alb-124259420.ap-south-1.elb.amazonaws.com/main.dart.js:55772
[  264457ms] [LOG] [AuthService] getToken() - token exists: true, token length: 327 @ http://semiconlab-staging-alb-124259420.ap-south-1.elb.amazonaws.com/main.dart.js:55772
[  264457ms] [LOG] [ApiService] GET Request: labs-api/available-labs @ http://semiconlab-staging-alb-124259420.ap-south-1.elb.amazonaws.com/main.dart.js:55772
[  264457ms] [LOG] [ApiService] Headers: {Authorization: Bearer eyJhbGciOiJIUzI1NiIsInR5cCI6IkpXVCJ9.eyJlbWFpbCI6InN1cnlhLm5Ac2VtaWNvbm9zLmFpIiwic3ViIjo5NSwicm9sZSI6IkxlYXJuZXIiLCJvcmdJZCI6bnVsbCwidGVhbUlkIjpudWxsLCJhdmFpbGFibGVSb2xlcyI6W10sInNpZCI6ImI5NGVjYzQ3LTQ2MDItNDE5Zi1iMmY0LTViOTk1ODhhZjc2MSIsImlhdCI6MTc4NDc5OTY3MSwiZXhwIjoxNzg1NDA0NDcxfQ.XtqvvgxYi_43mtsjpbElbbWChpvHhFSh_eG6XYLo8oU} @ http://semiconlab-staging-alb-124259420.ap-south-1.elb.amazonaws.com/main.dart.js:55772
[  264873ms] [ERROR] Failed to load resource: the server responded with a status of 401 (Unauthorized) @ http://semiconlab-staging-alb-124259420.ap-south-1.elb.amazonaws.com:3000/v1/labs-api/available-labs:0
[  264914ms] [LOG] [ApiService] Error: This exception was thrown because the response has a status code of 401 and RequestOptions.validateStatus was configured to throw for this status code.
The status code of 401 has the following meaning: "Client error - the request contains bad syntax or cannot be fulfilled"
Read more about status codes at https://developer.mozilla.org/en-US/docs/Web/HTTP/Status
In order to resolve this exception you typically have either to verify and fix your request code or you have to fix the server code.
 @ http://semiconlab-staging-alb-124259420.ap-south-1.elb.amazonaws.com/main.dart.js:55772
[  264914ms] [LOG] [ApiService] Error Type: DioExceptionType.badResponse @ http://semiconlab-staging-alb-124259420.ap-south-1.elb.amazonaws.com/main.dart.js:55772
[  264914ms] [LOG] [ApiService] Error Response: {statusCode: 401, timestamp: 2026-07-27T10:45:02.071+05:30, path: /v1/labs-api/available-labs, method: GET, message: Your session has ended or you signed in elsewhere. Please sign in again., error: Unauthorized} @ http://semiconlab-staging-alb-124259420.ap-south-1.elb.amazonaws.com/main.dart.js:55772
[  264914ms] [LOG] [ApiService] Request URL: http://semiconlab-staging-alb-124259420.ap-south-1.elb.amazonaws.com:3000/v1/labs-api/available-labs @ http://semiconlab-staging-alb-124259420.ap-south-1.elb.amazonaws.com/main.dart.js:55772
[  264916ms] [LOG] [AuthService] getToken() - token exists: true, token length: 327 @ http://semiconlab-staging-alb-124259420.ap-south-1.elb.amazonaws.com/main.dart.js:55772
[  264916ms] [LOG] [DiscoverService] GET /discover/learner-landing params={limit: 50, sort-by: createdOn, sort-order: desc} @ http://semiconlab-staging-alb-124259420.ap-south-1.elb.amazonaws.com/main.dart.js:55772
[  264917ms] [LOG] [ApiService] GET Request: /discover/learner-landing?limit=50&sort-by=createdOn&sort-order=desc @ http://semiconlab-staging-alb-124259420.ap-south-1.elb.amazonaws.com/main.dart.js:55772
[  264917ms] [LOG] [ApiService] Headers: {Authorization: Bearer eyJhbGciOiJIUzI1NiIsInR5cCI6IkpXVCJ9.eyJlbWFpbCI6InN1cnlhLm5Ac2VtaWNvbm9zLmFpIiwic3ViIjo5NSwicm9sZSI6IkxlYXJuZXIiLCJvcmdJZCI6bnVsbCwidGVhbUlkIjpudWxsLCJhdmFpbGFibGVSb2xlcyI6W10sInNpZCI6ImI5NGVjYzQ3LTQ2MDItNDE5Zi1iMmY0LTViOTk1ODhhZjc2MSIsImlhdCI6MTc4NDc5OTY3MSwiZXhwIjoxNzg1NDA0NDcxfQ.XtqvvgxYi_43mtsjpbElbbWChpvHhFSh_eG6XYLo8oU} @ http://semiconlab-staging-alb-124259420.ap-south-1.elb.amazonaws.com/main.dart.js:55772
[  265120ms] [ERROR] Failed to load resource: the server responded with a status of 401 (Unauthorized) @ http://semiconlab-staging-alb-124259420.ap-south-1.elb.amazonaws.com:3000/v1/discover/learner-landing?limit=50&sort-by=createdOn&sort-order=desc:0
[  265164ms] [LOG] [ApiService] Error: This exception was thrown because the response has a status code of 401 and RequestOptions.validateStatus was configured to throw for this status code.
The status code of 401 has the following meaning: "Client error - the request contains bad syntax or cannot be fulfilled"
Read more about status codes at https://developer.mozilla.org/en-US/docs/Web/HTTP/Status
In order to resolve this exception you typically have either to verify and fix your request code or you have to fix the server code.
 @ http://semiconlab-staging-alb-124259420.ap-south-1.elb.amazonaws.com/main.dart.js:55772
[  265164ms] [LOG] [ApiService] Error Type: DioExceptionType.badResponse @ http://semiconlab-staging-alb-124259420.ap-south-1.elb.amazonaws.com/main.dart.js:55772
[  265164ms] [LOG] [ApiService] Error Response: {statusCode: 401, timestamp: 2026-07-27T10:45:02.310+05:30, path: /v1/discover/learner-landing?limit=50&sort-by=createdOn&sort-order=desc, method: GET, message: Your session has ended or you signed in elsewhere. Please sign in again., error: Unauthorized} @ http://semiconlab-staging-alb-124259420.ap-south-1.elb.amazonaws.com/main.dart.js:55772
[  265165ms] [LOG] [ApiService] Request URL: http://semiconlab-staging-alb-124259420.ap-south-1.elb.amazonaws.com:3000/v1/discover/learner-landing?limit=50&sort-by=createdOn&sort-order=desc @ http://semiconlab-staging-alb-124259420.ap-south-1.elb.amazonaws.com/main.dart.js:55772
[  312882ms] [LOG] [AuthService] getToken() - token exists: true, token length: 327 @ http://semiconlab-staging-alb-124259420.ap-south-1.elb.amazonaws.com/main.dart.js:55772
[  312883ms] [LOG] [AuthService] getToken() - token exists: true, token length: 327 @ http://semiconlab-staging-alb-124259420.ap-south-1.elb.amazonaws.com/main.dart.js:55772
[  312883ms] [LOG] [ApiService] GET Request: labs-api/available-labs @ http://semiconlab-staging-alb-124259420.ap-south-1.elb.amazonaws.com/main.dart.js:55772
[  312883ms] [LOG] [ApiService] Headers: {Authorization: Bearer eyJhbGciOiJIUzI1NiIsInR5cCI6IkpXVCJ9.eyJlbWFpbCI6InN1cnlhLm5Ac2VtaWNvbm9zLmFpIiwic3ViIjo5NSwicm9sZSI6IkxlYXJuZXIiLCJvcmdJZCI6bnVsbCwidGVhbUlkIjpudWxsLCJhdmFpbGFibGVSb2xlcyI6W10sInNpZCI6ImI5NGVjYzQ3LTQ2MDItNDE5Zi1iMmY0LTViOTk1ODhhZjc2MSIsImlhdCI6MTc4NDc5OTY3MSwiZXhwIjoxNzg1NDA0NDcxfQ.XtqvvgxYi_43mtsjpbElbbWChpvHhFSh_eG6XYLo8oU} @ http://semiconlab-staging-alb-124259420.ap-south-1.elb.amazonaws.com/main.dart.js:55772
[  312965ms] [ERROR] Failed to load resource: the server responded with a status of 401 (Unauthorized) @ http://semiconlab-staging-alb-124259420.ap-south-1.elb.amazonaws.com:3000/v1/labs-api/available-labs:0
[  312968ms] [LOG] [ApiService] Error: This exception was thrown because the response has a status code of 401 and RequestOptions.validateStatus was configured to throw for this status code.
The status code of 401 has the following meaning: "Client error - the request contains bad syntax or cannot be fulfilled"
Read more about status codes at https://developer.mozilla.org/en-US/docs/Web/HTTP/Status
In order to resolve this exception you typically have either to verify and fix your request code or you have to fix the server code.
 @ http://semiconlab-staging-alb-124259420.ap-south-1.elb.amazonaws.com/main.dart.js:55772
[  312968ms] [LOG] [ApiService] Error Type: DioExceptionType.badResponse @ http://semiconlab-staging-alb-124259420.ap-south-1.elb.amazonaws.com/main.dart.js:55772
[  312968ms] [LOG] [ApiService] Error Response: {statusCode: 401, timestamp: 2026-07-27T10:45:50.169+05:30, path: /v1/labs-api/available-labs, method: GET, message: Your session has ended or you signed in elsewhere. Please sign in again., error: Unauthorized} @ http://semiconlab-staging-alb-124259420.ap-south-1.elb.amazonaws.com/main.dart.js:55772
[  312968ms] [LOG] [ApiService] Request URL: http://semiconlab-staging-alb-124259420.ap-south-1.elb.amazonaws.com:3000/v1/labs-api/available-labs @ http://semiconlab-staging-alb-124259420.ap-south-1.elb.amazonaws.com/main.dart.js:55772
[  312969ms] [LOG] [AuthService] getToken() - token exists: true, token length: 327 @ http://semiconlab-staging-alb-124259420.ap-south-1.elb.amazonaws.com/main.dart.js:55772
[  312969ms] [LOG] [ApiService] GET Request: /users/95 @ http://semiconlab-staging-alb-124259420.ap-south-1.elb.amazonaws.com/main.dart.js:55772
[  312969ms] [LOG] [ApiService] Headers: {Authorization: Bearer eyJhbGciOiJIUzI1NiIsInR5cCI6IkpXVCJ9.eyJlbWFpbCI6InN1cnlhLm5Ac2VtaWNvbm9zLmFpIiwic3ViIjo5NSwicm9sZSI6IkxlYXJuZXIiLCJvcmdJZCI6bnVsbCwidGVhbUlkIjpudWxsLCJhdmFpbGFibGVSb2xlcyI6W10sInNpZCI6ImI5NGVjYzQ3LTQ2MDItNDE5Zi1iMmY0LTViOTk1ODhhZjc2MSIsImlhdCI6MTc4NDc5OTY3MSwiZXhwIjoxNzg1NDA0NDcxfQ.XtqvvgxYi_43mtsjpbElbbWChpvHhFSh_eG6XYLo8oU} @ http://semiconlab-staging-alb-124259420.ap-south-1.elb.amazonaws.com/main.dart.js:55772
[  313025ms] [ERROR] Failed to load resource: the server responded with a status of 401 (Unauthorized) @ http://semiconlab-staging-alb-124259420.ap-south-1.elb.amazonaws.com:3000/v1/users/95:0
[  313027ms] [LOG] [ApiService] Error: This exception was thrown because the response has a status code of 401 and RequestOptions.validateStatus was configured to throw for this status code.
The status code of 401 has the following meaning: "Client error - the request contains bad syntax or cannot be fulfilled"
Read more about status codes at https://developer.mozilla.org/en-US/docs/Web/HTTP/Status
In order to resolve this exception you typically have either to verify and fix your request code or you have to fix the server code.
 @ http://semiconlab-staging-alb-124259420.ap-south-1.elb.amazonaws.com/main.dart.js:55772
[  313027ms] [LOG] [ApiService] Error Type: DioExceptionType.badResponse @ http://semiconlab-staging-alb-124259420.ap-south-1.elb.amazonaws.com/main.dart.js:55772
[  313028ms] [LOG] [ApiService] Error Response: {statusCode: 401, timestamp: 2026-07-27T10:45:50.236+05:30, path: /v1/users/95, method: GET, message: Your session has ended or you signed in elsewhere. Please sign in again., error: Unauthorized} @ http://semiconlab-staging-alb-124259420.ap-south-1.elb.amazonaws.com/main.dart.js:55772
[  313028ms] [LOG] [ApiService] Request URL: http://semiconlab-staging-alb-124259420.ap-south-1.elb.amazonaws.com:3000/v1/users/95 @ http://semiconlab-staging-alb-124259420.ap-south-1.elb.amazonaws.com/main.dart.js:55772
[  313028ms] [LOG] [LabHoursLiveSync] profile pool merge failed: Exception: Error fetching user profile: Your session has ended or you signed in elsewhere. Please sign in again. @ http://semiconlab-staging-alb-124259420.ap-south-1.elb.amazonaws.com/main.dart.js:55772
[  433029ms] [LOG] [AuthService] getToken() - token exists: true, token length: 327 @ http://semiconlab-staging-alb-124259420.ap-south-1.elb.amazonaws.com/main.dart.js:55772
[  433030ms] [LOG] [AuthService] getToken() - token exists: true, token length: 327 @ http://semiconlab-staging-alb-124259420.ap-south-1.elb.amazonaws.com/main.dart.js:55772
[  433030ms] [LOG] [ApiService] GET Request: labs-api/available-labs @ http://semiconlab-staging-alb-124259420.ap-south-1.elb.amazonaws.com/main.dart.js:55772
[  433031ms] [LOG] [ApiService] Headers: {Authorization: Bearer eyJhbGciOiJIUzI1NiIsInR5cCI6IkpXVCJ9.eyJlbWFpbCI6InN1cnlhLm5Ac2VtaWNvbm9zLmFpIiwic3ViIjo5NSwicm9sZSI6IkxlYXJuZXIiLCJvcmdJZCI6bnVsbCwidGVhbUlkIjpudWxsLCJhdmFpbGFibGVSb2xlcyI6W10sInNpZCI6ImI5NGVjYzQ3LTQ2MDItNDE5Zi1iMmY0LTViOTk1ODhhZjc2MSIsImlhdCI6MTc4NDc5OTY3MSwiZXhwIjoxNzg1NDA0NDcxfQ.XtqvvgxYi_43mtsjpbElbbWChpvHhFSh_eG6XYLo8oU} @ http://semiconlab-staging-alb-124259420.ap-south-1.elb.amazonaws.com/main.dart.js:55772
[  433225ms] [ERROR] Failed to load resource: the server responded with a status of 401 (Unauthorized) @ http://semiconlab-staging-alb-124259420.ap-south-1.elb.amazonaws.com:3000/v1/labs-api/available-labs:0
[  433227ms] [LOG] [ApiService] Error: This exception was thrown because the response has a status code of 401 and RequestOptions.validateStatus was configured to throw for this status code.
The status code of 401 has the following meaning: "Client error - the request contains bad syntax or cannot be fulfilled"
Read more about status codes at https://developer.mozilla.org/en-US/docs/Web/HTTP/Status
In order to resolve this exception you typically have either to verify and fix your request code or you have to fix the server code.
 @ http://semiconlab-staging-alb-124259420.ap-south-1.elb.amazonaws.com/main.dart.js:55772
[  433227ms] [LOG] [ApiService] Error Type: DioExceptionType.badResponse @ http://semiconlab-staging-alb-124259420.ap-south-1.elb.amazonaws.com/main.dart.js:55772
[  433227ms] [LOG] [ApiService] Error Response: {statusCode: 401, timestamp: 2026-07-27T10:47:50.431+05:30, path: /v1/labs-api/available-labs, method: GET, message: Your session has ended or you signed in elsewhere. Please sign in again., error: Unauthorized} @ http://semiconlab-staging-alb-124259420.ap-south-1.elb.amazonaws.com/main.dart.js:55772
[  433227ms] [LOG] [ApiService] Request URL: http://semiconlab-staging-alb-124259420.ap-south-1.elb.amazonaws.com:3000/v1/labs-api/available-labs @ http://semiconlab-staging-alb-124259420.ap-south-1.elb.amazonaws.com/main.dart.js:55772
[  433228ms] [LOG] [AuthService] getToken() - token exists: true, token length: 327 @ http://semiconlab-staging-alb-124259420.ap-south-1.elb.amazonaws.com/main.dart.js:55772
[  433228ms] [LOG] [ApiService] GET Request: /users/95 @ http://semiconlab-staging-alb-124259420.ap-south-1.elb.amazonaws.com/main.dart.js:55772
[  433228ms] [LOG] [ApiService] Headers: {Authorization: Bearer eyJhbGciOiJIUzI1NiIsInR5cCI6IkpXVCJ9.eyJlbWFpbCI6InN1cnlhLm5Ac2VtaWNvbm9zLmFpIiwic3ViIjo5NSwicm9sZSI6IkxlYXJuZXIiLCJvcmdJZCI6bnVsbCwidGVhbUlkIjpudWxsLCJhdmFpbGFibGVSb2xlcyI6W10sInNpZCI6ImI5NGVjYzQ3LTQ2MDItNDE5Zi1iMmY0LTViOTk1ODhhZjc2MSIsImlhdCI6MTc4NDc5OTY3MSwiZXhwIjoxNzg1NDA0NDcxfQ.XtqvvgxYi_43mtsjpbElbbWChpvHhFSh_eG6XYLo8oU} @ http://semiconlab-staging-alb-124259420.ap-south-1.elb.amazonaws.com/main.dart.js:55772
[  433301ms] [ERROR] Failed to load resource: the server responded with a status of 401 (Unauthorized) @ http://semiconlab-staging-alb-124259420.ap-south-1.elb.amazonaws.com:3000/v1/users/95:0
[  433303ms] [LOG] [ApiService] Error: This exception was thrown because the response has a status code of 401 and RequestOptions.validateStatus was configured to throw for this status code.
The status code of 401 has the following meaning: "Client error - the request contains bad syntax or cannot be fulfilled"
Read more about status codes at https://developer.mozilla.org/en-US/docs/Web/HTTP/Status
In order to resolve this exception you typically have either to verify and fix your request code or you have to fix the server code.
 @ http://semiconlab-staging-alb-124259420.ap-south-1.elb.amazonaws.com/main.dart.js:55772
[  433303ms] [LOG] [ApiService] Error Type: DioExceptionType.badResponse @ http://semiconlab-staging-alb-124259420.ap-south-1.elb.amazonaws.com/main.dart.js:55772
[  433303ms] [LOG] [ApiService] Error Response: {statusCode: 401, timestamp: 2026-07-27T10:47:50.504+05:30, path: /v1/users/95, method: GET, message: Your session has ended or you signed in elsewhere. Please sign in again., error: Unauthorized} @ http://semiconlab-staging-alb-124259420.ap-south-1.elb.amazonaws.com/main.dart.js:55772
[  433304ms] [LOG] [ApiService] Request URL: http://semiconlab-staging-alb-124259420.ap-south-1.elb.amazonaws.com:3000/v1/users/95 @ http://semiconlab-staging-alb-124259420.ap-south-1.elb.amazonaws.com/main.dart.js:55772
[  433304ms] [LOG] [LabHoursLiveSync] profile pool merge failed: Exception: Error fetching user profile: Your session has ended or you signed in elsewhere. Please sign in again. @ http://semiconlab-staging-alb-124259420.ap-south-1.elb.amazonaws.com/main.dart.js:55772
[  553305ms] [LOG] [AuthService] getToken() - token exists: true, token length: 327 @ http://semiconlab-staging-alb-124259420.ap-south-1.elb.amazonaws.com/main.dart.js:55772
[  553305ms] [LOG] [AuthService] getToken() - token exists: true, token length: 327 @ http://semiconlab-staging-alb-124259420.ap-south-1.elb.amazonaws.com/main.dart.js:55772
[  553306ms] [LOG] [ApiService] GET Request: labs-api/available-labs @ http://semiconlab-staging-alb-124259420.ap-south-1.elb.amazonaws.com/main.dart.js:55772
[  553306ms] [LOG] [ApiService] Headers: {Authorization: Bearer eyJhbGciOiJIUzI1NiIsInR5cCI6IkpXVCJ9.eyJlbWFpbCI6InN1cnlhLm5Ac2VtaWNvbm9zLmFpIiwic3ViIjo5NSwicm9sZSI6IkxlYXJuZXIiLCJvcmdJZCI6bnVsbCwidGVhbUlkIjpudWxsLCJhdmFpbGFibGVSb2xlcyI6W10sInNpZCI6ImI5NGVjYzQ3LTQ2MDItNDE5Zi1iMmY0LTViOTk1ODhhZjc2MSIsImlhdCI6MTc4NDc5OTY3MSwiZXhwIjoxNzg1NDA0NDcxfQ.XtqvvgxYi_43mtsjpbElbbWChpvHhFSh_eG6XYLo8oU} @ http://semiconlab-staging-alb-124259420.ap-south-1.elb.amazonaws.com/main.dart.js:55772
[  553497ms] [ERROR] Failed to load resource: the server responded with a status of 401 (Unauthorized) @ http://semiconlab-staging-alb-124259420.ap-south-1.elb.amazonaws.com:3000/v1/labs-api/available-labs:0
[  553500ms] [LOG] [ApiService] Error: This exception was thrown because the response has a status code of 401 and RequestOptions.validateStatus was configured to throw for this status code.
The status code of 401 has the following meaning: "Client error - the request contains bad syntax or cannot be fulfilled"
Read more about status codes at https://developer.mozilla.org/en-US/docs/Web/HTTP/Status
In order to resolve this exception you typically have either to verify and fix your request code or you have to fix the server code.
 @ http://semiconlab-staging-alb-124259420.ap-south-1.elb.amazonaws.com/main.dart.js:55772
[  553500ms] [LOG] [ApiService] Error Type: DioExceptionType.badResponse @ http://semiconlab-staging-alb-124259420.ap-south-1.elb.amazonaws.com/main.dart.js:55772
[  553500ms] [LOG] [ApiService] Error Response: {statusCode: 401, timestamp: 2026-07-27T10:49:50.704+05:30, path: /v1/labs-api/available-labs, method: GET, message: Your session has ended or you signed in elsewhere. Please sign in again., error: Unauthorized} @ http://semiconlab-staging-alb-124259420.ap-south-1.elb.amazonaws.com/main.dart.js:55772
[  553500ms] [LOG] [ApiService] Request URL: http://semiconlab-staging-alb-124259420.ap-south-1.elb.amazonaws.com:3000/v1/labs-api/available-labs @ http://semiconlab-staging-alb-124259420.ap-south-1.elb.amazonaws.com/main.dart.js:55772
[  553501ms] [LOG] [AuthService] getToken() - token exists: true, token length: 327 @ http://semiconlab-staging-alb-124259420.ap-south-1.elb.amazonaws.com/main.dart.js:55772
[  553501ms] [LOG] [ApiService] GET Request: /users/95 @ http://semiconlab-staging-alb-124259420.ap-south-1.elb.amazonaws.com/main.dart.js:55772
[  553501ms] [LOG] [ApiService] Headers: {Authorization: Bearer eyJhbGciOiJIUzI1NiIsInR5cCI6IkpXVCJ9.eyJlbWFpbCI6InN1cnlhLm5Ac2VtaWNvbm9zLmFpIiwic3ViIjo5NSwicm9sZSI6IkxlYXJuZXIiLCJvcmdJZCI6bnVsbCwidGVhbUlkIjpudWxsLCJhdmFpbGFibGVSb2xlcyI6W10sInNpZCI6ImI5NGVjYzQ3LTQ2MDItNDE5Zi1iMmY0LTViOTk1ODhhZjc2MSIsImlhdCI6MTc4NDc5OTY3MSwiZXhwIjoxNzg1NDA0NDcxfQ.XtqvvgxYi_43mtsjpbElbbWChpvHhFSh_eG6XYLo8oU} @ http://semiconlab-staging-alb-124259420.ap-south-1.elb.amazonaws.com/main.dart.js:55772
[  553554ms] [ERROR] Failed to load resource: the server responded with a status of 401 (Unauthorized) @ http://semiconlab-staging-alb-124259420.ap-south-1.elb.amazonaws.com:3000/v1/users/95:0
[  553556ms] [LOG] [ApiService] Error: This exception was thrown because the response has a status code of 401 and RequestOptions.validateStatus was configured to throw for this status code.
The status code of 401 has the following meaning: "Client error - the request contains bad syntax or cannot be fulfilled"
Read more about status codes at https://developer.mozilla.org/en-US/docs/Web/HTTP/Status
In order to resolve this exception you typically have either to verify and fix your request code or you have to fix the server code.
 @ http://semiconlab-staging-alb-124259420.ap-south-1.elb.amazonaws.com/main.dart.js:55772
[  553556ms] [LOG] [ApiService] Error Type: DioExceptionType.badResponse @ http://semiconlab-staging-alb-124259420.ap-south-1.elb.amazonaws.com/main.dart.js:55772
[  553556ms] [LOG] [ApiService] Error Response: {statusCode: 401, timestamp: 2026-07-27T10:49:50.761+05:30, path: /v1/users/95, method: GET, message: Your session has ended or you signed in elsewhere. Please sign in again., error: Unauthorized} @ http://semiconlab-staging-alb-124259420.ap-south-1.elb.amazonaws.com/main.dart.js:55772
[  553556ms] [LOG] [ApiService] Request URL: http://semiconlab-staging-alb-124259420.ap-south-1.elb.amazonaws.com:3000/v1/users/95 @ http://semiconlab-staging-alb-124259420.ap-south-1.elb.amazonaws.com/main.dart.js:55772
[  553557ms] [LOG] [LabHoursLiveSync] profile pool merge failed: Exception: Error fetching user profile: Your session has ended or you signed in elsewhere. Please sign in again. @ http://semiconlab-staging-alb-124259420.ap-south-1.elb.amazonaws.com/main.dart.js:55772
[  673557ms] [LOG] [AuthService] getToken() - token exists: true, token length: 327 @ http://semiconlab-staging-alb-124259420.ap-south-1.elb.amazonaws.com/main.dart.js:55772
[  673558ms] [LOG] [AuthService] getToken() - token exists: true, token length: 327 @ http://semiconlab-staging-alb-124259420.ap-south-1.elb.amazonaws.com/main.dart.js:55772
[  673558ms] [LOG] [ApiService] GET Request: labs-api/available-labs @ http://semiconlab-staging-alb-124259420.ap-south-1.elb.amazonaws.com/main.dart.js:55772
[  673559ms] [LOG] [ApiService] Headers: {Authorization: Bearer eyJhbGciOiJIUzI1NiIsInR5cCI6IkpXVCJ9.eyJlbWFpbCI6InN1cnlhLm5Ac2VtaWNvbm9zLmFpIiwic3ViIjo5NSwicm9sZSI6IkxlYXJuZXIiLCJvcmdJZCI6bnVsbCwidGVhbUlkIjpudWxsLCJhdmFpbGFibGVSb2xlcyI6W10sInNpZCI6ImI5NGVjYzQ3LTQ2MDItNDE5Zi1iMmY0LTViOTk1ODhhZjc2MSIsImlhdCI6MTc4NDc5OTY3MSwiZXhwIjoxNzg1NDA0NDcxfQ.XtqvvgxYi_43mtsjpbElbbWChpvHhFSh_eG6XYLo8oU} @ http://semiconlab-staging-alb-124259420.ap-south-1.elb.amazonaws.com/main.dart.js:55772
[  703573ms] [LOG] [ApiService] Error: The request connection took longer than 0:00:30.000000 and it was aborted. To get rid of this exception, try raising the RequestOptions.connectTimeout above the duration of 0:00:30.000000 or improve the response time of the server. @ http://semiconlab-staging-alb-124259420.ap-south-1.elb.amazonaws.com/main.dart.js:55772
[  703574ms] [LOG] [ApiService] Error Type: DioExceptionType.connectionTimeout @ http://semiconlab-staging-alb-124259420.ap-south-1.elb.amazonaws.com/main.dart.js:55772
[  703574ms] [LOG] [ApiService] Error Response: null @ http://semiconlab-staging-alb-124259420.ap-south-1.elb.amazonaws.com/main.dart.js:55772
[  703574ms] [LOG] [ApiService] Request URL: http://semiconlab-staging-alb-124259420.ap-south-1.elb.amazonaws.com:3000/v1/labs-api/available-labs @ http://semiconlab-staging-alb-124259420.ap-south-1.elb.amazonaws.com/main.dart.js:55772
[  703574ms] [LOG] [LabHoursLiveSync] poll failed: Connection timeout. Please check your internet connection. @ http://semiconlab-staging-alb-124259420.ap-south-1.elb.amazonaws.com/main.dart.js:55772
[  823576ms] [LOG] [AuthService] getToken() - token exists: true, token length: 327 @ http://semiconlab-staging-alb-124259420.ap-south-1.elb.amazonaws.com/main.dart.js:55772
[  823576ms] [LOG] [AuthService] getToken() - token exists: true, token length: 327 @ http://semiconlab-staging-alb-124259420.ap-south-1.elb.amazonaws.com/main.dart.js:55772
[  823577ms] [LOG] [ApiService] GET Request: labs-api/available-labs @ http://semiconlab-staging-alb-124259420.ap-south-1.elb.amazonaws.com/main.dart.js:55772
[  823577ms] [LOG] [ApiService] Headers: {Authorization: Bearer eyJhbGciOiJIUzI1NiIsInR5cCI6IkpXVCJ9.eyJlbWFpbCI6InN1cnlhLm5Ac2VtaWNvbm9zLmFpIiwic3ViIjo5NSwicm9sZSI6IkxlYXJuZXIiLCJvcmdJZCI6bnVsbCwidGVhbUlkIjpudWxsLCJhdmFpbGFibGVSb2xlcyI6W10sInNpZCI6ImI5NGVjYzQ3LTQ2MDItNDE5Zi1iMmY0LTViOTk1ODhhZjc2MSIsImlhdCI6MTc4NDc5OTY3MSwiZXhwIjoxNzg1NDA0NDcxfQ.XtqvvgxYi_43mtsjpbElbbWChpvHhFSh_eG6XYLo8oU} @ http://semiconlab-staging-alb-124259420.ap-south-1.elb.amazonaws.com/main.dart.js:55772
[  823656ms] [ERROR] Failed to load resource: the server responded with a status of 401 (Unauthorized) @ http://semiconlab-staging-alb-124259420.ap-south-1.elb.amazonaws.com:3000/v1/labs-api/available-labs:0
[  823659ms] [LOG] [ApiService] Error: This exception was thrown because the response has a status code of 401 and RequestOptions.validateStatus was configured to throw for this status code.
The status code of 401 has the following meaning: "Client error - the request contains bad syntax or cannot be fulfilled"
Read more about status codes at https://developer.mozilla.org/en-US/docs/Web/HTTP/Status
In order to resolve this exception you typically have either to verify and fix your request code or you have to fix the server code.
 @ http://semiconlab-staging-alb-124259420.ap-south-1.elb.amazonaws.com/main.dart.js:55772
[  823659ms] [LOG] [ApiService] Error Type: DioExceptionType.badResponse @ http://semiconlab-staging-alb-124259420.ap-south-1.elb.amazonaws.com/main.dart.js:55772
[  823659ms] [LOG] [ApiService] Error Response: {statusCode: 401, timestamp: 2026-07-27T10:54:20.860+05:30, path: /v1/labs-api/available-labs, method: GET, message: Your session has ended or you signed in elsewhere. Please sign in again., error: Unauthorized} @ http://semiconlab-staging-alb-124259420.ap-south-1.elb.amazonaws.com/main.dart.js:55772
[  823659ms] [LOG] [ApiService] Request URL: http://semiconlab-staging-alb-124259420.ap-south-1.elb.amazonaws.com:3000/v1/labs-api/available-labs @ http://semiconlab-staging-alb-124259420.ap-south-1.elb.amazonaws.com/main.dart.js:55772
[  823660ms] [LOG] [AuthService] getToken() - token exists: true, token length: 327 @ http://semiconlab-staging-alb-124259420.ap-south-1.elb.amazonaws.com/main.dart.js:55772
[  823660ms] [LOG] [ApiService] GET Request: /users/95 @ http://semiconlab-staging-alb-124259420.ap-south-1.elb.amazonaws.com/main.dart.js:55772
[  823660ms] [LOG] [ApiService] Headers: {Authorization: Bearer eyJhbGciOiJIUzI1NiIsInR5cCI6IkpXVCJ9.eyJlbWFpbCI6InN1cnlhLm5Ac2VtaWNvbm9zLmFpIiwic3ViIjo5NSwicm9sZSI6IkxlYXJuZXIiLCJvcmdJZCI6bnVsbCwidGVhbUlkIjpudWxsLCJhdmFpbGFibGVSb2xlcyI6W10sInNpZCI6ImI5NGVjYzQ3LTQ2MDItNDE5Zi1iMmY0LTViOTk1ODhhZjc2MSIsImlhdCI6MTc4NDc5OTY3MSwiZXhwIjoxNzg1NDA0NDcxfQ.XtqvvgxYi_43mtsjpbElbbWChpvHhFSh_eG6XYLo8oU} @ http://semiconlab-staging-alb-124259420.ap-south-1.elb.amazonaws.com/main.dart.js:55772
[  823717ms] [ERROR] Failed to load resource: the server responded with a status of 401 (Unauthorized) @ http://semiconlab-staging-alb-124259420.ap-south-1.elb.amazonaws.com:3000/v1/users/95:0
[  823719ms] [LOG] [ApiService] Error: This exception was thrown because the response has a status code of 401 and RequestOptions.validateStatus was configured to throw for this status code.
The status code of 401 has the following meaning: "Client error - the request contains bad syntax or cannot be fulfilled"
Read more about status codes at https://developer.mozilla.org/en-US/docs/Web/HTTP/Status
In order to resolve this exception you typically have either to verify and fix your request code or you have to fix the server code.
 @ http://semiconlab-staging-alb-124259420.ap-south-1.elb.amazonaws.com/main.dart.js:55772
[  823719ms] [LOG] [ApiService] Error Type: DioExceptionType.badResponse @ http://semiconlab-staging-alb-124259420.ap-south-1.elb.amazonaws.com/main.dart.js:55772
[  823719ms] [LOG] [ApiService] Error Response: {statusCode: 401, timestamp: 2026-07-27T10:54:20.927+05:30, path: /v1/users/95, method: GET, message: Your session has ended or you signed in elsewhere. Please sign in again., error: Unauthorized} @ http://semiconlab-staging-alb-124259420.ap-south-1.elb.amazonaws.com/main.dart.js:55772
[  823719ms] [LOG] [ApiService] Request URL: http://semiconlab-staging-alb-124259420.ap-south-1.elb.amazonaws.com:3000/v1/users/95 @ http://semiconlab-staging-alb-124259420.ap-south-1.elb.amazonaws.com/main.dart.js:55772
[  823720ms] [LOG] [LabHoursLiveSync] profile pool merge failed: Exception: Error fetching user profile: Your session has ended or you signed in elsewhere. Please sign in again. @ http://semiconlab-staging-alb-124259420.ap-south-1.elb.amazonaws.com/main.dart.js:55772
[  943721ms] [LOG] [AuthService] getToken() - token exists: true, token length: 327 @ http://semiconlab-staging-alb-124259420.ap-south-1.elb.amazonaws.com/main.dart.js:55772
[  943722ms] [LOG] [AuthService] getToken() - token exists: true, token length: 327 @ http://semiconlab-staging-alb-124259420.ap-south-1.elb.amazonaws.com/main.dart.js:55772
[  943722ms] [LOG] [ApiService] GET Request: labs-api/available-labs @ http://semiconlab-staging-alb-124259420.ap-south-1.elb.amazonaws.com/main.dart.js:55772
[  943722ms] [LOG] [ApiService] Headers: {Authorization: Bearer eyJhbGciOiJIUzI1NiIsInR5cCI6IkpXVCJ9.eyJlbWFpbCI6InN1cnlhLm5Ac2VtaWNvbm9zLmFpIiwic3ViIjo5NSwicm9sZSI6IkxlYXJuZXIiLCJvcmdJZCI6bnVsbCwidGVhbUlkIjpudWxsLCJhdmFpbGFibGVSb2xlcyI6W10sInNpZCI6ImI5NGVjYzQ3LTQ2MDItNDE5Zi1iMmY0LTViOTk1ODhhZjc2MSIsImlhdCI6MTc4NDc5OTY3MSwiZXhwIjoxNzg1NDA0NDcxfQ.XtqvvgxYi_43mtsjpbElbbWChpvHhFSh_eG6XYLo8oU} @ http://semiconlab-staging-alb-124259420.ap-south-1.elb.amazonaws.com/main.dart.js:55772
[  973737ms] [LOG] [ApiService] Error: The request connection took longer than 0:00:30.000000 and it was aborted. To get rid of this exception, try raising the RequestOptions.connectTimeout above the duration of 0:00:30.000000 or improve the response time of the server. @ http://semiconlab-staging-alb-124259420.ap-south-1.elb.amazonaws.com/main.dart.js:55772
[  973738ms] [LOG] [ApiService] Error Type: DioExceptionType.connectionTimeout @ http://semiconlab-staging-alb-124259420.ap-south-1.elb.amazonaws.com/main.dart.js:55772
[  973738ms] [LOG] [ApiService] Error Response: null @ http://semiconlab-staging-alb-124259420.ap-south-1.elb.amazonaws.com/main.dart.js:55772
[  973738ms] [LOG] [ApiService] Request URL: http://semiconlab-staging-alb-124259420.ap-south-1.elb.amazonaws.com:3000/v1/labs-api/available-labs @ http://semiconlab-staging-alb-124259420.ap-south-1.elb.amazonaws.com/main.dart.js:55772
[  973738ms] [LOG] [LabHoursLiveSync] poll failed: Connection timeout. Please check your internet connection. @ http://semiconlab-staging-alb-124259420.ap-south-1.elb.amazonaws.com/main.dart.js:55772
[ 1093740ms] [LOG] [AuthService] getToken() - token exists: true, token length: 327 @ http://semiconlab-staging-alb-124259420.ap-south-1.elb.amazonaws.com/main.dart.js:55772
[ 1093740ms] [LOG] [AuthService] getToken() - token exists: true, token length: 327 @ http://semiconlab-staging-alb-124259420.ap-south-1.elb.amazonaws.com/main.dart.js:55772
[ 1093740ms] [LOG] [ApiService] GET Request: labs-api/available-labs @ http://semiconlab-staging-alb-124259420.ap-south-1.elb.amazonaws.com/main.dart.js:55772
[ 1093741ms] [LOG] [ApiService] Headers: {Authorization: Bearer eyJhbGciOiJIUzI1NiIsInR5cCI6IkpXVCJ9.eyJlbWFpbCI6InN1cnlhLm5Ac2VtaWNvbm9zLmFpIiwic3ViIjo5NSwicm9sZSI6IkxlYXJuZXIiLCJvcmdJZCI6bnVsbCwidGVhbUlkIjpudWxsLCJhdmFpbGFibGVSb2xlcyI6W10sInNpZCI6ImI5NGVjYzQ3LTQ2MDItNDE5Zi1iMmY0LTViOTk1ODhhZjc2MSIsImlhdCI6MTc4NDc5OTY3MSwiZXhwIjoxNzg1NDA0NDcxfQ.XtqvvgxYi_43mtsjpbElbbWChpvHhFSh_eG6XYLo8oU} @ http://semiconlab-staging-alb-124259420.ap-south-1.elb.amazonaws.com/main.dart.js:55772
[ 1093822ms] [ERROR] Failed to load resource: the server responded with a status of 401 (Unauthorized) @ http://semiconlab-staging-alb-124259420.ap-south-1.elb.amazonaws.com:3000/v1/labs-api/available-labs:0
[ 1093825ms] [LOG] [ApiService] Error: This exception was thrown because the response has a status code of 401 and RequestOptions.validateStatus was configured to throw for this status code.
The status code of 401 has the following meaning: "Client error - the request contains bad syntax or cannot be fulfilled"
Read more about status codes at https://developer.mozilla.org/en-US/docs/Web/HTTP/Status
In order to resolve this exception you typically have either to verify and fix your request code or you have to fix the server code.
 @ http://semiconlab-staging-alb-124259420.ap-south-1.elb.amazonaws.com/main.dart.js:55772
[ 1093825ms] [LOG] [ApiService] Error Type: DioExceptionType.badResponse @ http://semiconlab-staging-alb-124259420.ap-south-1.elb.amazonaws.com/main.dart.js:55772
[ 1093826ms] [LOG] [ApiService] Error Response: {statusCode: 401, timestamp: 2026-07-27T10:58:51.029+05:30, path: /v1/labs-api/available-labs, method: GET, message: Your session has ended or you signed in elsewhere. Please sign in again., error: Unauthorized} @ http://semiconlab-staging-alb-124259420.ap-south-1.elb.amazonaws.com/main.dart.js:55772
[ 1093826ms] [LOG] [ApiService] Request URL: http://semiconlab-staging-alb-124259420.ap-south-1.elb.amazonaws.com:3000/v1/labs-api/available-labs @ http://semiconlab-staging-alb-124259420.ap-south-1.elb.amazonaws.com/main.dart.js:55772
[ 1093826ms] [LOG] [AuthService] getToken() - token exists: true, token length: 327 @ http://semiconlab-staging-alb-124259420.ap-south-1.elb.amazonaws.com/main.dart.js:55772
[ 1093827ms] [LOG] [ApiService] GET Request: /users/95 @ http://semiconlab-staging-alb-124259420.ap-south-1.elb.amazonaws.com/main.dart.js:55772
[ 1093827ms] [LOG] [ApiService] Headers: {Authorization: Bearer eyJhbGciOiJIUzI1NiIsInR5cCI6IkpXVCJ9.eyJlbWFpbCI6InN1cnlhLm5Ac2VtaWNvbm9zLmFpIiwic3ViIjo5NSwicm9sZSI6IkxlYXJuZXIiLCJvcmdJZCI6bnVsbCwidGVhbUlkIjpudWxsLCJhdmFpbGFibGVSb2xlcyI6W10sInNpZCI6ImI5NGVjYzQ3LTQ2MDItNDE5Zi1iMmY0LTViOTk1ODhhZjc2MSIsImlhdCI6MTc4NDc5OTY3MSwiZXhwIjoxNzg1NDA0NDcxfQ.XtqvvgxYi_43mtsjpbElbbWChpvHhFSh_eG6XYLo8oU} @ http://semiconlab-staging-alb-124259420.ap-south-1.elb.amazonaws.com/main.dart.js:55772
[ 1093885ms] [ERROR] Failed to load resource: the server responded with a status of 401 (Unauthorized) @ http://semiconlab-staging-alb-124259420.ap-south-1.elb.amazonaws.com:3000/v1/users/95:0
[ 1093887ms] [LOG] [ApiService] Error: This exception was thrown because the response has a status code of 401 and RequestOptions.validateStatus was configured to throw for this status code.
The status code of 401 has the following meaning: "Client error - the request contains bad syntax or cannot be fulfilled"
Read more about status codes at https://developer.mozilla.org/en-US/docs/Web/HTTP/Status
In order to resolve this exception you typically have either to verify and fix your request code or you have to fix the server code.
 @ http://semiconlab-staging-alb-124259420.ap-south-1.elb.amazonaws.com/main.dart.js:55772
[ 1093887ms] [LOG] [ApiService] Error Type: DioExceptionType.badResponse @ http://semiconlab-staging-alb-124259420.ap-south-1.elb.amazonaws.com/main.dart.js:55772
[ 1093887ms] [LOG] [ApiService] Error Response: {statusCode: 401, timestamp: 2026-07-27T10:58:51.089+05:30, path: /v1/users/95, method: GET, message: Your session has ended or you signed in elsewhere. Please sign in again., error: Unauthorized} @ http://semiconlab-staging-alb-124259420.ap-south-1.elb.amazonaws.com/main.dart.js:55772
[ 1093888ms] [LOG] [ApiService] Request URL: http://semiconlab-staging-alb-124259420.ap-south-1.elb.amazonaws.com:3000/v1/users/95 @ http://semiconlab-staging-alb-124259420.ap-south-1.elb.amazonaws.com/main.dart.js:55772
[ 1093888ms] [LOG] [LabHoursLiveSync] profile pool merge failed: Exception: Error fetching user profile: Your session has ended or you signed in elsewhere. Please sign in again. @ http://semiconlab-staging-alb-124259420.ap-south-1.elb.amazonaws.com/main.dart.js:55772
[ 1213889ms] [LOG] [AuthService] getToken() - token exists: true, token length: 327 @ http://semiconlab-staging-alb-124259420.ap-south-1.elb.amazonaws.com/main.dart.js:55772
[ 1213890ms] [LOG] [AuthService] getToken() - token exists: true, token length: 327 @ http://semiconlab-staging-alb-124259420.ap-south-1.elb.amazonaws.com/main.dart.js:55772
[ 1213890ms] [LOG] [ApiService] GET Request: labs-api/available-labs @ http://semiconlab-staging-alb-124259420.ap-south-1.elb.amazonaws.com/main.dart.js:55772
[ 1213890ms] [LOG] [ApiService] Headers: {Authorization: Bearer eyJhbGciOiJIUzI1NiIsInR5cCI6IkpXVCJ9.eyJlbWFpbCI6InN1cnlhLm5Ac2VtaWNvbm9zLmFpIiwic3ViIjo5NSwicm9sZSI6IkxlYXJuZXIiLCJvcmdJZCI6bnVsbCwidGVhbUlkIjpudWxsLCJhdmFpbGFibGVSb2xlcyI6W10sInNpZCI6ImI5NGVjYzQ3LTQ2MDItNDE5Zi1iMmY0LTViOTk1ODhhZjc2MSIsImlhdCI6MTc4NDc5OTY3MSwiZXhwIjoxNzg1NDA0NDcxfQ.XtqvvgxYi_43mtsjpbElbbWChpvHhFSh_eG6XYLo8oU} @ http://semiconlab-staging-alb-124259420.ap-south-1.elb.amazonaws.com/main.dart.js:55772
[ 1243905ms] [LOG] [ApiService] Error: The request connection took longer than 0:00:30.000000 and it was aborted. To get rid of this exception, try raising the RequestOptions.connectTimeout above the duration of 0:00:30.000000 or improve the response time of the server. @ http://semiconlab-staging-alb-124259420.ap-south-1.elb.amazonaws.com/main.dart.js:55772
[ 1243906ms] [LOG] [ApiService] Error Type: DioExceptionType.connectionTimeout @ http://semiconlab-staging-alb-124259420.ap-south-1.elb.amazonaws.com/main.dart.js:55772
[ 1243906ms] [LOG] [ApiService] Error Response: null @ http://semiconlab-staging-alb-124259420.ap-south-1.elb.amazonaws.com/main.dart.js:55772
[ 1243906ms] [LOG] [ApiService] Request URL: http://semiconlab-staging-alb-124259420.ap-south-1.elb.amazonaws.com:3000/v1/labs-api/available-labs @ http://semiconlab-staging-alb-124259420.ap-south-1.elb.amazonaws.com/main.dart.js:55772
[ 1243907ms] [LOG] [LabHoursLiveSync] poll failed: Connection timeout. Please check your internet connection. @ http://semiconlab-staging-alb-124259420.ap-south-1.elb.amazonaws.com/main.dart.js:55772
[ 1363908ms] [LOG] [AuthService] getToken() - token exists: true, token length: 327 @ http://semiconlab-staging-alb-124259420.ap-south-1.elb.amazonaws.com/main.dart.js:55772
[ 1363908ms] [LOG] [AuthService] getToken() - token exists: true, token length: 327 @ http://semiconlab-staging-alb-124259420.ap-south-1.elb.amazonaws.com/main.dart.js:55772
[ 1363909ms] [LOG] [ApiService] GET Request: labs-api/available-labs @ http://semiconlab-staging-alb-124259420.ap-south-1.elb.amazonaws.com/main.dart.js:55772
[ 1363909ms] [LOG] [ApiService] Headers: {Authorization: Bearer eyJhbGciOiJIUzI1NiIsInR5cCI6IkpXVCJ9.eyJlbWFpbCI6InN1cnlhLm5Ac2VtaWNvbm9zLmFpIiwic3ViIjo5NSwicm9sZSI6IkxlYXJuZXIiLCJvcmdJZCI6bnVsbCwidGVhbUlkIjpudWxsLCJhdmFpbGFibGVSb2xlcyI6W10sInNpZCI6ImI5NGVjYzQ3LTQ2MDItNDE5Zi1iMmY0LTViOTk1ODhhZjc2MSIsImlhdCI6MTc4NDc5OTY3MSwiZXhwIjoxNzg1NDA0NDcxfQ.XtqvvgxYi_43mtsjpbElbbWChpvHhFSh_eG6XYLo8oU} @ http://semiconlab-staging-alb-124259420.ap-south-1.elb.amazonaws.com/main.dart.js:55772
[ 1363992ms] [ERROR] Failed to load resource: the server responded with a status of 401 (Unauthorized) @ http://semiconlab-staging-alb-124259420.ap-south-1.elb.amazonaws.com:3000/v1/labs-api/available-labs:0
[ 1363994ms] [LOG] [ApiService] Error: This exception was thrown because the response has a status code of 401 and RequestOptions.validateStatus was configured to throw for this status code.
The status code of 401 has the following meaning: "Client error - the request contains bad syntax or cannot be fulfilled"
Read more about status codes at https://developer.mozilla.org/en-US/docs/Web/HTTP/Status
In order to resolve this exception you typically have either to verify and fix your request code or you have to fix the server code.
 @ http://semiconlab-staging-alb-124259420.ap-south-1.elb.amazonaws.com/main.dart.js:55772
[ 1363994ms] [LOG] [ApiService] Error Type: DioExceptionType.badResponse @ http://semiconlab-staging-alb-124259420.ap-south-1.elb.amazonaws.com/main.dart.js:55772
[ 1363995ms] [LOG] [ApiService] Error Response: {statusCode: 401, timestamp: 2026-07-27T11:03:21.195+05:30, path: /v1/labs-api/available-labs, method: GET, message: Your session has ended or you signed in elsewhere. Please sign in again., error: Unauthorized} @ http://semiconlab-staging-alb-124259420.ap-south-1.elb.amazonaws.com/main.dart.js:55772
[ 1363995ms] [LOG] [ApiService] Request URL: http://semiconlab-staging-alb-124259420.ap-south-1.elb.amazonaws.com:3000/v1/labs-api/available-labs @ http://semiconlab-staging-alb-124259420.ap-south-1.elb.amazonaws.com/main.dart.js:55772
[ 1363996ms] [LOG] [AuthService] getToken() - token exists: true, token length: 327 @ http://semiconlab-staging-alb-124259420.ap-south-1.elb.amazonaws.com/main.dart.js:55772
[ 1363996ms] [LOG] [ApiService] GET Request: /users/95 @ http://semiconlab-staging-alb-124259420.ap-south-1.elb.amazonaws.com/main.dart.js:55772
[ 1363996ms] [LOG] [ApiService] Headers: {Authorization: Bearer eyJhbGciOiJIUzI1NiIsInR5cCI6IkpXVCJ9.eyJlbWFpbCI6InN1cnlhLm5Ac2VtaWNvbm9zLmFpIiwic3ViIjo5NSwicm9sZSI6IkxlYXJuZXIiLCJvcmdJZCI6bnVsbCwidGVhbUlkIjpudWxsLCJhdmFpbGFibGVSb2xlcyI6W10sInNpZCI6ImI5NGVjYzQ3LTQ2MDItNDE5Zi1iMmY0LTViOTk1ODhhZjc2MSIsImlhdCI6MTc4NDc5OTY3MSwiZXhwIjoxNzg1NDA0NDcxfQ.XtqvvgxYi_43mtsjpbElbbWChpvHhFSh_eG6XYLo8oU} @ http://semiconlab-staging-alb-124259420.ap-south-1.elb.amazonaws.com/main.dart.js:55772
[ 1364049ms] [ERROR] Failed to load resource: the server responded with a status of 401 (Unauthorized) @ http://semiconlab-staging-alb-124259420.ap-south-1.elb.amazonaws.com:3000/v1/users/95:0
[ 1364051ms] [LOG] [ApiService] Error: This exception was thrown because the response has a status code of 401 and RequestOptions.validateStatus was configured to throw for this status code.
The status code of 401 has the following meaning: "Client error - the request contains bad syntax or cannot be fulfilled"
Read more about status codes at https://developer.mozilla.org/en-US/docs/Web/HTTP/Status
In order to resolve this exception you typically have either to verify and fix your request code or you have to fix the server code.
 @ http://semiconlab-staging-alb-124259420.ap-south-1.elb.amazonaws.com/main.dart.js:55772
[ 1364051ms] [LOG] [ApiService] Error Type: DioExceptionType.badResponse @ http://semiconlab-staging-alb-124259420.ap-south-1.elb.amazonaws.com/main.dart.js:55772
[ 1364051ms] [LOG] [ApiService] Error Response: {statusCode: 401, timestamp: 2026-07-27T11:03:21.257+05:30, path: /v1/users/95, method: GET, message: Your session has ended or you signed in elsewhere. Please sign in again., error: Unauthorized} @ http://semiconlab-staging-alb-124259420.ap-south-1.elb.amazonaws.com/main.dart.js:55772
[ 1364051ms] [LOG] [ApiService] Request URL: http://semiconlab-staging-alb-124259420.ap-south-1.elb.amazonaws.com:3000/v1/users/95 @ http://semiconlab-staging-alb-124259420.ap-south-1.elb.amazonaws.com/main.dart.js:55772
[ 1364052ms] [LOG] [LabHoursLiveSync] profile pool merge failed: Exception: Error fetching user profile: Your session has ended or you signed in elsewhere. Please sign in again. @ http://semiconlab-staging-alb-124259420.ap-south-1.elb.amazonaws.com/main.dart.js:55772
[ 1484053ms] [LOG] [AuthService] getToken() - token exists: true, token length: 327 @ http://semiconlab-staging-alb-124259420.ap-south-1.elb.amazonaws.com/main.dart.js:55772
[ 1484053ms] [LOG] [AuthService] getToken() - token exists: true, token length: 327 @ http://semiconlab-staging-alb-124259420.ap-south-1.elb.amazonaws.com/main.dart.js:55772
[ 1484053ms] [LOG] [ApiService] GET Request: labs-api/available-labs @ http://semiconlab-staging-alb-124259420.ap-south-1.elb.amazonaws.com/main.dart.js:55772
[ 1484054ms] [LOG] [ApiService] Headers: {Authorization: Bearer eyJhbGciOiJIUzI1NiIsInR5cCI6IkpXVCJ9.eyJlbWFpbCI6InN1cnlhLm5Ac2VtaWNvbm9zLmFpIiwic3ViIjo5NSwicm9sZSI6IkxlYXJuZXIiLCJvcmdJZCI6bnVsbCwidGVhbUlkIjpudWxsLCJhdmFpbGFibGVSb2xlcyI6W10sInNpZCI6ImI5NGVjYzQ3LTQ2MDItNDE5Zi1iMmY0LTViOTk1ODhhZjc2MSIsImlhdCI6MTc4NDc5OTY3MSwiZXhwIjoxNzg1NDA0NDcxfQ.XtqvvgxYi_43mtsjpbElbbWChpvHhFSh_eG6XYLo8oU} @ http://semiconlab-staging-alb-124259420.ap-south-1.elb.amazonaws.com/main.dart.js:55772
[ 1484206ms] [ERROR] Failed to load resource: the server responded with a status of 401 (Unauthorized) @ http://semiconlab-staging-alb-124259420.ap-south-1.elb.amazonaws.com:3000/v1/labs-api/available-labs:0
[ 1484209ms] [LOG] [ApiService] Error: This exception was thrown because the response has a status code of 401 and RequestOptions.validateStatus was configured to throw for this status code.
The status code of 401 has the following meaning: "Client error - the request contains bad syntax or cannot be fulfilled"
Read more about status codes at https://developer.mozilla.org/en-US/docs/Web/HTTP/Status
In order to resolve this exception you typically have either to verify and fix your request code or you have to fix the server code.
 @ http://semiconlab-staging-alb-124259420.ap-south-1.elb.amazonaws.com/main.dart.js:55772
[ 1484209ms] [LOG] [ApiService] Error Type: DioExceptionType.badResponse @ http://semiconlab-staging-alb-124259420.ap-south-1.elb.amazonaws.com/main.dart.js:55772
[ 1484210ms] [LOG] [ApiService] Error Response: {statusCode: 401, timestamp: 2026-07-27T11:05:21.415+05:30, path: /v1/labs-api/available-labs, method: GET, message: Your session has ended or you signed in elsewhere. Please sign in again., error: Unauthorized} @ http://semiconlab-staging-alb-124259420.ap-south-1.elb.amazonaws.com/main.dart.js:55772
[ 1484210ms] [LOG] [ApiService] Request URL: http://semiconlab-staging-alb-124259420.ap-south-1.elb.amazonaws.com:3000/v1/labs-api/available-labs @ http://semiconlab-staging-alb-124259420.ap-south-1.elb.amazonaws.com/main.dart.js:55772
[ 1484210ms] [LOG] [AuthService] getToken() - token exists: true, token length: 327 @ http://semiconlab-staging-alb-124259420.ap-south-1.elb.amazonaws.com/main.dart.js:55772
[ 1484210ms] [LOG] [ApiService] GET Request: /users/95 @ http://semiconlab-staging-alb-124259420.ap-south-1.elb.amazonaws.com/main.dart.js:55772
[ 1484211ms] [LOG] [ApiService] Headers: {Authorization: Bearer eyJhbGciOiJIUzI1NiIsInR5cCI6IkpXVCJ9.eyJlbWFpbCI6InN1cnlhLm5Ac2VtaWNvbm9zLmFpIiwic3ViIjo5NSwicm9sZSI6IkxlYXJuZXIiLCJvcmdJZCI6bnVsbCwidGVhbUlkIjpudWxsLCJhdmFpbGFibGVSb2xlcyI6W10sInNpZCI6ImI5NGVjYzQ3LTQ2MDItNDE5Zi1iMmY0LTViOTk1ODhhZjc2MSIsImlhdCI6MTc4NDc5OTY3MSwiZXhwIjoxNzg1NDA0NDcxfQ.XtqvvgxYi_43mtsjpbElbbWChpvHhFSh_eG6XYLo8oU} @ http://semiconlab-staging-alb-124259420.ap-south-1.elb.amazonaws.com/main.dart.js:55772
[ 1484259ms] [ERROR] Failed to load resource: the server responded with a status of 401 (Unauthorized) @ http://semiconlab-staging-alb-124259420.ap-south-1.elb.amazonaws.com:3000/v1/users/95:0
[ 1484261ms] [LOG] [ApiService] Error: This exception was thrown because the response has a status code of 401 and RequestOptions.validateStatus was configured to throw for this status code.
The status code of 401 has the following meaning: "Client error - the request contains bad syntax or cannot be fulfilled"
Read more about status codes at https://developer.mozilla.org/en-US/docs/Web/HTTP/Status
In order to resolve this exception you typically have either to verify and fix your request code or you have to fix the server code.
 @ http://semiconlab-staging-alb-124259420.ap-south-1.elb.amazonaws.com/main.dart.js:55772
[ 1484261ms] [LOG] [ApiService] Error Type: DioExceptionType.badResponse @ http://semiconlab-staging-alb-124259420.ap-south-1.elb.amazonaws.com/main.dart.js:55772
[ 1484262ms] [LOG] [ApiService] Error Response: {statusCode: 401, timestamp: 2026-07-27T11:05:21.469+05:30, path: /v1/users/95, method: GET, message: Your session has ended or you signed in elsewhere. Please sign in again., error: Unauthorized} @ http://semiconlab-staging-alb-124259420.ap-south-1.elb.amazonaws.com/main.dart.js:55772
[ 1484262ms] [LOG] [ApiService] Request URL: http://semiconlab-staging-alb-124259420.ap-south-1.elb.amazonaws.com:3000/v1/users/95 @ http://semiconlab-staging-alb-124259420.ap-south-1.elb.amazonaws.com/main.dart.js:55772
[ 1484262ms] [LOG] [LabHoursLiveSync] profile pool merge failed: Exception: Error fetching user profile: Your session has ended or you signed in elsewhere. Please sign in again. @ http://semiconlab-staging-alb-124259420.ap-south-1.elb.amazonaws.com/main.dart.js:55772
[ 1604263ms] [LOG] [AuthService] getToken() - token exists: true, token length: 327 @ http://semiconlab-staging-alb-124259420.ap-south-1.elb.amazonaws.com/main.dart.js:55772
[ 1604264ms] [LOG] [AuthService] getToken() - token exists: true, token length: 327 @ http://semiconlab-staging-alb-124259420.ap-south-1.elb.amazonaws.com/main.dart.js:55772
[ 1604265ms] [LOG] [ApiService] GET Request: labs-api/available-labs @ http://semiconlab-staging-alb-124259420.ap-south-1.elb.amazonaws.com/main.dart.js:55772
[ 1604265ms] [LOG] [ApiService] Headers: {Authorization: Bearer eyJhbGciOiJIUzI1NiIsInR5cCI6IkpXVCJ9.eyJlbWFpbCI6InN1cnlhLm5Ac2VtaWNvbm9zLmFpIiwic3ViIjo5NSwicm9sZSI6IkxlYXJuZXIiLCJvcmdJZCI6bnVsbCwidGVhbUlkIjpudWxsLCJhdmFpbGFibGVSb2xlcyI6W10sInNpZCI6ImI5NGVjYzQ3LTQ2MDItNDE5Zi1iMmY0LTViOTk1ODhhZjc2MSIsImlhdCI6MTc4NDc5OTY3MSwiZXhwIjoxNzg1NDA0NDcxfQ.XtqvvgxYi_43mtsjpbElbbWChpvHhFSh_eG6XYLo8oU} @ http://semiconlab-staging-alb-124259420.ap-south-1.elb.amazonaws.com/main.dart.js:55772
[ 1634280ms] [LOG] [ApiService] Error: The request connection took longer than 0:00:30.000000 and it was aborted. To get rid of this exception, try raising the RequestOptions.connectTimeout above the duration of 0:00:30.000000 or improve the response time of the server. @ http://semiconlab-staging-alb-124259420.ap-south-1.elb.amazonaws.com/main.dart.js:55772
[ 1634280ms] [LOG] [ApiService] Error Type: DioExceptionType.connectionTimeout @ http://semiconlab-staging-alb-124259420.ap-south-1.elb.amazonaws.com/main.dart.js:55772
[ 1634280ms] [LOG] [ApiService] Error Response: null @ http://semiconlab-staging-alb-124259420.ap-south-1.elb.amazonaws.com/main.dart.js:55772
[ 1634280ms] [LOG] [ApiService] Request URL: http://semiconlab-staging-alb-124259420.ap-south-1.elb.amazonaws.com:3000/v1/labs-api/available-labs @ http://semiconlab-staging-alb-124259420.ap-south-1.elb.amazonaws.com/main.dart.js:55772
[ 1634281ms] [LOG] [LabHoursLiveSync] poll failed: Connection timeout. Please check your internet connection. @ http://semiconlab-staging-alb-124259420.ap-south-1.elb.amazonaws.com/main.dart.js:55772
[ 1754282ms] [LOG] [AuthService] getToken() - token exists: true, token length: 327 @ http://semiconlab-staging-alb-124259420.ap-south-1.elb.amazonaws.com/main.dart.js:55772
[ 1754282ms] [LOG] [AuthService] getToken() - token exists: true, token length: 327 @ http://semiconlab-staging-alb-124259420.ap-south-1.elb.amazonaws.com/main.dart.js:55772
[ 1754282ms] [LOG] [ApiService] GET Request: labs-api/available-labs @ http://semiconlab-staging-alb-124259420.ap-south-1.elb.amazonaws.com/main.dart.js:55772
[ 1754283ms] [LOG] [ApiService] Headers: {Authorization: Bearer eyJhbGciOiJIUzI1NiIsInR5cCI6IkpXVCJ9.eyJlbWFpbCI6InN1cnlhLm5Ac2VtaWNvbm9zLmFpIiwic3ViIjo5NSwicm9sZSI6IkxlYXJuZXIiLCJvcmdJZCI6bnVsbCwidGVhbUlkIjpudWxsLCJhdmFpbGFibGVSb2xlcyI6W10sInNpZCI6ImI5NGVjYzQ3LTQ2MDItNDE5Zi1iMmY0LTViOTk1ODhhZjc2MSIsImlhdCI6MTc4NDc5OTY3MSwiZXhwIjoxNzg1NDA0NDcxfQ.XtqvvgxYi_43mtsjpbElbbWChpvHhFSh_eG6XYLo8oU} @ http://semiconlab-staging-alb-124259420.ap-south-1.elb.amazonaws.com/main.dart.js:55772
[ 1754353ms] [ERROR] Failed to load resource: the server responded with a status of 401 (Unauthorized) @ http://semiconlab-staging-alb-124259420.ap-south-1.elb.amazonaws.com:3000/v1/labs-api/available-labs:0
[ 1754356ms] [LOG] [ApiService] Error: This exception was thrown because the response has a status code of 401 and RequestOptions.validateStatus was configured to throw for this status code.
The status code of 401 has the following meaning: "Client error - the request contains bad syntax or cannot be fulfilled"
Read more about status codes at https://developer.mozilla.org/en-US/docs/Web/HTTP/Status
In order to resolve this exception you typically have either to verify and fix your request code or you have to fix the server code.
 @ http://semiconlab-staging-alb-124259420.ap-south-1.elb.amazonaws.com/main.dart.js:55772
[ 1754356ms] [LOG] [ApiService] Error Type: DioExceptionType.badResponse @ http://semiconlab-staging-alb-124259420.ap-south-1.elb.amazonaws.com/main.dart.js:55772
[ 1754356ms] [LOG] [ApiService] Error Response: {statusCode: 401, timestamp: 2026-07-27T11:09:51.563+05:30, path: /v1/labs-api/available-labs, method: GET, message: Your session has ended or you signed in elsewhere. Please sign in again., error: Unauthorized} @ http://semiconlab-staging-alb-124259420.ap-south-1.elb.amazonaws.com/main.dart.js:55772
[ 1754356ms] [LOG] [ApiService] Request URL: http://semiconlab-staging-alb-124259420.ap-south-1.elb.amazonaws.com:3000/v1/labs-api/available-labs @ http://semiconlab-staging-alb-124259420.ap-south-1.elb.amazonaws.com/main.dart.js:55772
[ 1754357ms] [LOG] [AuthService] getToken() - token exists: true, token length: 327 @ http://semiconlab-staging-alb-124259420.ap-south-1.elb.amazonaws.com/main.dart.js:55772
[ 1754357ms] [LOG] [ApiService] GET Request: /users/95 @ http://semiconlab-staging-alb-124259420.ap-south-1.elb.amazonaws.com/main.dart.js:55772
[ 1754357ms] [LOG] [ApiService] Headers: {Authorization: Bearer eyJhbGciOiJIUzI1NiIsInR5cCI6IkpXVCJ9.eyJlbWFpbCI6InN1cnlhLm5Ac2VtaWNvbm9zLmFpIiwic3ViIjo5NSwicm9sZSI6IkxlYXJuZXIiLCJvcmdJZCI6bnVsbCwidGVhbUlkIjpudWxsLCJhdmFpbGFibGVSb2xlcyI6W10sInNpZCI6ImI5NGVjYzQ3LTQ2MDItNDE5Zi1iMmY0LTViOTk1ODhhZjc2MSIsImlhdCI6MTc4NDc5OTY3MSwiZXhwIjoxNzg1NDA0NDcxfQ.XtqvvgxYi_43mtsjpbElbbWChpvHhFSh_eG6XYLo8oU} @ http://semiconlab-staging-alb-124259420.ap-south-1.elb.amazonaws.com/main.dart.js:55772
[ 1754408ms] [ERROR] Failed to load resource: the server responded with a status of 401 (Unauthorized) @ http://semiconlab-staging-alb-124259420.ap-south-1.elb.amazonaws.com:3000/v1/users/95:0
[ 1754410ms] [LOG] [ApiService] Error: This exception was thrown because the response has a status code of 401 and RequestOptions.validateStatus was configured to throw for this status code.
The status code of 401 has the following meaning: "Client error - the request contains bad syntax or cannot be fulfilled"
Read more about status codes at https://developer.mozilla.org/en-US/docs/Web/HTTP/Status
In order to resolve this exception you typically have either to verify and fix your request code or you have to fix the server code.
 @ http://semiconlab-staging-alb-124259420.ap-south-1.elb.amazonaws.com/main.dart.js:55772
[ 1754410ms] [LOG] [ApiService] Error Type: DioExceptionType.badResponse @ http://semiconlab-staging-alb-124259420.ap-south-1.elb.amazonaws.com/main.dart.js:55772
[ 1754410ms] [LOG] [ApiService] Error Response: {statusCode: 401, timestamp: 2026-07-27T11:09:51.616+05:30, path: /v1/users/95, method: GET, message: Your session has ended or you signed in elsewhere. Please sign in again., error: Unauthorized} @ http://semiconlab-staging-alb-124259420.ap-south-1.elb.amazonaws.com/main.dart.js:55772
[ 1754410ms] [LOG] [ApiService] Request URL: http://semiconlab-staging-alb-124259420.ap-south-1.elb.amazonaws.com:3000/v1/users/95 @ http://semiconlab-staging-alb-124259420.ap-south-1.elb.amazonaws.com/main.dart.js:55772
[ 1754411ms] [LOG] [LabHoursLiveSync] profile pool merge failed: Exception: Error fetching user profile: Your session has ended or you signed in elsewhere. Please sign in again. @ http://semiconlab-staging-alb-124259420.ap-south-1.elb.amazonaws.com/main.dart.js:55772
[ 1874412ms] [LOG] [AuthService] getToken() - token exists: true, token length: 327 @ http://semiconlab-staging-alb-124259420.ap-south-1.elb.amazonaws.com/main.dart.js:55772
[ 1874412ms] [LOG] [AuthService] getToken() - token exists: true, token length: 327 @ http://semiconlab-staging-alb-124259420.ap-south-1.elb.amazonaws.com/main.dart.js:55772
[ 1874412ms] [LOG] [ApiService] GET Request: labs-api/available-labs @ http://semiconlab-staging-alb-124259420.ap-south-1.elb.amazonaws.com/main.dart.js:55772
[ 1874413ms] [LOG] [ApiService] Headers: {Authorization: Bearer eyJhbGciOiJIUzI1NiIsInR5cCI6IkpXVCJ9.eyJlbWFpbCI6InN1cnlhLm5Ac2VtaWNvbm9zLmFpIiwic3ViIjo5NSwicm9sZSI6IkxlYXJuZXIiLCJvcmdJZCI6bnVsbCwidGVhbUlkIjpudWxsLCJhdmFpbGFibGVSb2xlcyI6W10sInNpZCI6ImI5NGVjYzQ3LTQ2MDItNDE5Zi1iMmY0LTViOTk1ODhhZjc2MSIsImlhdCI6MTc4NDc5OTY3MSwiZXhwIjoxNzg1NDA0NDcxfQ.XtqvvgxYi_43mtsjpbElbbWChpvHhFSh_eG6XYLo8oU} @ http://semiconlab-staging-alb-124259420.ap-south-1.elb.amazonaws.com/main.dart.js:55772
[ 1904427ms] [LOG] [ApiService] Error: The request connection took longer than 0:00:30.000000 and it was aborted. To get rid of this exception, try raising the RequestOptions.connectTimeout above the duration of 0:00:30.000000 or improve the response time of the server. @ http://semiconlab-staging-alb-124259420.ap-south-1.elb.amazonaws.com/main.dart.js:55772
[ 1904427ms] [LOG] [ApiService] Error Type: DioExceptionType.connectionTimeout @ http://semiconlab-staging-alb-124259420.ap-south-1.elb.amazonaws.com/main.dart.js:55772
[ 1904427ms] [LOG] [ApiService] Error Response: null @ http://semiconlab-staging-alb-124259420.ap-south-1.elb.amazonaws.com/main.dart.js:55772
[ 1904428ms] [LOG] [ApiService] Request URL: http://semiconlab-staging-alb-124259420.ap-south-1.elb.amazonaws.com:3000/v1/labs-api/available-labs @ http://semiconlab-staging-alb-124259420.ap-south-1.elb.amazonaws.com/main.dart.js:55772
[ 1904428ms] [LOG] [LabHoursLiveSync] poll failed: Connection timeout. Please check your internet connection. @ http://semiconlab-staging-alb-124259420.ap-south-1.elb.amazonaws.com/main.dart.js:55772
[ 2024429ms] [LOG] [AuthService] getToken() - token exists: true, token length: 327 @ http://semiconlab-staging-alb-124259420.ap-south-1.elb.amazonaws.com/main.dart.js:55772
[ 2024430ms] [LOG] [AuthService] getToken() - token exists: true, token length: 327 @ http://semiconlab-staging-alb-124259420.ap-south-1.elb.amazonaws.com/main.dart.js:55772
[ 2024430ms] [LOG] [ApiService] GET Request: labs-api/available-labs @ http://semiconlab-staging-alb-124259420.ap-south-1.elb.amazonaws.com/main.dart.js:55772
[ 2024430ms] [LOG] [ApiService] Headers: {Authorization: Bearer eyJhbGciOiJIUzI1NiIsInR5cCI6IkpXVCJ9.eyJlbWFpbCI6InN1cnlhLm5Ac2VtaWNvbm9zLmFpIiwic3ViIjo5NSwicm9sZSI6IkxlYXJuZXIiLCJvcmdJZCI6bnVsbCwidGVhbUlkIjpudWxsLCJhdmFpbGFibGVSb2xlcyI6W10sInNpZCI6ImI5NGVjYzQ3LTQ2MDItNDE5Zi1iMmY0LTViOTk1ODhhZjc2MSIsImlhdCI6MTc4NDc5OTY3MSwiZXhwIjoxNzg1NDA0NDcxfQ.XtqvvgxYi_43mtsjpbElbbWChpvHhFSh_eG6XYLo8oU} @ http://semiconlab-staging-alb-124259420.ap-south-1.elb.amazonaws.com/main.dart.js:55772
[ 2024510ms] [ERROR] Failed to load resource: the server responded with a status of 401 (Unauthorized) @ http://semiconlab-staging-alb-124259420.ap-south-1.elb.amazonaws.com:3000/v1/labs-api/available-labs:0
[ 2024513ms] [LOG] [ApiService] Error: This exception was thrown because the response has a status code of 401 and RequestOptions.validateStatus was configured to throw for this status code.
The status code of 401 has the following meaning: "Client error - the request contains bad syntax or cannot be fulfilled"
Read more about status codes at https://developer.mozilla.org/en-US/docs/Web/HTTP/Status
In order to resolve this exception you typically have either to verify and fix your request code or you have to fix the server code.
 @ http://semiconlab-staging-alb-124259420.ap-south-1.elb.amazonaws.com/main.dart.js:55772
[ 2024513ms] [LOG] [ApiService] Error Type: DioExceptionType.badResponse @ http://semiconlab-staging-alb-124259420.ap-south-1.elb.amazonaws.com/main.dart.js:55772
[ 2024513ms] [LOG] [ApiService] Error Response: {statusCode: 401, timestamp: 2026-07-27T11:14:21.713+05:30, path: /v1/labs-api/available-labs, method: GET, message: Your session has ended or you signed in elsewhere. Please sign in again., error: Unauthorized} @ http://semiconlab-staging-alb-124259420.ap-south-1.elb.amazonaws.com/main.dart.js:55772
[ 2024513ms] [LOG] [ApiService] Request URL: http://semiconlab-staging-alb-124259420.ap-south-1.elb.amazonaws.com:3000/v1/labs-api/available-labs @ http://semiconlab-staging-alb-124259420.ap-south-1.elb.amazonaws.com/main.dart.js:55772
[ 2024514ms] [LOG] [AuthService] getToken() - token exists: true, token length: 327 @ http://semiconlab-staging-alb-124259420.ap-south-1.elb.amazonaws.com/main.dart.js:55772
[ 2024514ms] [LOG] [ApiService] GET Request: /users/95 @ http://semiconlab-staging-alb-124259420.ap-south-1.elb.amazonaws.com/main.dart.js:55772
[ 2024514ms] [LOG] [ApiService] Headers: {Authorization: Bearer eyJhbGciOiJIUzI1NiIsInR5cCI6IkpXVCJ9.eyJlbWFpbCI6InN1cnlhLm5Ac2VtaWNvbm9zLmFpIiwic3ViIjo5NSwicm9sZSI6IkxlYXJuZXIiLCJvcmdJZCI6bnVsbCwidGVhbUlkIjpudWxsLCJhdmFpbGFibGVSb2xlcyI6W10sInNpZCI6ImI5NGVjYzQ3LTQ2MDItNDE5Zi1iMmY0LTViOTk1ODhhZjc2MSIsImlhdCI6MTc4NDc5OTY3MSwiZXhwIjoxNzg1NDA0NDcxfQ.XtqvvgxYi_43mtsjpbElbbWChpvHhFSh_eG6XYLo8oU} @ http://semiconlab-staging-alb-124259420.ap-south-1.elb.amazonaws.com/main.dart.js:55772
[ 2024572ms] [ERROR] Failed to load resource: the server responded with a status of 401 (Unauthorized) @ http://semiconlab-staging-alb-124259420.ap-south-1.elb.amazonaws.com:3000/v1/users/95:0
[ 2024573ms] [LOG] [ApiService] Error: This exception was thrown because the response has a status code of 401 and RequestOptions.validateStatus was configured to throw for this status code.
The status code of 401 has the following meaning: "Client error - the request contains bad syntax or cannot be fulfilled"
Read more about status codes at https://developer.mozilla.org/en-US/docs/Web/HTTP/Status
In order to resolve this exception you typically have either to verify and fix your request code or you have to fix the server code.
 @ http://semiconlab-staging-alb-124259420.ap-south-1.elb.amazonaws.com/main.dart.js:55772
[ 2024574ms] [LOG] [ApiService] Error Type: DioExceptionType.badResponse @ http://semiconlab-staging-alb-124259420.ap-south-1.elb.amazonaws.com/main.dart.js:55772
[ 2024574ms] [LOG] [ApiService] Error Response: {statusCode: 401, timestamp: 2026-07-27T11:14:21.775+05:30, path: /v1/users/95, method: GET, message: Your session has ended or you signed in elsewhere. Please sign in again., error: Unauthorized} @ http://semiconlab-staging-alb-124259420.ap-south-1.elb.amazonaws.com/main.dart.js:55772
[ 2024574ms] [LOG] [ApiService] Request URL: http://semiconlab-staging-alb-124259420.ap-south-1.elb.amazonaws.com:3000/v1/users/95 @ http://semiconlab-staging-alb-124259420.ap-south-1.elb.amazonaws.com/main.dart.js:55772
[ 2024574ms] [LOG] [LabHoursLiveSync] profile pool merge failed: Exception: Error fetching user profile: Your session has ended or you signed in elsewhere. Please sign in again. @ http://semiconlab-staging-alb-124259420.ap-south-1.elb.amazonaws.com/main.dart.js:55772
[ 2144575ms] [LOG] [AuthService] getToken() - token exists: true, token length: 327 @ http://semiconlab-staging-alb-124259420.ap-south-1.elb.amazonaws.com/main.dart.js:55772
[ 2144576ms] [LOG] [AuthService] getToken() - token exists: true, token length: 327 @ http://semiconlab-staging-alb-124259420.ap-south-1.elb.amazonaws.com/main.dart.js:55772
[ 2144576ms] [LOG] [ApiService] GET Request: labs-api/available-labs @ http://semiconlab-staging-alb-124259420.ap-south-1.elb.amazonaws.com/main.dart.js:55772
[ 2144576ms] [LOG] [ApiService] Headers: {Authorization: Bearer eyJhbGciOiJIUzI1NiIsInR5cCI6IkpXVCJ9.eyJlbWFpbCI6InN1cnlhLm5Ac2VtaWNvbm9zLmFpIiwic3ViIjo5NSwicm9sZSI6IkxlYXJuZXIiLCJvcmdJZCI6bnVsbCwidGVhbUlkIjpudWxsLCJhdmFpbGFibGVSb2xlcyI6W10sInNpZCI6ImI5NGVjYzQ3LTQ2MDItNDE5Zi1iMmY0LTViOTk1ODhhZjc2MSIsImlhdCI6MTc4NDc5OTY3MSwiZXhwIjoxNzg1NDA0NDcxfQ.XtqvvgxYi_43mtsjpbElbbWChpvHhFSh_eG6XYLo8oU} @ http://semiconlab-staging-alb-124259420.ap-south-1.elb.amazonaws.com/main.dart.js:55772
[ 2174591ms] [LOG] [ApiService] Error: The request connection took longer than 0:00:30.000000 and it was aborted. To get rid of this exception, try raising the RequestOptions.connectTimeout above the duration of 0:00:30.000000 or improve the response time of the server. @ http://semiconlab-staging-alb-124259420.ap-south-1.elb.amazonaws.com/main.dart.js:55772
[ 2174591ms] [LOG] [ApiService] Error Type: DioExceptionType.connectionTimeout @ http://semiconlab-staging-alb-124259420.ap-south-1.elb.amazonaws.com/main.dart.js:55772
[ 2174592ms] [LOG] [ApiService] Error Response: null @ http://semiconlab-staging-alb-124259420.ap-south-1.elb.amazonaws.com/main.dart.js:55772
[ 2174592ms] [LOG] [ApiService] Request URL: http://semiconlab-staging-alb-124259420.ap-south-1.elb.amazonaws.com:3000/v1/labs-api/available-labs @ http://semiconlab-staging-alb-124259420.ap-south-1.elb.amazonaws.com/main.dart.js:55772
[ 2174592ms] [LOG] [LabHoursLiveSync] poll failed: Connection timeout. Please check your internet connection. @ http://semiconlab-staging-alb-124259420.ap-south-1.elb.amazonaws.com/main.dart.js:55772
[ 2294593ms] [LOG] [AuthService] getToken() - token exists: true, token length: 327 @ http://semiconlab-staging-alb-124259420.ap-south-1.elb.amazonaws.com/main.dart.js:55772
[ 2294594ms] [LOG] [AuthService] getToken() - token exists: true, token length: 327 @ http://semiconlab-staging-alb-124259420.ap-south-1.elb.amazonaws.com/main.dart.js:55772
[ 2294594ms] [LOG] [ApiService] GET Request: labs-api/available-labs @ http://semiconlab-staging-alb-124259420.ap-south-1.elb.amazonaws.com/main.dart.js:55772
[ 2294594ms] [LOG] [ApiService] Headers: {Authorization: Bearer eyJhbGciOiJIUzI1NiIsInR5cCI6IkpXVCJ9.eyJlbWFpbCI6InN1cnlhLm5Ac2VtaWNvbm9zLmFpIiwic3ViIjo5NSwicm9sZSI6IkxlYXJuZXIiLCJvcmdJZCI6bnVsbCwidGVhbUlkIjpudWxsLCJhdmFpbGFibGVSb2xlcyI6W10sInNpZCI6ImI5NGVjYzQ3LTQ2MDItNDE5Zi1iMmY0LTViOTk1ODhhZjc2MSIsImlhdCI6MTc4NDc5OTY3MSwiZXhwIjoxNzg1NDA0NDcxfQ.XtqvvgxYi_43mtsjpbElbbWChpvHhFSh_eG6XYLo8oU} @ http://semiconlab-staging-alb-124259420.ap-south-1.elb.amazonaws.com/main.dart.js:55772
[ 2294672ms] [ERROR] Failed to load resource: the server responded with a status of 401 (Unauthorized) @ http://semiconlab-staging-alb-124259420.ap-south-1.elb.amazonaws.com:3000/v1/labs-api/available-labs:0
[ 2294674ms] [LOG] [ApiService] Error: This exception was thrown because the response has a status code of 401 and RequestOptions.validateStatus was configured to throw for this status code.
The status code of 401 has the following meaning: "Client error - the request contains bad syntax or cannot be fulfilled"
Read more about status codes at https://developer.mozilla.org/en-US/docs/Web/HTTP/Status
In order to resolve this exception you typically have either to verify and fix your request code or you have to fix the server code.
 @ http://semiconlab-staging-alb-124259420.ap-south-1.elb.amazonaws.com/main.dart.js:55772
[ 2294674ms] [LOG] [ApiService] Error Type: DioExceptionType.badResponse @ http://semiconlab-staging-alb-124259420.ap-south-1.elb.amazonaws.com/main.dart.js:55772
[ 2294675ms] [LOG] [ApiService] Error Response: {statusCode: 401, timestamp: 2026-07-27T11:18:51.877+05:30, path: /v1/labs-api/available-labs, method: GET, message: Your session has ended or you signed in elsewhere. Please sign in again., error: Unauthorized} @ http://semiconlab-staging-alb-124259420.ap-south-1.elb.amazonaws.com/main.dart.js:55772
[ 2294675ms] [LOG] [ApiService] Request URL: http://semiconlab-staging-alb-124259420.ap-south-1.elb.amazonaws.com:3000/v1/labs-api/available-labs @ http://semiconlab-staging-alb-124259420.ap-south-1.elb.amazonaws.com/main.dart.js:55772
[ 2294675ms] [LOG] [AuthService] getToken() - token exists: true, token length: 327 @ http://semiconlab-staging-alb-124259420.ap-south-1.elb.amazonaws.com/main.dart.js:55772
[ 2294675ms] [LOG] [ApiService] GET Request: /users/95 @ http://semiconlab-staging-alb-124259420.ap-south-1.elb.amazonaws.com/main.dart.js:55772
[ 2294676ms] [LOG] [ApiService] Headers: {Authorization: Bearer eyJhbGciOiJIUzI1NiIsInR5cCI6IkpXVCJ9.eyJlbWFpbCI6InN1cnlhLm5Ac2VtaWNvbm9zLmFpIiwic3ViIjo5NSwicm9sZSI6IkxlYXJuZXIiLCJvcmdJZCI6bnVsbCwidGVhbUlkIjpudWxsLCJhdmFpbGFibGVSb2xlcyI6W10sInNpZCI6ImI5NGVjYzQ3LTQ2MDItNDE5Zi1iMmY0LTViOTk1ODhhZjc2MSIsImlhdCI6MTc4NDc5OTY3MSwiZXhwIjoxNzg1NDA0NDcxfQ.XtqvvgxYi_43mtsjpbElbbWChpvHhFSh_eG6XYLo8oU} @ http://semiconlab-staging-alb-124259420.ap-south-1.elb.amazonaws.com/main.dart.js:55772
[ 2294731ms] [ERROR] Failed to load resource: the server responded with a status of 401 (Unauthorized) @ http://semiconlab-staging-alb-124259420.ap-south-1.elb.amazonaws.com:3000/v1/users/95:0
[ 2294733ms] [LOG] [ApiService] Error: This exception was thrown because the response has a status code of 401 and RequestOptions.validateStatus was configured to throw for this status code.
The status code of 401 has the following meaning: "Client error - the request contains bad syntax or cannot be fulfilled"
Read more about status codes at https://developer.mozilla.org/en-US/docs/Web/HTTP/Status
In order to resolve this exception you typically have either to verify and fix your request code or you have to fix the server code.
 @ http://semiconlab-staging-alb-124259420.ap-south-1.elb.amazonaws.com/main.dart.js:55772
[ 2294734ms] [LOG] [ApiService] Error Type: DioExceptionType.badResponse @ http://semiconlab-staging-alb-124259420.ap-south-1.elb.amazonaws.com/main.dart.js:55772
[ 2294734ms] [LOG] [ApiService] Error Response: {statusCode: 401, timestamp: 2026-07-27T11:18:51.935+05:30, path: /v1/users/95, method: GET, message: Your session has ended or you signed in elsewhere. Please sign in again., error: Unauthorized} @ http://semiconlab-staging-alb-124259420.ap-south-1.elb.amazonaws.com/main.dart.js:55772
[ 2294734ms] [LOG] [ApiService] Request URL: http://semiconlab-staging-alb-124259420.ap-south-1.elb.amazonaws.com:3000/v1/users/95 @ http://semiconlab-staging-alb-124259420.ap-south-1.elb.amazonaws.com/main.dart.js:55772
[ 2294734ms] [LOG] [LabHoursLiveSync] profile pool merge failed: Exception: Error fetching user profile: Your session has ended or you signed in elsewhere. Please sign in again. @ http://semiconlab-staging-alb-124259420.ap-south-1.elb.amazonaws.com/main.dart.js:55772
[ 2414735ms] [LOG] [AuthService] getToken() - token exists: true, token length: 327 @ http://semiconlab-staging-alb-124259420.ap-south-1.elb.amazonaws.com/main.dart.js:55772
[ 2414736ms] [LOG] [AuthService] getToken() - token exists: true, token length: 327 @ http://semiconlab-staging-alb-124259420.ap-south-1.elb.amazonaws.com/main.dart.js:55772
[ 2414736ms] [LOG] [ApiService] GET Request: labs-api/available-labs @ http://semiconlab-staging-alb-124259420.ap-south-1.elb.amazonaws.com/main.dart.js:55772
[ 2414737ms] [LOG] [ApiService] Headers: {Authorization: Bearer eyJhbGciOiJIUzI1NiIsInR5cCI6IkpXVCJ9.eyJlbWFpbCI6InN1cnlhLm5Ac2VtaWNvbm9zLmFpIiwic3ViIjo5NSwicm9sZSI6IkxlYXJuZXIiLCJvcmdJZCI6bnVsbCwidGVhbUlkIjpudWxsLCJhdmFpbGFibGVSb2xlcyI6W10sInNpZCI6ImI5NGVjYzQ3LTQ2MDItNDE5Zi1iMmY0LTViOTk1ODhhZjc2MSIsImlhdCI6MTc4NDc5OTY3MSwiZXhwIjoxNzg1NDA0NDcxfQ.XtqvvgxYi_43mtsjpbElbbWChpvHhFSh_eG6XYLo8oU} @ http://semiconlab-staging-alb-124259420.ap-south-1.elb.amazonaws.com/main.dart.js:55772
[ 2414904ms] [ERROR] Failed to load resource: the server responded with a status of 401 (Unauthorized) @ http://semiconlab-staging-alb-124259420.ap-south-1.elb.amazonaws.com:3000/v1/labs-api/available-labs:0
[ 2414906ms] [LOG] [ApiService] Error: This exception was thrown because the response has a status code of 401 and RequestOptions.validateStatus was configured to throw for this status code.
The status code of 401 has the following meaning: "Client error - the request contains bad syntax or cannot be fulfilled"
Read more about status codes at https://developer.mozilla.org/en-US/docs/Web/HTTP/Status
In order to resolve this exception you typically have either to verify and fix your request code or you have to fix the server code.
 @ http://semiconlab-staging-alb-124259420.ap-south-1.elb.amazonaws.com/main.dart.js:55772
[ 2414907ms] [LOG] [ApiService] Error Type: DioExceptionType.badResponse @ http://semiconlab-staging-alb-124259420.ap-south-1.elb.amazonaws.com/main.dart.js:55772
[ 2414907ms] [LOG] [ApiService] Error Response: {statusCode: 401, timestamp: 2026-07-27T11:20:52.113+05:30, path: /v1/labs-api/available-labs, method: GET, message: Your session has ended or you signed in elsewhere. Please sign in again., error: Unauthorized} @ http://semiconlab-staging-alb-124259420.ap-south-1.elb.amazonaws.com/main.dart.js:55772
[ 2414907ms] [LOG] [ApiService] Request URL: http://semiconlab-staging-alb-124259420.ap-south-1.elb.amazonaws.com:3000/v1/labs-api/available-labs @ http://semiconlab-staging-alb-124259420.ap-south-1.elb.amazonaws.com/main.dart.js:55772
[ 2414907ms] [LOG] [AuthService] getToken() - token exists: true, token length: 327 @ http://semiconlab-staging-alb-124259420.ap-south-1.elb.amazonaws.com/main.dart.js:55772
[ 2414908ms] [LOG] [ApiService] GET Request: /users/95 @ http://semiconlab-staging-alb-124259420.ap-south-1.elb.amazonaws.com/main.dart.js:55772
[ 2414908ms] [LOG] [ApiService] Headers: {Authorization: Bearer eyJhbGciOiJIUzI1NiIsInR5cCI6IkpXVCJ9.eyJlbWFpbCI6InN1cnlhLm5Ac2VtaWNvbm9zLmFpIiwic3ViIjo5NSwicm9sZSI6IkxlYXJuZXIiLCJvcmdJZCI6bnVsbCwidGVhbUlkIjpudWxsLCJhdmFpbGFibGVSb2xlcyI6W10sInNpZCI6ImI5NGVjYzQ3LTQ2MDItNDE5Zi1iMmY0LTViOTk1ODhhZjc2MSIsImlhdCI6MTc4NDc5OTY3MSwiZXhwIjoxNzg1NDA0NDcxfQ.XtqvvgxYi_43mtsjpbElbbWChpvHhFSh_eG6XYLo8oU} @ http://semiconlab-staging-alb-124259420.ap-south-1.elb.amazonaws.com/main.dart.js:55772
[ 2414967ms] [ERROR] Failed to load resource: the server responded with a status of 401 (Unauthorized) @ http://semiconlab-staging-alb-124259420.ap-south-1.elb.amazonaws.com:3000/v1/users/95:0
[ 2414970ms] [LOG] [ApiService] Error: This exception was thrown because the response has a status code of 401 and RequestOptions.validateStatus was configured to throw for this status code.
The status code of 401 has the following meaning: "Client error - the request contains bad syntax or cannot be fulfilled"
Read more about status codes at https://developer.mozilla.org/en-US/docs/Web/HTTP/Status
In order to resolve this exception you typically have either to verify and fix your request code or you have to fix the server code.
 @ http://semiconlab-staging-alb-124259420.ap-south-1.elb.amazonaws.com/main.dart.js:55772
[ 2414970ms] [LOG] [ApiService] Error Type: DioExceptionType.badResponse @ http://semiconlab-staging-alb-124259420.ap-south-1.elb.amazonaws.com/main.dart.js:55772
[ 2414970ms] [LOG] [ApiService] Error Response: {statusCode: 401, timestamp: 2026-07-27T11:20:52.172+05:30, path: /v1/users/95, method: GET, message: Your session has ended or you signed in elsewhere. Please sign in again., error: Unauthorized} @ http://semiconlab-staging-alb-124259420.ap-south-1.elb.amazonaws.com/main.dart.js:55772
[ 2414970ms] [LOG] [ApiService] Request URL: http://semiconlab-staging-alb-124259420.ap-south-1.elb.amazonaws.com:3000/v1/users/95 @ http://semiconlab-staging-alb-124259420.ap-south-1.elb.amazonaws.com/main.dart.js:55772
[ 2414971ms] [LOG] [LabHoursLiveSync] profile pool merge failed: Exception: Error fetching user profile: Your session has ended or you signed in elsewhere. Please sign in again. @ http://semiconlab-staging-alb-124259420.ap-south-1.elb.amazonaws.com/main.dart.js:55772
[ 2534972ms] [LOG] [AuthService] getToken() - token exists: true, token length: 327 @ http://semiconlab-staging-alb-124259420.ap-south-1.elb.amazonaws.com/main.dart.js:55772
[ 2534972ms] [LOG] [AuthService] getToken() - token exists: true, token length: 327 @ http://semiconlab-staging-alb-124259420.ap-south-1.elb.amazonaws.com/main.dart.js:55772
[ 2534972ms] [LOG] [ApiService] GET Request: labs-api/available-labs @ http://semiconlab-staging-alb-124259420.ap-south-1.elb.amazonaws.com/main.dart.js:55772
[ 2534973ms] [LOG] [ApiService] Headers: {Authorization: Bearer eyJhbGciOiJIUzI1NiIsInR5cCI6IkpXVCJ9.eyJlbWFpbCI6InN1cnlhLm5Ac2VtaWNvbm9zLmFpIiwic3ViIjo5NSwicm9sZSI6IkxlYXJuZXIiLCJvcmdJZCI6bnVsbCwidGVhbUlkIjpudWxsLCJhdmFpbGFibGVSb2xlcyI6W10sInNpZCI6ImI5NGVjYzQ3LTQ2MDItNDE5Zi1iMmY0LTViOTk1ODhhZjc2MSIsImlhdCI6MTc4NDc5OTY3MSwiZXhwIjoxNzg1NDA0NDcxfQ.XtqvvgxYi_43mtsjpbElbbWChpvHhFSh_eG6XYLo8oU} @ http://semiconlab-staging-alb-124259420.ap-south-1.elb.amazonaws.com/main.dart.js:55772
[ 2535159ms] [ERROR] Failed to load resource: the server responded with a status of 401 (Unauthorized) @ http://semiconlab-staging-alb-124259420.ap-south-1.elb.amazonaws.com:3000/v1/labs-api/available-labs:0
[ 2535162ms] [LOG] [ApiService] Error: This exception was thrown because the response has a status code of 401 and RequestOptions.validateStatus was configured to throw for this status code.
The status code of 401 has the following meaning: "Client error - the request contains bad syntax or cannot be fulfilled"
Read more about status codes at https://developer.mozilla.org/en-US/docs/Web/HTTP/Status
In order to resolve this exception you typically have either to verify and fix your request code or you have to fix the server code.
 @ http://semiconlab-staging-alb-124259420.ap-south-1.elb.amazonaws.com/main.dart.js:55772
[ 2535162ms] [LOG] [ApiService] Error Type: DioExceptionType.badResponse @ http://semiconlab-staging-alb-124259420.ap-south-1.elb.amazonaws.com/main.dart.js:55772
[ 2535162ms] [LOG] [ApiService] Error Response: {statusCode: 401, timestamp: 2026-07-27T11:22:52.365+05:30, path: /v1/labs-api/available-labs, method: GET, message: Your session has ended or you signed in elsewhere. Please sign in again., error: Unauthorized} @ http://semiconlab-staging-alb-124259420.ap-south-1.elb.amazonaws.com/main.dart.js:55772
[ 2535162ms] [LOG] [ApiService] Request URL: http://semiconlab-staging-alb-124259420.ap-south-1.elb.amazonaws.com:3000/v1/labs-api/available-labs @ http://semiconlab-staging-alb-124259420.ap-south-1.elb.amazonaws.com/main.dart.js:55772
[ 2535163ms] [LOG] [AuthService] getToken() - token exists: true, token length: 327 @ http://semiconlab-staging-alb-124259420.ap-south-1.elb.amazonaws.com/main.dart.js:55772
[ 2535163ms] [LOG] [ApiService] GET Request: /users/95 @ http://semiconlab-staging-alb-124259420.ap-south-1.elb.amazonaws.com/main.dart.js:55772
[ 2535163ms] [LOG] [ApiService] Headers: {Authorization: Bearer eyJhbGciOiJIUzI1NiIsInR5cCI6IkpXVCJ9.eyJlbWFpbCI6InN1cnlhLm5Ac2VtaWNvbm9zLmFpIiwic3ViIjo5NSwicm9sZSI6IkxlYXJuZXIiLCJvcmdJZCI6bnVsbCwidGVhbUlkIjpudWxsLCJhdmFpbGFibGVSb2xlcyI6W10sInNpZCI6ImI5NGVjYzQ3LTQ2MDItNDE5Zi1iMmY0LTViOTk1ODhhZjc2MSIsImlhdCI6MTc4NDc5OTY3MSwiZXhwIjoxNzg1NDA0NDcxfQ.XtqvvgxYi_43mtsjpbElbbWChpvHhFSh_eG6XYLo8oU} @ http://semiconlab-staging-alb-124259420.ap-south-1.elb.amazonaws.com/main.dart.js:55772
[ 2535232ms] [ERROR] Failed to load resource: the server responded with a status of 401 (Unauthorized) @ http://semiconlab-staging-alb-124259420.ap-south-1.elb.amazonaws.com:3000/v1/users/95:0
[ 2535235ms] [LOG] [ApiService] Error: This exception was thrown because the response has a status code of 401 and RequestOptions.validateStatus was configured to throw for this status code.
The status code of 401 has the following meaning: "Client error - the request contains bad syntax or cannot be fulfilled"
Read more about status codes at https://developer.mozilla.org/en-US/docs/Web/HTTP/Status
In order to resolve this exception you typically have either to verify and fix your request code or you have to fix the server code.
 @ http://semiconlab-staging-alb-124259420.ap-south-1.elb.amazonaws.com/main.dart.js:55772
[ 2535235ms] [LOG] [ApiService] Error Type: DioExceptionType.badResponse @ http://semiconlab-staging-alb-124259420.ap-south-1.elb.amazonaws.com/main.dart.js:55772
[ 2535235ms] [LOG] [ApiService] Error Response: {statusCode: 401, timestamp: 2026-07-27T11:22:52.436+05:30, path: /v1/users/95, method: GET, message: Your session has ended or you signed in elsewhere. Please sign in again., error: Unauthorized} @ http://semiconlab-staging-alb-124259420.ap-south-1.elb.amazonaws.com/main.dart.js:55772
[ 2535235ms] [LOG] [ApiService] Request URL: http://semiconlab-staging-alb-124259420.ap-south-1.elb.amazonaws.com:3000/v1/users/95 @ http://semiconlab-staging-alb-124259420.ap-south-1.elb.amazonaws.com/main.dart.js:55772
[ 2535236ms] [LOG] [LabHoursLiveSync] profile pool merge failed: Exception: Error fetching user profile: Your session has ended or you signed in elsewhere. Please sign in again. @ http://semiconlab-staging-alb-124259420.ap-south-1.elb.amazonaws.com/main.dart.js:55772
[ 2655236ms] [LOG] [AuthService] getToken() - token exists: true, token length: 327 @ http://semiconlab-staging-alb-124259420.ap-south-1.elb.amazonaws.com/main.dart.js:55772
[ 2655237ms] [LOG] [AuthService] getToken() - token exists: true, token length: 327 @ http://semiconlab-staging-alb-124259420.ap-south-1.elb.amazonaws.com/main.dart.js:55772
[ 2655237ms] [LOG] [ApiService] GET Request: labs-api/available-labs @ http://semiconlab-staging-alb-124259420.ap-south-1.elb.amazonaws.com/main.dart.js:55772
[ 2655238ms] [LOG] [ApiService] Headers: {Authorization: Bearer eyJhbGciOiJIUzI1NiIsInR5cCI6IkpXVCJ9.eyJlbWFpbCI6InN1cnlhLm5Ac2VtaWNvbm9zLmFpIiwic3ViIjo5NSwicm9sZSI6IkxlYXJuZXIiLCJvcmdJZCI6bnVsbCwidGVhbUlkIjpudWxsLCJhdmFpbGFibGVSb2xlcyI6W10sInNpZCI6ImI5NGVjYzQ3LTQ2MDItNDE5Zi1iMmY0LTViOTk1ODhhZjc2MSIsImlhdCI6MTc4NDc5OTY3MSwiZXhwIjoxNzg1NDA0NDcxfQ.XtqvvgxYi_43mtsjpbElbbWChpvHhFSh_eG6XYLo8oU} @ http://semiconlab-staging-alb-124259420.ap-south-1.elb.amazonaws.com/main.dart.js:55772
[ 2655409ms] [ERROR] Failed to load resource: the server responded with a status of 401 (Unauthorized) @ http://semiconlab-staging-alb-124259420.ap-south-1.elb.amazonaws.com:3000/v1/labs-api/available-labs:0
[ 2655412ms] [LOG] [ApiService] Error: This exception was thrown because the response has a status code of 401 and RequestOptions.validateStatus was configured to throw for this status code.
The status code of 401 has the following meaning: "Client error - the request contains bad syntax or cannot be fulfilled"
Read more about status codes at https://developer.mozilla.org/en-US/docs/Web/HTTP/Status
In order to resolve this exception you typically have either to verify and fix your request code or you have to fix the server code.
 @ http://semiconlab-staging-alb-124259420.ap-south-1.elb.amazonaws.com/main.dart.js:55772
[ 2655412ms] [LOG] [ApiService] Error Type: DioExceptionType.badResponse @ http://semiconlab-staging-alb-124259420.ap-south-1.elb.amazonaws.com/main.dart.js:55772
[ 2655412ms] [LOG] [ApiService] Error Response: {statusCode: 401, timestamp: 2026-07-27T11:24:52.610+05:30, path: /v1/labs-api/available-labs, method: GET, message: Your session has ended or you signed in elsewhere. Please sign in again., error: Unauthorized} @ http://semiconlab-staging-alb-124259420.ap-south-1.elb.amazonaws.com/main.dart.js:55772
[ 2655412ms] [LOG] [ApiService] Request URL: http://semiconlab-staging-alb-124259420.ap-south-1.elb.amazonaws.com:3000/v1/labs-api/available-labs @ http://semiconlab-staging-alb-124259420.ap-south-1.elb.amazonaws.com/main.dart.js:55772
[ 2655413ms] [LOG] [AuthService] getToken() - token exists: true, token length: 327 @ http://semiconlab-staging-alb-124259420.ap-south-1.elb.amazonaws.com/main.dart.js:55772
[ 2655413ms] [LOG] [ApiService] GET Request: /users/95 @ http://semiconlab-staging-alb-124259420.ap-south-1.elb.amazonaws.com/main.dart.js:55772
[ 2655413ms] [LOG] [ApiService] Headers: {Authorization: Bearer eyJhbGciOiJIUzI1NiIsInR5cCI6IkpXVCJ9.eyJlbWFpbCI6InN1cnlhLm5Ac2VtaWNvbm9zLmFpIiwic3ViIjo5NSwicm9sZSI6IkxlYXJuZXIiLCJvcmdJZCI6bnVsbCwidGVhbUlkIjpudWxsLCJhdmFpbGFibGVSb2xlcyI6W10sInNpZCI6ImI5NGVjYzQ3LTQ2MDItNDE5Zi1iMmY0LTViOTk1ODhhZjc2MSIsImlhdCI6MTc4NDc5OTY3MSwiZXhwIjoxNzg1NDA0NDcxfQ.XtqvvgxYi_43mtsjpbElbbWChpvHhFSh_eG6XYLo8oU} @ http://semiconlab-staging-alb-124259420.ap-south-1.elb.amazonaws.com/main.dart.js:55772
[ 2655483ms] [ERROR] Failed to load resource: the server responded with a status of 401 (Unauthorized) @ http://semiconlab-staging-alb-124259420.ap-south-1.elb.amazonaws.com:3000/v1/users/95:0
[ 2655485ms] [LOG] [ApiService] Error: This exception was thrown because the response has a status code of 401 and RequestOptions.validateStatus was configured to throw for this status code.
The status code of 401 has the following meaning: "Client error - the request contains bad syntax or cannot be fulfilled"
Read more about status codes at https://developer.mozilla.org/en-US/docs/Web/HTTP/Status
In order to resolve this exception you typically have either to verify and fix your request code or you have to fix the server code.
 @ http://semiconlab-staging-alb-124259420.ap-south-1.elb.amazonaws.com/main.dart.js:55772
[ 2655485ms] [LOG] [ApiService] Error Type: DioExceptionType.badResponse @ http://semiconlab-staging-alb-124259420.ap-south-1.elb.amazonaws.com/main.dart.js:55772
[ 2655485ms] [LOG] [ApiService] Error Response: {statusCode: 401, timestamp: 2026-07-27T11:24:52.685+05:30, path: /v1/users/95, method: GET, message: Your session has ended or you signed in elsewhere. Please sign in again., error: Unauthorized} @ http://semiconlab-staging-alb-124259420.ap-south-1.elb.amazonaws.com/main.dart.js:55772
[ 2655485ms] [LOG] [ApiService] Request URL: http://semiconlab-staging-alb-124259420.ap-south-1.elb.amazonaws.com:3000/v1/users/95 @ http://semiconlab-staging-alb-124259420.ap-south-1.elb.amazonaws.com/main.dart.js:55772
[ 2655486ms] [LOG] [LabHoursLiveSync] profile pool merge failed: Exception: Error fetching user profile: Your session has ended or you signed in elsewhere. Please sign in again. @ http://semiconlab-staging-alb-124259420.ap-south-1.elb.amazonaws.com/main.dart.js:55772
[ 2775487ms] [LOG] [AuthService] getToken() - token exists: true, token length: 327 @ http://semiconlab-staging-alb-124259420.ap-south-1.elb.amazonaws.com/main.dart.js:55772
[ 2775488ms] [LOG] [AuthService] getToken() - token exists: true, token length: 327 @ http://semiconlab-staging-alb-124259420.ap-south-1.elb.amazonaws.com/main.dart.js:55772
[ 2775488ms] [LOG] [ApiService] GET Request: labs-api/available-labs @ http://semiconlab-staging-alb-124259420.ap-south-1.elb.amazonaws.com/main.dart.js:55772
[ 2775488ms] [LOG] [ApiService] Headers: {Authorization: Bearer eyJhbGciOiJIUzI1NiIsInR5cCI6IkpXVCJ9.eyJlbWFpbCI6InN1cnlhLm5Ac2VtaWNvbm9zLmFpIiwic3ViIjo5NSwicm9sZSI6IkxlYXJuZXIiLCJvcmdJZCI6bnVsbCwidGVhbUlkIjpudWxsLCJhdmFpbGFibGVSb2xlcyI6W10sInNpZCI6ImI5NGVjYzQ3LTQ2MDItNDE5Zi1iMmY0LTViOTk1ODhhZjc2MSIsImlhdCI6MTc4NDc5OTY3MSwiZXhwIjoxNzg1NDA0NDcxfQ.XtqvvgxYi_43mtsjpbElbbWChpvHhFSh_eG6XYLo8oU} @ http://semiconlab-staging-alb-124259420.ap-south-1.elb.amazonaws.com/main.dart.js:55772
[ 2775705ms] [ERROR] Failed to load resource: the server responded with a status of 401 (Unauthorized) @ http://semiconlab-staging-alb-124259420.ap-south-1.elb.amazonaws.com:3000/v1/labs-api/available-labs:0
[ 2775707ms] [LOG] [ApiService] Error: This exception was thrown because the response has a status code of 401 and RequestOptions.validateStatus was configured to throw for this status code.
The status code of 401 has the following meaning: "Client error - the request contains bad syntax or cannot be fulfilled"
Read more about status codes at https://developer.mozilla.org/en-US/docs/Web/HTTP/Status
In order to resolve this exception you typically have either to verify and fix your request code or you have to fix the server code.
 @ http://semiconlab-staging-alb-124259420.ap-south-1.elb.amazonaws.com/main.dart.js:55772
[ 2775708ms] [LOG] [ApiService] Error Type: DioExceptionType.badResponse @ http://semiconlab-staging-alb-124259420.ap-south-1.elb.amazonaws.com/main.dart.js:55772
[ 2775708ms] [LOG] [ApiService] Error Response: {statusCode: 401, timestamp: 2026-07-27T11:26:52.914+05:30, path: /v1/labs-api/available-labs, method: GET, message: Your session has ended or you signed in elsewhere. Please sign in again., error: Unauthorized} @ http://semiconlab-staging-alb-124259420.ap-south-1.elb.amazonaws.com/main.dart.js:55772
[ 2775708ms] [LOG] [ApiService] Request URL: http://semiconlab-staging-alb-124259420.ap-south-1.elb.amazonaws.com:3000/v1/labs-api/available-labs @ http://semiconlab-staging-alb-124259420.ap-south-1.elb.amazonaws.com/main.dart.js:55772
[ 2775708ms] [LOG] [AuthService] getToken() - token exists: true, token length: 327 @ http://semiconlab-staging-alb-124259420.ap-south-1.elb.amazonaws.com/main.dart.js:55772
[ 2775709ms] [LOG] [ApiService] GET Request: /users/95 @ http://semiconlab-staging-alb-124259420.ap-south-1.elb.amazonaws.com/main.dart.js:55772
[ 2775709ms] [LOG] [ApiService] Headers: {Authorization: Bearer eyJhbGciOiJIUzI1NiIsInR5cCI6IkpXVCJ9.eyJlbWFpbCI6InN1cnlhLm5Ac2VtaWNvbm9zLmFpIiwic3ViIjo5NSwicm9sZSI6IkxlYXJuZXIiLCJvcmdJZCI6bnVsbCwidGVhbUlkIjpudWxsLCJhdmFpbGFibGVSb2xlcyI6W10sInNpZCI6ImI5NGVjYzQ3LTQ2MDItNDE5Zi1iMmY0LTViOTk1ODhhZjc2MSIsImlhdCI6MTc4NDc5OTY3MSwiZXhwIjoxNzg1NDA0NDcxfQ.XtqvvgxYi_43mtsjpbElbbWChpvHhFSh_eG6XYLo8oU} @ http://semiconlab-staging-alb-124259420.ap-south-1.elb.amazonaws.com/main.dart.js:55772
[ 2775768ms] [ERROR] Failed to load resource: the server responded with a status of 401 (Unauthorized) @ http://semiconlab-staging-alb-124259420.ap-south-1.elb.amazonaws.com:3000/v1/users/95:0
[ 2775770ms] [LOG] [ApiService] Error: This exception was thrown because the response has a status code of 401 and RequestOptions.validateStatus was configured to throw for this status code.
The status code of 401 has the following meaning: "Client error - the request contains bad syntax or cannot be fulfilled"
Read more about status codes at https://developer.mozilla.org/en-US/docs/Web/HTTP/Status
In order to resolve this exception you typically have either to verify and fix your request code or you have to fix the server code.
 @ http://semiconlab-staging-alb-124259420.ap-south-1.elb.amazonaws.com/main.dart.js:55772
[ 2775770ms] [LOG] [ApiService] Error Type: DioExceptionType.badResponse @ http://semiconlab-staging-alb-124259420.ap-south-1.elb.amazonaws.com/main.dart.js:55772
[ 2775771ms] [LOG] [ApiService] Error Response: {statusCode: 401, timestamp: 2026-07-27T11:26:52.977+05:30, path: /v1/users/95, method: GET, message: Your session has ended or you signed in elsewhere. Please sign in again., error: Unauthorized} @ http://semiconlab-staging-alb-124259420.ap-south-1.elb.amazonaws.com/main.dart.js:55772
[ 2775771ms] [LOG] [ApiService] Request URL: http://semiconlab-staging-alb-124259420.ap-south-1.elb.amazonaws.com:3000/v1/users/95 @ http://semiconlab-staging-alb-124259420.ap-south-1.elb.amazonaws.com/main.dart.js:55772
[ 2775771ms] [LOG] [LabHoursLiveSync] profile pool merge failed: Exception: Error fetching user profile: Your session has ended or you signed in elsewhere. Please sign in again. @ http://semiconlab-staging-alb-124259420.ap-south-1.elb.amazonaws.com/main.dart.js:55772
[ 2895772ms] [LOG] [AuthService] getToken() - token exists: true, token length: 327 @ http://semiconlab-staging-alb-124259420.ap-south-1.elb.amazonaws.com/main.dart.js:55772
[ 2895773ms] [LOG] [AuthService] getToken() - token exists: true, token length: 327 @ http://semiconlab-staging-alb-124259420.ap-south-1.elb.amazonaws.com/main.dart.js:55772
[ 2895773ms] [LOG] [ApiService] GET Request: labs-api/available-labs @ http://semiconlab-staging-alb-124259420.ap-south-1.elb.amazonaws.com/main.dart.js:55772
[ 2895773ms] [LOG] [ApiService] Headers: {Authorization: Bearer eyJhbGciOiJIUzI1NiIsInR5cCI6IkpXVCJ9.eyJlbWFpbCI6InN1cnlhLm5Ac2VtaWNvbm9zLmFpIiwic3ViIjo5NSwicm9sZSI6IkxlYXJuZXIiLCJvcmdJZCI6bnVsbCwidGVhbUlkIjpudWxsLCJhdmFpbGFibGVSb2xlcyI6W10sInNpZCI6ImI5NGVjYzQ3LTQ2MDItNDE5Zi1iMmY0LTViOTk1ODhhZjc2MSIsImlhdCI6MTc4NDc5OTY3MSwiZXhwIjoxNzg1NDA0NDcxfQ.XtqvvgxYi_43mtsjpbElbbWChpvHhFSh_eG6XYLo8oU} @ http://semiconlab-staging-alb-124259420.ap-south-1.elb.amazonaws.com/main.dart.js:55772
[ 2895980ms] [ERROR] Failed to load resource: the server responded with a status of 401 (Unauthorized) @ http://semiconlab-staging-alb-124259420.ap-south-1.elb.amazonaws.com:3000/v1/labs-api/available-labs:0
[ 2895982ms] [LOG] [ApiService] Error: This exception was thrown because the response has a status code of 401 and RequestOptions.validateStatus was configured to throw for this status code.
The status code of 401 has the following meaning: "Client error - the request contains bad syntax or cannot be fulfilled"
Read more about status codes at https://developer.mozilla.org/en-US/docs/Web/HTTP/Status
In order to resolve this exception you typically have either to verify and fix your request code or you have to fix the server code.
 @ http://semiconlab-staging-alb-124259420.ap-south-1.elb.amazonaws.com/main.dart.js:55772
[ 2895982ms] [LOG] [ApiService] Error Type: DioExceptionType.badResponse @ http://semiconlab-staging-alb-124259420.ap-south-1.elb.amazonaws.com/main.dart.js:55772
[ 2895982ms] [LOG] [ApiService] Error Response: {statusCode: 401, timestamp: 2026-07-27T11:28:53.180+05:30, path: /v1/labs-api/available-labs, method: GET, message: Your session has ended or you signed in elsewhere. Please sign in again., error: Unauthorized} @ http://semiconlab-staging-alb-124259420.ap-south-1.elb.amazonaws.com/main.dart.js:55772
[ 2895982ms] [LOG] [ApiService] Request URL: http://semiconlab-staging-alb-124259420.ap-south-1.elb.amazonaws.com:3000/v1/labs-api/available-labs @ http://semiconlab-staging-alb-124259420.ap-south-1.elb.amazonaws.com/main.dart.js:55772
[ 2895983ms] [LOG] [AuthService] getToken() - token exists: true, token length: 327 @ http://semiconlab-staging-alb-124259420.ap-south-1.elb.amazonaws.com/main.dart.js:55772
[ 2895983ms] [LOG] [ApiService] GET Request: /users/95 @ http://semiconlab-staging-alb-124259420.ap-south-1.elb.amazonaws.com/main.dart.js:55772
[ 2895983ms] [LOG] [ApiService] Headers: {Authorization: Bearer eyJhbGciOiJIUzI1NiIsInR5cCI6IkpXVCJ9.eyJlbWFpbCI6InN1cnlhLm5Ac2VtaWNvbm9zLmFpIiwic3ViIjo5NSwicm9sZSI6IkxlYXJuZXIiLCJvcmdJZCI6bnVsbCwidGVhbUlkIjpudWxsLCJhdmFpbGFibGVSb2xlcyI6W10sInNpZCI6ImI5NGVjYzQ3LTQ2MDItNDE5Zi1iMmY0LTViOTk1ODhhZjc2MSIsImlhdCI6MTc4NDc5OTY3MSwiZXhwIjoxNzg1NDA0NDcxfQ.XtqvvgxYi_43mtsjpbElbbWChpvHhFSh_eG6XYLo8oU} @ http://semiconlab-staging-alb-124259420.ap-south-1.elb.amazonaws.com/main.dart.js:55772
[ 2896042ms] [ERROR] Failed to load resource: the server responded with a status of 401 (Unauthorized) @ http://semiconlab-staging-alb-124259420.ap-south-1.elb.amazonaws.com:3000/v1/users/95:0
[ 2896044ms] [LOG] [ApiService] Error: This exception was thrown because the response has a status code of 401 and RequestOptions.validateStatus was configured to throw for this status code.
The status code of 401 has the following meaning: "Client error - the request contains bad syntax or cannot be fulfilled"
Read more about status codes at https://developer.mozilla.org/en-US/docs/Web/HTTP/Status
In order to resolve this exception you typically have either to verify and fix your request code or you have to fix the server code.
 @ http://semiconlab-staging-alb-124259420.ap-south-1.elb.amazonaws.com/main.dart.js:55772
[ 2896044ms] [LOG] [ApiService] Error Type: DioExceptionType.badResponse @ http://semiconlab-staging-alb-124259420.ap-south-1.elb.amazonaws.com/main.dart.js:55772
[ 2896044ms] [LOG] [ApiService] Error Response: {statusCode: 401, timestamp: 2026-07-27T11:28:53.249+05:30, path: /v1/users/95, method: GET, message: Your session has ended or you signed in elsewhere. Please sign in again., error: Unauthorized} @ http://semiconlab-staging-alb-124259420.ap-south-1.elb.amazonaws.com/main.dart.js:55772
[ 2896044ms] [LOG] [ApiService] Request URL: http://semiconlab-staging-alb-124259420.ap-south-1.elb.amazonaws.com:3000/v1/users/95 @ http://semiconlab-staging-alb-124259420.ap-south-1.elb.amazonaws.com/main.dart.js:55772
[ 2896045ms] [LOG] [LabHoursLiveSync] profile pool merge failed: Exception: Error fetching user profile: Your session has ended or you signed in elsewhere. Please sign in again. @ http://semiconlab-staging-alb-124259420.ap-south-1.elb.amazonaws.com/main.dart.js:55772
[ 3016045ms] [LOG] [AuthService] getToken() - token exists: true, token length: 327 @ http://semiconlab-staging-alb-124259420.ap-south-1.elb.amazonaws.com/main.dart.js:55772
[ 3016046ms] [LOG] [AuthService] getToken() - token exists: true, token length: 327 @ http://semiconlab-staging-alb-124259420.ap-south-1.elb.amazonaws.com/main.dart.js:55772
[ 3016046ms] [LOG] [ApiService] GET Request: labs-api/available-labs @ http://semiconlab-staging-alb-124259420.ap-south-1.elb.amazonaws.com/main.dart.js:55772
[ 3016047ms] [LOG] [ApiService] Headers: {Authorization: Bearer eyJhbGciOiJIUzI1NiIsInR5cCI6IkpXVCJ9.eyJlbWFpbCI6InN1cnlhLm5Ac2VtaWNvbm9zLmFpIiwic3ViIjo5NSwicm9sZSI6IkxlYXJuZXIiLCJvcmdJZCI6bnVsbCwidGVhbUlkIjpudWxsLCJhdmFpbGFibGVSb2xlcyI6W10sInNpZCI6ImI5NGVjYzQ3LTQ2MDItNDE5Zi1iMmY0LTViOTk1ODhhZjc2MSIsImlhdCI6MTc4NDc5OTY3MSwiZXhwIjoxNzg1NDA0NDcxfQ.XtqvvgxYi_43mtsjpbElbbWChpvHhFSh_eG6XYLo8oU} @ http://semiconlab-staging-alb-124259420.ap-south-1.elb.amazonaws.com/main.dart.js:55772
[ 3016199ms] [ERROR] Failed to load resource: the server responded with a status of 401 (Unauthorized) @ http://semiconlab-staging-alb-124259420.ap-south-1.elb.amazonaws.com:3000/v1/labs-api/available-labs:0
[ 3016200ms] [LOG] [ApiService] Error: This exception was thrown because the response has a status code of 401 and RequestOptions.validateStatus was configured to throw for this status code.
The status code of 401 has the following meaning: "Client error - the request contains bad syntax or cannot be fulfilled"
Read more about status codes at https://developer.mozilla.org/en-US/docs/Web/HTTP/Status
In order to resolve this exception you typically have either to verify and fix your request code or you have to fix the server code.
 @ http://semiconlab-staging-alb-124259420.ap-south-1.elb.amazonaws.com/main.dart.js:55772
[ 3016201ms] [LOG] [ApiService] Error Type: DioExceptionType.badResponse @ http://semiconlab-staging-alb-124259420.ap-south-1.elb.amazonaws.com/main.dart.js:55772
[ 3016201ms] [LOG] [ApiService] Error Response: {statusCode: 401, timestamp: 2026-07-27T11:30:53.399+05:30, path: /v1/labs-api/available-labs, method: GET, message: Your session has ended or you signed in elsewhere. Please sign in again., error: Unauthorized} @ http://semiconlab-staging-alb-124259420.ap-south-1.elb.amazonaws.com/main.dart.js:55772
[ 3016201ms] [LOG] [ApiService] Request URL: http://semiconlab-staging-alb-124259420.ap-south-1.elb.amazonaws.com:3000/v1/labs-api/available-labs @ http://semiconlab-staging-alb-124259420.ap-south-1.elb.amazonaws.com/main.dart.js:55772
[ 3016201ms] [LOG] [AuthService] getToken() - token exists: true, token length: 327 @ http://semiconlab-staging-alb-124259420.ap-south-1.elb.amazonaws.com/main.dart.js:55772
[ 3016202ms] [LOG] [ApiService] GET Request: /users/95 @ http://semiconlab-staging-alb-124259420.ap-south-1.elb.amazonaws.com/main.dart.js:55772
[ 3016202ms] [LOG] [ApiService] Headers: {Authorization: Bearer eyJhbGciOiJIUzI1NiIsInR5cCI6IkpXVCJ9.eyJlbWFpbCI6InN1cnlhLm5Ac2VtaWNvbm9zLmFpIiwic3ViIjo5NSwicm9sZSI6IkxlYXJuZXIiLCJvcmdJZCI6bnVsbCwidGVhbUlkIjpudWxsLCJhdmFpbGFibGVSb2xlcyI6W10sInNpZCI6ImI5NGVjYzQ3LTQ2MDItNDE5Zi1iMmY0LTViOTk1ODhhZjc2MSIsImlhdCI6MTc4NDc5OTY3MSwiZXhwIjoxNzg1NDA0NDcxfQ.XtqvvgxYi_43mtsjpbElbbWChpvHhFSh_eG6XYLo8oU} @ http://semiconlab-staging-alb-124259420.ap-south-1.elb.amazonaws.com/main.dart.js:55772
[ 3016260ms] [ERROR] Failed to load resource: the server responded with a status of 401 (Unauthorized) @ http://semiconlab-staging-alb-124259420.ap-south-1.elb.amazonaws.com:3000/v1/users/95:0
[ 3016262ms] [LOG] [ApiService] Error: This exception was thrown because the response has a status code of 401 and RequestOptions.validateStatus was configured to throw for this status code.
The status code of 401 has the following meaning: "Client error - the request contains bad syntax or cannot be fulfilled"
Read more about status codes at https://developer.mozilla.org/en-US/docs/Web/HTTP/Status
In order to resolve this exception you typically have either to verify and fix your request code or you have to fix the server code.
 @ http://semiconlab-staging-alb-124259420.ap-south-1.elb.amazonaws.com/main.dart.js:55772
[ 3016262ms] [LOG] [ApiService] Error Type: DioExceptionType.badResponse @ http://semiconlab-staging-alb-124259420.ap-south-1.elb.amazonaws.com/main.dart.js:55772
[ 3016262ms] [LOG] [ApiService] Error Response: {statusCode: 401, timestamp: 2026-07-27T11:30:53.466+05:30, path: /v1/users/95, method: GET, message: Your session has ended or you signed in elsewhere. Please sign in again., error: Unauthorized} @ http://semiconlab-staging-alb-124259420.ap-south-1.elb.amazonaws.com/main.dart.js:55772
[ 3016262ms] [LOG] [ApiService] Request URL: http://semiconlab-staging-alb-124259420.ap-south-1.elb.amazonaws.com:3000/v1/users/95 @ http://semiconlab-staging-alb-124259420.ap-south-1.elb.amazonaws.com/main.dart.js:55772
[ 3016263ms] [LOG] [LabHoursLiveSync] profile pool merge failed: Exception: Error fetching user profile: Your session has ended or you signed in elsewhere. Please sign in again. @ http://semiconlab-staging-alb-124259420.ap-south-1.elb.amazonaws.com/main.dart.js:55772
[ 3136264ms] [LOG] [AuthService] getToken() - token exists: true, token length: 327 @ http://semiconlab-staging-alb-124259420.ap-south-1.elb.amazonaws.com/main.dart.js:55772
[ 3136264ms] [LOG] [AuthService] getToken() - token exists: true, token length: 327 @ http://semiconlab-staging-alb-124259420.ap-south-1.elb.amazonaws.com/main.dart.js:55772
[ 3136264ms] [LOG] [ApiService] GET Request: labs-api/available-labs @ http://semiconlab-staging-alb-124259420.ap-south-1.elb.amazonaws.com/main.dart.js:55772
[ 3136265ms] [LOG] [ApiService] Headers: {Authorization: Bearer eyJhbGciOiJIUzI1NiIsInR5cCI6IkpXVCJ9.eyJlbWFpbCI6InN1cnlhLm5Ac2VtaWNvbm9zLmFpIiwic3ViIjo5NSwicm9sZSI6IkxlYXJuZXIiLCJvcmdJZCI6bnVsbCwidGVhbUlkIjpudWxsLCJhdmFpbGFibGVSb2xlcyI6W10sInNpZCI6ImI5NGVjYzQ3LTQ2MDItNDE5Zi1iMmY0LTViOTk1ODhhZjc2MSIsImlhdCI6MTc4NDc5OTY3MSwiZXhwIjoxNzg1NDA0NDcxfQ.XtqvvgxYi_43mtsjpbElbbWChpvHhFSh_eG6XYLo8oU} @ http://semiconlab-staging-alb-124259420.ap-south-1.elb.amazonaws.com/main.dart.js:55772
[ 3136479ms] [ERROR] Failed to load resource: the server responded with a status of 401 (Unauthorized) @ http://semiconlab-staging-alb-124259420.ap-south-1.elb.amazonaws.com:3000/v1/labs-api/available-labs:0
[ 3136481ms] [LOG] [ApiService] Error: This exception was thrown because the response has a status code of 401 and RequestOptions.validateStatus was configured to throw for this status code.
The status code of 401 has the following meaning: "Client error - the request contains bad syntax or cannot be fulfilled"
Read more about status codes at https://developer.mozilla.org/en-US/docs/Web/HTTP/Status
In order to resolve this exception you typically have either to verify and fix your request code or you have to fix the server code.
 @ http://semiconlab-staging-alb-124259420.ap-south-1.elb.amazonaws.com/main.dart.js:55772
[ 3136482ms] [LOG] [ApiService] Error Type: DioExceptionType.badResponse @ http://semiconlab-staging-alb-124259420.ap-south-1.elb.amazonaws.com/main.dart.js:55772
[ 3136482ms] [LOG] [ApiService] Error Response: {statusCode: 401, timestamp: 2026-07-27T11:32:53.687+05:30, path: /v1/labs-api/available-labs, method: GET, message: Your session has ended or you signed in elsewhere. Please sign in again., error: Unauthorized} @ http://semiconlab-staging-alb-124259420.ap-south-1.elb.amazonaws.com/main.dart.js:55772
[ 3136482ms] [LOG] [ApiService] Request URL: http://semiconlab-staging-alb-124259420.ap-south-1.elb.amazonaws.com:3000/v1/labs-api/available-labs @ http://semiconlab-staging-alb-124259420.ap-south-1.elb.amazonaws.com/main.dart.js:55772
[ 3136482ms] [LOG] [AuthService] getToken() - token exists: true, token length: 327 @ http://semiconlab-staging-alb-124259420.ap-south-1.elb.amazonaws.com/main.dart.js:55772
[ 3136483ms] [LOG] [ApiService] GET Request: /users/95 @ http://semiconlab-staging-alb-124259420.ap-south-1.elb.amazonaws.com/main.dart.js:55772
[ 3136483ms] [LOG] [ApiService] Headers: {Authorization: Bearer eyJhbGciOiJIUzI1NiIsInR5cCI6IkpXVCJ9.eyJlbWFpbCI6InN1cnlhLm5Ac2VtaWNvbm9zLmFpIiwic3ViIjo5NSwicm9sZSI6IkxlYXJuZXIiLCJvcmdJZCI6bnVsbCwidGVhbUlkIjpudWxsLCJhdmFpbGFibGVSb2xlcyI6W10sInNpZCI6ImI5NGVjYzQ3LTQ2MDItNDE5Zi1iMmY0LTViOTk1ODhhZjc2MSIsImlhdCI6MTc4NDc5OTY3MSwiZXhwIjoxNzg1NDA0NDcxfQ.XtqvvgxYi_43mtsjpbElbbWChpvHhFSh_eG6XYLo8oU} @ http://semiconlab-staging-alb-124259420.ap-south-1.elb.amazonaws.com/main.dart.js:55772
[ 3136548ms] [ERROR] Failed to load resource: the server responded with a status of 401 (Unauthorized) @ http://semiconlab-staging-alb-124259420.ap-south-1.elb.amazonaws.com:3000/v1/users/95:0
[ 3136550ms] [LOG] [ApiService] Error: This exception was thrown because the response has a status code of 401 and RequestOptions.validateStatus was configured to throw for this status code.
The status code of 401 has the following meaning: "Client error - the request contains bad syntax or cannot be fulfilled"
Read more about status codes at https://developer.mozilla.org/en-US/docs/Web/HTTP/Status
In order to resolve this exception you typically have either to verify and fix your request code or you have to fix the server code.
 @ http://semiconlab-staging-alb-124259420.ap-south-1.elb.amazonaws.com/main.dart.js:55772
[ 3136551ms] [LOG] [ApiService] Error Type: DioExceptionType.badResponse @ http://semiconlab-staging-alb-124259420.ap-south-1.elb.amazonaws.com/main.dart.js:55772
[ 3136551ms] [LOG] [ApiService] Error Response: {statusCode: 401, timestamp: 2026-07-27T11:32:53.750+05:30, path: /v1/users/95, method: GET, message: Your session has ended or you signed in elsewhere. Please sign in again., error: Unauthorized} @ http://semiconlab-staging-alb-124259420.ap-south-1.elb.amazonaws.com/main.dart.js:55772
[ 3136551ms] [LOG] [ApiService] Request URL: http://semiconlab-staging-alb-124259420.ap-south-1.elb.amazonaws.com:3000/v1/users/95 @ http://semiconlab-staging-alb-124259420.ap-south-1.elb.amazonaws.com/main.dart.js:55772
[ 3136551ms] [LOG] [LabHoursLiveSync] profile pool merge failed: Exception: Error fetching user profile: Your session has ended or you signed in elsewhere. Please sign in again. @ http://semiconlab-staging-alb-124259420.ap-south-1.elb.amazonaws.com/main.dart.js:55772
[ 3256552ms] [LOG] [AuthService] getToken() - token exists: true, token length: 327 @ http://semiconlab-staging-alb-124259420.ap-south-1.elb.amazonaws.com/main.dart.js:55772
[ 3256553ms] [LOG] [AuthService] getToken() - token exists: true, token length: 327 @ http://semiconlab-staging-alb-124259420.ap-south-1.elb.amazonaws.com/main.dart.js:55772
[ 3256553ms] [LOG] [ApiService] GET Request: labs-api/available-labs @ http://semiconlab-staging-alb-124259420.ap-south-1.elb.amazonaws.com/main.dart.js:55772
[ 3256554ms] [LOG] [ApiService] Headers: {Authorization: Bearer eyJhbGciOiJIUzI1NiIsInR5cCI6IkpXVCJ9.eyJlbWFpbCI6InN1cnlhLm5Ac2VtaWNvbm9zLmFpIiwic3ViIjo5NSwicm9sZSI6IkxlYXJuZXIiLCJvcmdJZCI6bnVsbCwidGVhbUlkIjpudWxsLCJhdmFpbGFibGVSb2xlcyI6W10sInNpZCI6ImI5NGVjYzQ3LTQ2MDItNDE5Zi1iMmY0LTViOTk1ODhhZjc2MSIsImlhdCI6MTc4NDc5OTY3MSwiZXhwIjoxNzg1NDA0NDcxfQ.XtqvvgxYi_43mtsjpbElbbWChpvHhFSh_eG6XYLo8oU} @ http://semiconlab-staging-alb-124259420.ap-south-1.elb.amazonaws.com/main.dart.js:55772
[ 3286568ms] [LOG] [ApiService] Error: The request connection took longer than 0:00:30.000000 and it was aborted. To get rid of this exception, try raising the RequestOptions.connectTimeout above the duration of 0:00:30.000000 or improve the response time of the server. @ http://semiconlab-staging-alb-124259420.ap-south-1.elb.amazonaws.com/main.dart.js:55772
[ 3286569ms] [LOG] [ApiService] Error Type: DioExceptionType.connectionTimeout @ http://semiconlab-staging-alb-124259420.ap-south-1.elb.amazonaws.com/main.dart.js:55772
[ 3286569ms] [LOG] [ApiService] Error Response: null @ http://semiconlab-staging-alb-124259420.ap-south-1.elb.amazonaws.com/main.dart.js:55772
[ 3286569ms] [LOG] [ApiService] Request URL: http://semiconlab-staging-alb-124259420.ap-south-1.elb.amazonaws.com:3000/v1/labs-api/available-labs @ http://semiconlab-staging-alb-124259420.ap-south-1.elb.amazonaws.com/main.dart.js:55772
[ 3286569ms] [LOG] [LabHoursLiveSync] poll failed: Connection timeout. Please check your internet connection. @ http://semiconlab-staging-alb-124259420.ap-south-1.elb.amazonaws.com/main.dart.js:55772
[ 3406570ms] [LOG] [AuthService] getToken() - token exists: true, token length: 327 @ http://semiconlab-staging-alb-124259420.ap-south-1.elb.amazonaws.com/main.dart.js:55772
[ 3406571ms] [LOG] [AuthService] getToken() - token exists: true, token length: 327 @ http://semiconlab-staging-alb-124259420.ap-south-1.elb.amazonaws.com/main.dart.js:55772
[ 3406571ms] [LOG] [ApiService] GET Request: labs-api/available-labs @ http://semiconlab-staging-alb-124259420.ap-south-1.elb.amazonaws.com/main.dart.js:55772
[ 3406572ms] [LOG] [ApiService] Headers: {Authorization: Bearer eyJhbGciOiJIUzI1NiIsInR5cCI6IkpXVCJ9.eyJlbWFpbCI6InN1cnlhLm5Ac2VtaWNvbm9zLmFpIiwic3ViIjo5NSwicm9sZSI6IkxlYXJuZXIiLCJvcmdJZCI6bnVsbCwidGVhbUlkIjpudWxsLCJhdmFpbGFibGVSb2xlcyI6W10sInNpZCI6ImI5NGVjYzQ3LTQ2MDItNDE5Zi1iMmY0LTViOTk1ODhhZjc2MSIsImlhdCI6MTc4NDc5OTY3MSwiZXhwIjoxNzg1NDA0NDcxfQ.XtqvvgxYi_43mtsjpbElbbWChpvHhFSh_eG6XYLo8oU} @ http://semiconlab-staging-alb-124259420.ap-south-1.elb.amazonaws.com/main.dart.js:55772
[ 3406652ms] [ERROR] Failed to load resource: the server responded with a status of 401 (Unauthorized) @ http://semiconlab-staging-alb-124259420.ap-south-1.elb.amazonaws.com:3000/v1/labs-api/available-labs:0
[ 3406654ms] [LOG] [ApiService] Error: This exception was thrown because the response has a status code of 401 and RequestOptions.validateStatus was configured to throw for this status code.
The status code of 401 has the following meaning: "Client error - the request contains bad syntax or cannot be fulfilled"
Read more about status codes at https://developer.mozilla.org/en-US/docs/Web/HTTP/Status
In order to resolve this exception you typically have either to verify and fix your request code or you have to fix the server code.
 @ http://semiconlab-staging-alb-124259420.ap-south-1.elb.amazonaws.com/main.dart.js:55772
[ 3406655ms] [LOG] [ApiService] Error Type: DioExceptionType.badResponse @ http://semiconlab-staging-alb-124259420.ap-south-1.elb.amazonaws.com/main.dart.js:55772
[ 3406655ms] [LOG] [ApiService] Error Response: {statusCode: 401, timestamp: 2026-07-27T11:37:23.857+05:30, path: /v1/labs-api/available-labs, method: GET, message: Your session has ended or you signed in elsewhere. Please sign in again., error: Unauthorized} @ http://semiconlab-staging-alb-124259420.ap-south-1.elb.amazonaws.com/main.dart.js:55772
[ 3406655ms] [LOG] [ApiService] Request URL: http://semiconlab-staging-alb-124259420.ap-south-1.elb.amazonaws.com:3000/v1/labs-api/available-labs @ http://semiconlab-staging-alb-124259420.ap-south-1.elb.amazonaws.com/main.dart.js:55772
[ 3406655ms] [LOG] [AuthService] getToken() - token exists: true, token length: 327 @ http://semiconlab-staging-alb-124259420.ap-south-1.elb.amazonaws.com/main.dart.js:55772
[ 3406656ms] [LOG] [ApiService] GET Request: /users/95 @ http://semiconlab-staging-alb-124259420.ap-south-1.elb.amazonaws.com/main.dart.js:55772
[ 3406656ms] [LOG] [ApiService] Headers: {Authorization: Bearer eyJhbGciOiJIUzI1NiIsInR5cCI6IkpXVCJ9.eyJlbWFpbCI6InN1cnlhLm5Ac2VtaWNvbm9zLmFpIiwic3ViIjo5NSwicm9sZSI6IkxlYXJuZXIiLCJvcmdJZCI6bnVsbCwidGVhbUlkIjpudWxsLCJhdmFpbGFibGVSb2xlcyI6W10sInNpZCI6ImI5NGVjYzQ3LTQ2MDItNDE5Zi1iMmY0LTViOTk1ODhhZjc2MSIsImlhdCI6MTc4NDc5OTY3MSwiZXhwIjoxNzg1NDA0NDcxfQ.XtqvvgxYi_43mtsjpbElbbWChpvHhFSh_eG6XYLo8oU} @ http://semiconlab-staging-alb-124259420.ap-south-1.elb.amazonaws.com/main.dart.js:55772
[ 3406712ms] [ERROR] Failed to load resource: the server responded with a status of 401 (Unauthorized) @ http://semiconlab-staging-alb-124259420.ap-south-1.elb.amazonaws.com:3000/v1/users/95:0
[ 3406715ms] [LOG] [ApiService] Error: This exception was thrown because the response has a status code of 401 and RequestOptions.validateStatus was configured to throw for this status code.
The status code of 401 has the following meaning: "Client error - the request contains bad syntax or cannot be fulfilled"
Read more about status codes at https://developer.mozilla.org/en-US/docs/Web/HTTP/Status
In order to resolve this exception you typically have either to verify and fix your request code or you have to fix the server code.
 @ http://semiconlab-staging-alb-124259420.ap-south-1.elb.amazonaws.com/main.dart.js:55772
[ 3406715ms] [LOG] [ApiService] Error Type: DioExceptionType.badResponse @ http://semiconlab-staging-alb-124259420.ap-south-1.elb.amazonaws.com/main.dart.js:55772
[ 3406716ms] [LOG] [ApiService] Error Response: {statusCode: 401, timestamp: 2026-07-27T11:37:23.919+05:30, path: /v1/users/95, method: GET, message: Your session has ended or you signed in elsewhere. Please sign in again., error: Unauthorized} @ http://semiconlab-staging-alb-124259420.ap-south-1.elb.amazonaws.com/main.dart.js:55772
[ 3406716ms] [LOG] [ApiService] Request URL: http://semiconlab-staging-alb-124259420.ap-south-1.elb.amazonaws.com:3000/v1/users/95 @ http://semiconlab-staging-alb-124259420.ap-south-1.elb.amazonaws.com/main.dart.js:55772
[ 3406716ms] [LOG] [LabHoursLiveSync] profile pool merge failed: Exception: Error fetching user profile: Your session has ended or you signed in elsewhere. Please sign in again. @ http://semiconlab-staging-alb-124259420.ap-south-1.elb.amazonaws.com/main.dart.js:55772
[ 3526717ms] [LOG] [AuthService] getToken() - token exists: true, token length: 327 @ http://semiconlab-staging-alb-124259420.ap-south-1.elb.amazonaws.com/main.dart.js:55772
[ 3526718ms] [LOG] [AuthService] getToken() - token exists: true, token length: 327 @ http://semiconlab-staging-alb-124259420.ap-south-1.elb.amazonaws.com/main.dart.js:55772
[ 3526718ms] [LOG] [ApiService] GET Request: labs-api/available-labs @ http://semiconlab-staging-alb-124259420.ap-south-1.elb.amazonaws.com/main.dart.js:55772
[ 3526719ms] [LOG] [ApiService] Headers: {Authorization: Bearer eyJhbGciOiJIUzI1NiIsInR5cCI6IkpXVCJ9.eyJlbWFpbCI6InN1cnlhLm5Ac2VtaWNvbm9zLmFpIiwic3ViIjo5NSwicm9sZSI6IkxlYXJuZXIiLCJvcmdJZCI6bnVsbCwidGVhbUlkIjpudWxsLCJhdmFpbGFibGVSb2xlcyI6W10sInNpZCI6ImI5NGVjYzQ3LTQ2MDItNDE5Zi1iMmY0LTViOTk1ODhhZjc2MSIsImlhdCI6MTc4NDc5OTY3MSwiZXhwIjoxNzg1NDA0NDcxfQ.XtqvvgxYi_43mtsjpbElbbWChpvHhFSh_eG6XYLo8oU} @ http://semiconlab-staging-alb-124259420.ap-south-1.elb.amazonaws.com/main.dart.js:55772
[ 3556733ms] [LOG] [ApiService] Error: The request connection took longer than 0:00:30.000000 and it was aborted. To get rid of this exception, try raising the RequestOptions.connectTimeout above the duration of 0:00:30.000000 or improve the response time of the server. @ http://semiconlab-staging-alb-124259420.ap-south-1.elb.amazonaws.com/main.dart.js:55772
[ 3556733ms] [LOG] [ApiService] Error Type: DioExceptionType.connectionTimeout @ http://semiconlab-staging-alb-124259420.ap-south-1.elb.amazonaws.com/main.dart.js:55772
[ 3556734ms] [LOG] [ApiService] Error Response: null @ http://semiconlab-staging-alb-124259420.ap-south-1.elb.amazonaws.com/main.dart.js:55772
[ 3556734ms] [LOG] [ApiService] Request URL: http://semiconlab-staging-alb-124259420.ap-south-1.elb.amazonaws.com:3000/v1/labs-api/available-labs @ http://semiconlab-staging-alb-124259420.ap-south-1.elb.amazonaws.com/main.dart.js:55772
[ 3556734ms] [LOG] [LabHoursLiveSync] poll failed: Connection timeout. Please check your internet connection. @ http://semiconlab-staging-alb-124259420.ap-south-1.elb.amazonaws.com/main.dart.js:55772
[ 3676735ms] [LOG] [AuthService] getToken() - token exists: true, token length: 327 @ http://semiconlab-staging-alb-124259420.ap-south-1.elb.amazonaws.com/main.dart.js:55772
[ 3676736ms] [LOG] [AuthService] getToken() - token exists: true, token length: 327 @ http://semiconlab-staging-alb-124259420.ap-south-1.elb.amazonaws.com/main.dart.js:55772
[ 3676736ms] [LOG] [ApiService] GET Request: labs-api/available-labs @ http://semiconlab-staging-alb-124259420.ap-south-1.elb.amazonaws.com/main.dart.js:55772
[ 3676736ms] [LOG] [ApiService] Headers: {Authorization: Bearer eyJhbGciOiJIUzI1NiIsInR5cCI6IkpXVCJ9.eyJlbWFpbCI6InN1cnlhLm5Ac2VtaWNvbm9zLmFpIiwic3ViIjo5NSwicm9sZSI6IkxlYXJuZXIiLCJvcmdJZCI6bnVsbCwidGVhbUlkIjpudWxsLCJhdmFpbGFibGVSb2xlcyI6W10sInNpZCI6ImI5NGVjYzQ3LTQ2MDItNDE5Zi1iMmY0LTViOTk1ODhhZjc2MSIsImlhdCI6MTc4NDc5OTY3MSwiZXhwIjoxNzg1NDA0NDcxfQ.XtqvvgxYi_43mtsjpbElbbWChpvHhFSh_eG6XYLo8oU} @ http://semiconlab-staging-alb-124259420.ap-south-1.elb.amazonaws.com/main.dart.js:55772
[ 3676813ms] [ERROR] Failed to load resource: the server responded with a status of 401 (Unauthorized) @ http://semiconlab-staging-alb-124259420.ap-south-1.elb.amazonaws.com:3000/v1/labs-api/available-labs:0
[ 3676815ms] [LOG] [ApiService] Error: This exception was thrown because the response has a status code of 401 and RequestOptions.validateStatus was configured to throw for this status code.
The status code of 401 has the following meaning: "Client error - the request contains bad syntax or cannot be fulfilled"
Read more about status codes at https://developer.mozilla.org/en-US/docs/Web/HTTP/Status
In order to resolve this exception you typically have either to verify and fix your request code or you have to fix the server code.
 @ http://semiconlab-staging-alb-124259420.ap-south-1.elb.amazonaws.com/main.dart.js:55772
[ 3676816ms] [LOG] [ApiService] Error Type: DioExceptionType.badResponse @ http://semiconlab-staging-alb-124259420.ap-south-1.elb.amazonaws.com/main.dart.js:55772
[ 3676816ms] [LOG] [ApiService] Error Response: {statusCode: 401, timestamp: 2026-07-27T11:41:54.021+05:30, path: /v1/labs-api/available-labs, method: GET, message: Your session has ended or you signed in elsewhere. Please sign in again., error: Unauthorized} @ http://semiconlab-staging-alb-124259420.ap-south-1.elb.amazonaws.com/main.dart.js:55772
[ 3676816ms] [LOG] [ApiService] Request URL: http://semiconlab-staging-alb-124259420.ap-south-1.elb.amazonaws.com:3000/v1/labs-api/available-labs @ http://semiconlab-staging-alb-124259420.ap-south-1.elb.amazonaws.com/main.dart.js:55772
[ 3676817ms] [LOG] [AuthService] getToken() - token exists: true, token length: 327 @ http://semiconlab-staging-alb-124259420.ap-south-1.elb.amazonaws.com/main.dart.js:55772
[ 3676817ms] [LOG] [ApiService] GET Request: /users/95 @ http://semiconlab-staging-alb-124259420.ap-south-1.elb.amazonaws.com/main.dart.js:55772
[ 3676817ms] [LOG] [ApiService] Headers: {Authorization: Bearer eyJhbGciOiJIUzI1NiIsInR5cCI6IkpXVCJ9.eyJlbWFpbCI6InN1cnlhLm5Ac2VtaWNvbm9zLmFpIiwic3ViIjo5NSwicm9sZSI6IkxlYXJuZXIiLCJvcmdJZCI6bnVsbCwidGVhbUlkIjpudWxsLCJhdmFpbGFibGVSb2xlcyI6W10sInNpZCI6ImI5NGVjYzQ3LTQ2MDItNDE5Zi1iMmY0LTViOTk1ODhhZjc2MSIsImlhdCI6MTc4NDc5OTY3MSwiZXhwIjoxNzg1NDA0NDcxfQ.XtqvvgxYi_43mtsjpbElbbWChpvHhFSh_eG6XYLo8oU} @ http://semiconlab-staging-alb-124259420.ap-south-1.elb.amazonaws.com/main.dart.js:55772
[ 3676867ms] [ERROR] Failed to load resource: the server responded with a status of 401 (Unauthorized) @ http://semiconlab-staging-alb-124259420.ap-south-1.elb.amazonaws.com:3000/v1/users/95:0
[ 3676870ms] [LOG] [ApiService] Error: This exception was thrown because the response has a status code of 401 and RequestOptions.validateStatus was configured to throw for this status code.
The status code of 401 has the following meaning: "Client error - the request contains bad syntax or cannot be fulfilled"
Read more about status codes at https://developer.mozilla.org/en-US/docs/Web/HTTP/Status
In order to resolve this exception you typically have either to verify and fix your request code or you have to fix the server code.
 @ http://semiconlab-staging-alb-124259420.ap-south-1.elb.amazonaws.com/main.dart.js:55772
[ 3676870ms] [LOG] [ApiService] Error Type: DioExceptionType.badResponse @ http://semiconlab-staging-alb-124259420.ap-south-1.elb.amazonaws.com/main.dart.js:55772
[ 3676870ms] [LOG] [ApiService] Error Response: {statusCode: 401, timestamp: 2026-07-27T11:41:54.075+05:30, path: /v1/users/95, method: GET, message: Your session has ended or you signed in elsewhere. Please sign in again., error: Unauthorized} @ http://semiconlab-staging-alb-124259420.ap-south-1.elb.amazonaws.com/main.dart.js:55772
[ 3676870ms] [LOG] [ApiService] Request URL: http://semiconlab-staging-alb-124259420.ap-south-1.elb.amazonaws.com:3000/v1/users/95 @ http://semiconlab-staging-alb-124259420.ap-south-1.elb.amazonaws.com/main.dart.js:55772
[ 3676871ms] [LOG] [LabHoursLiveSync] profile pool merge failed: Exception: Error fetching user profile: Your session has ended or you signed in elsewhere. Please sign in again. @ http://semiconlab-staging-alb-124259420.ap-south-1.elb.amazonaws.com/main.dart.js:55772
[ 3796872ms] [LOG] [AuthService] getToken() - token exists: true, token length: 327 @ http://semiconlab-staging-alb-124259420.ap-south-1.elb.amazonaws.com/main.dart.js:55772
[ 3796872ms] [LOG] [AuthService] getToken() - token exists: true, token length: 327 @ http://semiconlab-staging-alb-124259420.ap-south-1.elb.amazonaws.com/main.dart.js:55772
[ 3796873ms] [LOG] [ApiService] GET Request: labs-api/available-labs @ http://semiconlab-staging-alb-124259420.ap-south-1.elb.amazonaws.com/main.dart.js:55772
[ 3796873ms] [LOG] [ApiService] Headers: {Authorization: Bearer eyJhbGciOiJIUzI1NiIsInR5cCI6IkpXVCJ9.eyJlbWFpbCI6InN1cnlhLm5Ac2VtaWNvbm9zLmFpIiwic3ViIjo5NSwicm9sZSI6IkxlYXJuZXIiLCJvcmdJZCI6bnVsbCwidGVhbUlkIjpudWxsLCJhdmFpbGFibGVSb2xlcyI6W10sInNpZCI6ImI5NGVjYzQ3LTQ2MDItNDE5Zi1iMmY0LTViOTk1ODhhZjc2MSIsImlhdCI6MTc4NDc5OTY3MSwiZXhwIjoxNzg1NDA0NDcxfQ.XtqvvgxYi_43mtsjpbElbbWChpvHhFSh_eG6XYLo8oU} @ http://semiconlab-staging-alb-124259420.ap-south-1.elb.amazonaws.com/main.dart.js:55772
[ 3826888ms] [LOG] [ApiService] Error: The request connection took longer than 0:00:30.000000 and it was aborted. To get rid of this exception, try raising the RequestOptions.connectTimeout above the duration of 0:00:30.000000 or improve the response time of the server. @ http://semiconlab-staging-alb-124259420.ap-south-1.elb.amazonaws.com/main.dart.js:55772
[ 3826888ms] [LOG] [ApiService] Error Type: DioExceptionType.connectionTimeout @ http://semiconlab-staging-alb-124259420.ap-south-1.elb.amazonaws.com/main.dart.js:55772
[ 3826888ms] [LOG] [ApiService] Error Response: null @ http://semiconlab-staging-alb-124259420.ap-south-1.elb.amazonaws.com/main.dart.js:55772
[ 3826888ms] [LOG] [ApiService] Request URL: http://semiconlab-staging-alb-124259420.ap-south-1.elb.amazonaws.com:3000/v1/labs-api/available-labs @ http://semiconlab-staging-alb-124259420.ap-south-1.elb.amazonaws.com/main.dart.js:55772
[ 3826889ms] [LOG] [LabHoursLiveSync] poll failed: Connection timeout. Please check your internet connection. @ http://semiconlab-staging-alb-124259420.ap-south-1.elb.amazonaws.com/main.dart.js:55772
[ 3946890ms] [LOG] [AuthService] getToken() - token exists: true, token length: 327 @ http://semiconlab-staging-alb-124259420.ap-south-1.elb.amazonaws.com/main.dart.js:55772
[ 3946890ms] [LOG] [AuthService] getToken() - token exists: true, token length: 327 @ http://semiconlab-staging-alb-124259420.ap-south-1.elb.amazonaws.com/main.dart.js:55772
[ 3946891ms] [LOG] [ApiService] GET Request: labs-api/available-labs @ http://semiconlab-staging-alb-124259420.ap-south-1.elb.amazonaws.com/main.dart.js:55772
[ 3946891ms] [LOG] [ApiService] Headers: {Authorization: Bearer eyJhbGciOiJIUzI1NiIsInR5cCI6IkpXVCJ9.eyJlbWFpbCI6InN1cnlhLm5Ac2VtaWNvbm9zLmFpIiwic3ViIjo5NSwicm9sZSI6IkxlYXJuZXIiLCJvcmdJZCI6bnVsbCwidGVhbUlkIjpudWxsLCJhdmFpbGFibGVSb2xlcyI6W10sInNpZCI6ImI5NGVjYzQ3LTQ2MDItNDE5Zi1iMmY0LTViOTk1ODhhZjc2MSIsImlhdCI6MTc4NDc5OTY3MSwiZXhwIjoxNzg1NDA0NDcxfQ.XtqvvgxYi_43mtsjpbElbbWChpvHhFSh_eG6XYLo8oU} @ http://semiconlab-staging-alb-124259420.ap-south-1.elb.amazonaws.com/main.dart.js:55772
[ 3946972ms] [ERROR] Failed to load resource: the server responded with a status of 401 (Unauthorized) @ http://semiconlab-staging-alb-124259420.ap-south-1.elb.amazonaws.com:3000/v1/labs-api/available-labs:0
[ 3946975ms] [LOG] [ApiService] Error: This exception was thrown because the response has a status code of 401 and RequestOptions.validateStatus was configured to throw for this status code.
The status code of 401 has the following meaning: "Client error - the request contains bad syntax or cannot be fulfilled"
Read more about status codes at https://developer.mozilla.org/en-US/docs/Web/HTTP/Status
In order to resolve this exception you typically have either to verify and fix your request code or you have to fix the server code.
 @ http://semiconlab-staging-alb-124259420.ap-south-1.elb.amazonaws.com/main.dart.js:55772
[ 3946975ms] [LOG] [ApiService] Error Type: DioExceptionType.badResponse @ http://semiconlab-staging-alb-124259420.ap-south-1.elb.amazonaws.com/main.dart.js:55772
[ 3946976ms] [LOG] [ApiService] Error Response: {statusCode: 401, timestamp: 2026-07-27T11:46:24.172+05:30, path: /v1/labs-api/available-labs, method: GET, message: Your session has ended or you signed in elsewhere. Please sign in again., error: Unauthorized} @ http://semiconlab-staging-alb-124259420.ap-south-1.elb.amazonaws.com/main.dart.js:55772
[ 3946976ms] [LOG] [ApiService] Request URL: http://semiconlab-staging-alb-124259420.ap-south-1.elb.amazonaws.com:3000/v1/labs-api/available-labs @ http://semiconlab-staging-alb-124259420.ap-south-1.elb.amazonaws.com/main.dart.js:55772
[ 3946976ms] [LOG] [AuthService] getToken() - token exists: true, token length: 327 @ http://semiconlab-staging-alb-124259420.ap-south-1.elb.amazonaws.com/main.dart.js:55772
[ 3946977ms] [LOG] [ApiService] GET Request: /users/95 @ http://semiconlab-staging-alb-124259420.ap-south-1.elb.amazonaws.com/main.dart.js:55772
[ 3946977ms] [LOG] [ApiService] Headers: {Authorization: Bearer eyJhbGciOiJIUzI1NiIsInR5cCI6IkpXVCJ9.eyJlbWFpbCI6InN1cnlhLm5Ac2VtaWNvbm9zLmFpIiwic3ViIjo5NSwicm9sZSI6IkxlYXJuZXIiLCJvcmdJZCI6bnVsbCwidGVhbUlkIjpudWxsLCJhdmFpbGFibGVSb2xlcyI6W10sInNpZCI6ImI5NGVjYzQ3LTQ2MDItNDE5Zi1iMmY0LTViOTk1ODhhZjc2MSIsImlhdCI6MTc4NDc5OTY3MSwiZXhwIjoxNzg1NDA0NDcxfQ.XtqvvgxYi_43mtsjpbElbbWChpvHhFSh_eG6XYLo8oU} @ http://semiconlab-staging-alb-124259420.ap-south-1.elb.amazonaws.com/main.dart.js:55772
[ 3947035ms] [ERROR] Failed to load resource: the server responded with a status of 401 (Unauthorized) @ http://semiconlab-staging-alb-124259420.ap-south-1.elb.amazonaws.com:3000/v1/users/95:0
[ 3947037ms] [LOG] [ApiService] Error: This exception was thrown because the response has a status code of 401 and RequestOptions.validateStatus was configured to throw for this status code.
The status code of 401 has the following meaning: "Client error - the request contains bad syntax or cannot be fulfilled"
Read more about status codes at https://developer.mozilla.org/en-US/docs/Web/HTTP/Status
In order to resolve this exception you typically have either to verify and fix your request code or you have to fix the server code.
 @ http://semiconlab-staging-alb-124259420.ap-south-1.elb.amazonaws.com/main.dart.js:55772
[ 3947038ms] [LOG] [ApiService] Error Type: DioExceptionType.badResponse @ http://semiconlab-staging-alb-124259420.ap-south-1.elb.amazonaws.com/main.dart.js:55772
[ 3947038ms] [LOG] [ApiService] Error Response: {statusCode: 401, timestamp: 2026-07-27T11:46:24.236+05:30, path: /v1/users/95, method: GET, message: Your session has ended or you signed in elsewhere. Please sign in again., error: Unauthorized} @ http://semiconlab-staging-alb-124259420.ap-south-1.elb.amazonaws.com/main.dart.js:55772
[ 3947038ms] [LOG] [ApiService] Request URL: http://semiconlab-staging-alb-124259420.ap-south-1.elb.amazonaws.com:3000/v1/users/95 @ http://semiconlab-staging-alb-124259420.ap-south-1.elb.amazonaws.com/main.dart.js:55772
[ 3947038ms] [LOG] [LabHoursLiveSync] profile pool merge failed: Exception: Error fetching user profile: Your session has ended or you signed in elsewhere. Please sign in again. @ http://semiconlab-staging-alb-124259420.ap-south-1.elb.amazonaws.com/main.dart.js:55772
[ 4067039ms] [LOG] [AuthService] getToken() - token exists: true, token length: 327 @ http://semiconlab-staging-alb-124259420.ap-south-1.elb.amazonaws.com/main.dart.js:55772
[ 4067040ms] [LOG] [AuthService] getToken() - token exists: true, token length: 327 @ http://semiconlab-staging-alb-124259420.ap-south-1.elb.amazonaws.com/main.dart.js:55772
[ 4067040ms] [LOG] [ApiService] GET Request: labs-api/available-labs @ http://semiconlab-staging-alb-124259420.ap-south-1.elb.amazonaws.com/main.dart.js:55772
[ 4067041ms] [LOG] [ApiService] Headers: {Authorization: Bearer eyJhbGciOiJIUzI1NiIsInR5cCI6IkpXVCJ9.eyJlbWFpbCI6InN1cnlhLm5Ac2VtaWNvbm9zLmFpIiwic3ViIjo5NSwicm9sZSI6IkxlYXJuZXIiLCJvcmdJZCI6bnVsbCwidGVhbUlkIjpudWxsLCJhdmFpbGFibGVSb2xlcyI6W10sInNpZCI6ImI5NGVjYzQ3LTQ2MDItNDE5Zi1iMmY0LTViOTk1ODhhZjc2MSIsImlhdCI6MTc4NDc5OTY3MSwiZXhwIjoxNzg1NDA0NDcxfQ.XtqvvgxYi_43mtsjpbElbbWChpvHhFSh_eG6XYLo8oU} @ http://semiconlab-staging-alb-124259420.ap-south-1.elb.amazonaws.com/main.dart.js:55772
[ 4067282ms] [ERROR] Failed to load resource: the server responded with a status of 401 (Unauthorized) @ http://semiconlab-staging-alb-124259420.ap-south-1.elb.amazonaws.com:3000/v1/labs-api/available-labs:0
[ 4067284ms] [LOG] [ApiService] Error: This exception was thrown because the response has a status code of 401 and RequestOptions.validateStatus was configured to throw for this status code.
The status code of 401 has the following meaning: "Client error - the request contains bad syntax or cannot be fulfilled"
Read more about status codes at https://developer.mozilla.org/en-US/docs/Web/HTTP/Status
In order to resolve this exception you typically have either to verify and fix your request code or you have to fix the server code.
 @ http://semiconlab-staging-alb-124259420.ap-south-1.elb.amazonaws.com/main.dart.js:55772
[ 4067285ms] [LOG] [ApiService] Error Type: DioExceptionType.badResponse @ http://semiconlab-staging-alb-124259420.ap-south-1.elb.amazonaws.com/main.dart.js:55772
[ 4067285ms] [LOG] [ApiService] Error Response: {statusCode: 401, timestamp: 2026-07-27T11:48:24.490+05:30, path: /v1/labs-api/available-labs, method: GET, message: Your session has ended or you signed in elsewhere. Please sign in again., error: Unauthorized} @ http://semiconlab-staging-alb-124259420.ap-south-1.elb.amazonaws.com/main.dart.js:55772
[ 4067285ms] [LOG] [ApiService] Request URL: http://semiconlab-staging-alb-124259420.ap-south-1.elb.amazonaws.com:3000/v1/labs-api/available-labs @ http://semiconlab-staging-alb-124259420.ap-south-1.elb.amazonaws.com/main.dart.js:55772
[ 4067285ms] [LOG] [AuthService] getToken() - token exists: true, token length: 327 @ http://semiconlab-staging-alb-124259420.ap-south-1.elb.amazonaws.com/main.dart.js:55772
[ 4067286ms] [LOG] [ApiService] GET Request: /users/95 @ http://semiconlab-staging-alb-124259420.ap-south-1.elb.amazonaws.com/main.dart.js:55772
[ 4067286ms] [LOG] [ApiService] Headers: {Authorization: Bearer eyJhbGciOiJIUzI1NiIsInR5cCI6IkpXVCJ9.eyJlbWFpbCI6InN1cnlhLm5Ac2VtaWNvbm9zLmFpIiwic3ViIjo5NSwicm9sZSI6IkxlYXJuZXIiLCJvcmdJZCI6bnVsbCwidGVhbUlkIjpudWxsLCJhdmFpbGFibGVSb2xlcyI6W10sInNpZCI6ImI5NGVjYzQ3LTQ2MDItNDE5Zi1iMmY0LTViOTk1ODhhZjc2MSIsImlhdCI6MTc4NDc5OTY3MSwiZXhwIjoxNzg1NDA0NDcxfQ.XtqvvgxYi_43mtsjpbElbbWChpvHhFSh_eG6XYLo8oU} @ http://semiconlab-staging-alb-124259420.ap-south-1.elb.amazonaws.com/main.dart.js:55772
[ 4067347ms] [ERROR] Failed to load resource: the server responded with a status of 401 (Unauthorized) @ http://semiconlab-staging-alb-124259420.ap-south-1.elb.amazonaws.com:3000/v1/users/95:0
[ 4067350ms] [LOG] [ApiService] Error: This exception was thrown because the response has a status code of 401 and RequestOptions.validateStatus was configured to throw for this status code.
The status code of 401 has the following meaning: "Client error - the request contains bad syntax or cannot be fulfilled"
Read more about status codes at https://developer.mozilla.org/en-US/docs/Web/HTTP/Status
In order to resolve this exception you typically have either to verify and fix your request code or you have to fix the server code.
 @ http://semiconlab-staging-alb-124259420.ap-south-1.elb.amazonaws.com/main.dart.js:55772
[ 4067350ms] [LOG] [ApiService] Error Type: DioExceptionType.badResponse @ http://semiconlab-staging-alb-124259420.ap-south-1.elb.amazonaws.com/main.dart.js:55772
[ 4067350ms] [LOG] [ApiService] Error Response: {statusCode: 401, timestamp: 2026-07-27T11:48:24.556+05:30, path: /v1/users/95, method: GET, message: Your session has ended or you signed in elsewhere. Please sign in again., error: Unauthorized} @ http://semiconlab-staging-alb-124259420.ap-south-1.elb.amazonaws.com/main.dart.js:55772
[ 4067350ms] [LOG] [ApiService] Request URL: http://semiconlab-staging-alb-124259420.ap-south-1.elb.amazonaws.com:3000/v1/users/95 @ http://semiconlab-staging-alb-124259420.ap-south-1.elb.amazonaws.com/main.dart.js:55772
[ 4067351ms] [LOG] [LabHoursLiveSync] profile pool merge failed: Exception: Error fetching user profile: Your session has ended or you signed in elsewhere. Please sign in again. @ http://semiconlab-staging-alb-124259420.ap-south-1.elb.amazonaws.com/main.dart.js:55772
[ 4187352ms] [LOG] [AuthService] getToken() - token exists: true, token length: 327 @ http://semiconlab-staging-alb-124259420.ap-south-1.elb.amazonaws.com/main.dart.js:55772
[ 4187352ms] [LOG] [AuthService] getToken() - token exists: true, token length: 327 @ http://semiconlab-staging-alb-124259420.ap-south-1.elb.amazonaws.com/main.dart.js:55772
[ 4187353ms] [LOG] [ApiService] GET Request: labs-api/available-labs @ http://semiconlab-staging-alb-124259420.ap-south-1.elb.amazonaws.com/main.dart.js:55772
[ 4187353ms] [LOG] [ApiService] Headers: {Authorization: Bearer eyJhbGciOiJIUzI1NiIsInR5cCI6IkpXVCJ9.eyJlbWFpbCI6InN1cnlhLm5Ac2VtaWNvbm9zLmFpIiwic3ViIjo5NSwicm9sZSI6IkxlYXJuZXIiLCJvcmdJZCI6bnVsbCwidGVhbUlkIjpudWxsLCJhdmFpbGFibGVSb2xlcyI6W10sInNpZCI6ImI5NGVjYzQ3LTQ2MDItNDE5Zi1iMmY0LTViOTk1ODhhZjc2MSIsImlhdCI6MTc4NDc5OTY3MSwiZXhwIjoxNzg1NDA0NDcxfQ.XtqvvgxYi_43mtsjpbElbbWChpvHhFSh_eG6XYLo8oU} @ http://semiconlab-staging-alb-124259420.ap-south-1.elb.amazonaws.com/main.dart.js:55772
[ 4217368ms] [LOG] [ApiService] Error: The request connection took longer than 0:00:30.000000 and it was aborted. To get rid of this exception, try raising the RequestOptions.connectTimeout above the duration of 0:00:30.000000 or improve the response time of the server. @ http://semiconlab-staging-alb-124259420.ap-south-1.elb.amazonaws.com/main.dart.js:55772
[ 4217368ms] [LOG] [ApiService] Error Type: DioExceptionType.connectionTimeout @ http://semiconlab-staging-alb-124259420.ap-south-1.elb.amazonaws.com/main.dart.js:55772
[ 4217368ms] [LOG] [ApiService] Error Response: null @ http://semiconlab-staging-alb-124259420.ap-south-1.elb.amazonaws.com/main.dart.js:55772
[ 4217368ms] [LOG] [ApiService] Request URL: http://semiconlab-staging-alb-124259420.ap-south-1.elb.amazonaws.com:3000/v1/labs-api/available-labs @ http://semiconlab-staging-alb-124259420.ap-south-1.elb.amazonaws.com/main.dart.js:55772
[ 4217369ms] [LOG] [LabHoursLiveSync] poll failed: Connection timeout. Please check your internet connection. @ http://semiconlab-staging-alb-124259420.ap-south-1.elb.amazonaws.com/main.dart.js:55772
[ 4337369ms] [LOG] [AuthService] getToken() - token exists: true, token length: 327 @ http://semiconlab-staging-alb-124259420.ap-south-1.elb.amazonaws.com/main.dart.js:55772
[ 4337370ms] [LOG] [AuthService] getToken() - token exists: true, token length: 327 @ http://semiconlab-staging-alb-124259420.ap-south-1.elb.amazonaws.com/main.dart.js:55772
[ 4337370ms] [LOG] [ApiService] GET Request: labs-api/available-labs @ http://semiconlab-staging-alb-124259420.ap-south-1.elb.amazonaws.com/main.dart.js:55772
[ 4337371ms] [LOG] [ApiService] Headers: {Authorization: Bearer eyJhbGciOiJIUzI1NiIsInR5cCI6IkpXVCJ9.eyJlbWFpbCI6InN1cnlhLm5Ac2VtaWNvbm9zLmFpIiwic3ViIjo5NSwicm9sZSI6IkxlYXJuZXIiLCJvcmdJZCI6bnVsbCwidGVhbUlkIjpudWxsLCJhdmFpbGFibGVSb2xlcyI6W10sInNpZCI6ImI5NGVjYzQ3LTQ2MDItNDE5Zi1iMmY0LTViOTk1ODhhZjc2MSIsImlhdCI6MTc4NDc5OTY3MSwiZXhwIjoxNzg1NDA0NDcxfQ.XtqvvgxYi_43mtsjpbElbbWChpvHhFSh_eG6XYLo8oU} @ http://semiconlab-staging-alb-124259420.ap-south-1.elb.amazonaws.com/main.dart.js:55772
[ 4337445ms] [ERROR] Failed to load resource: the server responded with a status of 401 (Unauthorized) @ http://semiconlab-staging-alb-124259420.ap-south-1.elb.amazonaws.com:3000/v1/labs-api/available-labs:0
[ 4337448ms] [LOG] [ApiService] Error: This exception was thrown because the response has a status code of 401 and RequestOptions.validateStatus was configured to throw for this status code.
The status code of 401 has the following meaning: "Client error - the request contains bad syntax or cannot be fulfilled"
Read more about status codes at https://developer.mozilla.org/en-US/docs/Web/HTTP/Status
In order to resolve this exception you typically have either to verify and fix your request code or you have to fix the server code.
 @ http://semiconlab-staging-alb-124259420.ap-south-1.elb.amazonaws.com/main.dart.js:55772
[ 4337448ms] [LOG] [ApiService] Error Type: DioExceptionType.badResponse @ http://semiconlab-staging-alb-124259420.ap-south-1.elb.amazonaws.com/main.dart.js:55772
[ 4337448ms] [LOG] [ApiService] Error Response: {statusCode: 401, timestamp: 2026-07-27T11:52:54.652+05:30, path: /v1/labs-api/available-labs, method: GET, message: Your session has ended or you signed in elsewhere. Please sign in again., error: Unauthorized} @ http://semiconlab-staging-alb-124259420.ap-south-1.elb.amazonaws.com/main.dart.js:55772
[ 4337448ms] [LOG] [ApiService] Request URL: http://semiconlab-staging-alb-124259420.ap-south-1.elb.amazonaws.com:3000/v1/labs-api/available-labs @ http://semiconlab-staging-alb-124259420.ap-south-1.elb.amazonaws.com/main.dart.js:55772
[ 4337449ms] [LOG] [AuthService] getToken() - token exists: true, token length: 327 @ http://semiconlab-staging-alb-124259420.ap-south-1.elb.amazonaws.com/main.dart.js:55772
[ 4337449ms] [LOG] [ApiService] GET Request: /users/95 @ http://semiconlab-staging-alb-124259420.ap-south-1.elb.amazonaws.com/main.dart.js:55772
[ 4337449ms] [LOG] [ApiService] Headers: {Authorization: Bearer eyJhbGciOiJIUzI1NiIsInR5cCI6IkpXVCJ9.eyJlbWFpbCI6InN1cnlhLm5Ac2VtaWNvbm9zLmFpIiwic3ViIjo5NSwicm9sZSI6IkxlYXJuZXIiLCJvcmdJZCI6bnVsbCwidGVhbUlkIjpudWxsLCJhdmFpbGFibGVSb2xlcyI6W10sInNpZCI6ImI5NGVjYzQ3LTQ2MDItNDE5Zi1iMmY0LTViOTk1ODhhZjc2MSIsImlhdCI6MTc4NDc5OTY3MSwiZXhwIjoxNzg1NDA0NDcxfQ.XtqvvgxYi_43mtsjpbElbbWChpvHhFSh_eG6XYLo8oU} @ http://semiconlab-staging-alb-124259420.ap-south-1.elb.amazonaws.com/main.dart.js:55772
[ 4337509ms] [ERROR] Failed to load resource: the server responded with a status of 401 (Unauthorized) @ http://semiconlab-staging-alb-124259420.ap-south-1.elb.amazonaws.com:3000/v1/users/95:0
[ 4337511ms] [LOG] [ApiService] Error: This exception was thrown because the response has a status code of 401 and RequestOptions.validateStatus was configured to throw for this status code.
The status code of 401 has the following meaning: "Client error - the request contains bad syntax or cannot be fulfilled"
Read more about status codes at https://developer.mozilla.org/en-US/docs/Web/HTTP/Status
In order to resolve this exception you typically have either to verify and fix your request code or you have to fix the server code.
 @ http://semiconlab-staging-alb-124259420.ap-south-1.elb.amazonaws.com/main.dart.js:55772
[ 4337511ms] [LOG] [ApiService] Error Type: DioExceptionType.badResponse @ http://semiconlab-staging-alb-124259420.ap-south-1.elb.amazonaws.com/main.dart.js:55772
[ 4337512ms] [LOG] [ApiService] Error Response: {statusCode: 401, timestamp: 2026-07-27T11:52:54.711+05:30, path: /v1/users/95, method: GET, message: Your session has ended or you signed in elsewhere. Please sign in again., error: Unauthorized} @ http://semiconlab-staging-alb-124259420.ap-south-1.elb.amazonaws.com/main.dart.js:55772
[ 4337512ms] [LOG] [ApiService] Request URL: http://semiconlab-staging-alb-124259420.ap-south-1.elb.amazonaws.com:3000/v1/users/95 @ http://semiconlab-staging-alb-124259420.ap-south-1.elb.amazonaws.com/main.dart.js:55772
[ 4337512ms] [LOG] [LabHoursLiveSync] profile pool merge failed: Exception: Error fetching user profile: Your session has ended or you signed in elsewhere. Please sign in again. @ http://semiconlab-staging-alb-124259420.ap-south-1.elb.amazonaws.com/main.dart.js:55772
[ 4457513ms] [LOG] [AuthService] getToken() - token exists: true, token length: 327 @ http://semiconlab-staging-alb-124259420.ap-south-1.elb.amazonaws.com/main.dart.js:55772
[ 4457513ms] [LOG] [AuthService] getToken() - token exists: true, token length: 327 @ http://semiconlab-staging-alb-124259420.ap-south-1.elb.amazonaws.com/main.dart.js:55772
[ 4457514ms] [LOG] [ApiService] GET Request: labs-api/available-labs @ http://semiconlab-staging-alb-124259420.ap-south-1.elb.amazonaws.com/main.dart.js:55772
[ 4457514ms] [LOG] [ApiService] Headers: {Authorization: Bearer eyJhbGciOiJIUzI1NiIsInR5cCI6IkpXVCJ9.eyJlbWFpbCI6InN1cnlhLm5Ac2VtaWNvbm9zLmFpIiwic3ViIjo5NSwicm9sZSI6IkxlYXJuZXIiLCJvcmdJZCI6bnVsbCwidGVhbUlkIjpudWxsLCJhdmFpbGFibGVSb2xlcyI6W10sInNpZCI6ImI5NGVjYzQ3LTQ2MDItNDE5Zi1iMmY0LTViOTk1ODhhZjc2MSIsImlhdCI6MTc4NDc5OTY3MSwiZXhwIjoxNzg1NDA0NDcxfQ.XtqvvgxYi_43mtsjpbElbbWChpvHhFSh_eG6XYLo8oU} @ http://semiconlab-staging-alb-124259420.ap-south-1.elb.amazonaws.com/main.dart.js:55772
[ 4487529ms] [LOG] [ApiService] Error: The request connection took longer than 0:00:30.000000 and it was aborted. To get rid of this exception, try raising the RequestOptions.connectTimeout above the duration of 0:00:30.000000 or improve the response time of the server. @ http://semiconlab-staging-alb-124259420.ap-south-1.elb.amazonaws.com/main.dart.js:55772
[ 4487529ms] [LOG] [ApiService] Error Type: DioExceptionType.connectionTimeout @ http://semiconlab-staging-alb-124259420.ap-south-1.elb.amazonaws.com/main.dart.js:55772
[ 4487529ms] [LOG] [ApiService] Error Response: null @ http://semiconlab-staging-alb-124259420.ap-south-1.elb.amazonaws.com/main.dart.js:55772
[ 4487529ms] [LOG] [ApiService] Request URL: http://semiconlab-staging-alb-124259420.ap-south-1.elb.amazonaws.com:3000/v1/labs-api/available-labs @ http://semiconlab-staging-alb-124259420.ap-south-1.elb.amazonaws.com/main.dart.js:55772
[ 4487530ms] [LOG] [LabHoursLiveSync] poll failed: Connection timeout. Please check your internet connection. @ http://semiconlab-staging-alb-124259420.ap-south-1.elb.amazonaws.com/main.dart.js:55772
[ 4607531ms] [LOG] [AuthService] getToken() - token exists: true, token length: 327 @ http://semiconlab-staging-alb-124259420.ap-south-1.elb.amazonaws.com/main.dart.js:55772
[ 4607531ms] [LOG] [AuthService] getToken() - token exists: true, token length: 327 @ http://semiconlab-staging-alb-124259420.ap-south-1.elb.amazonaws.com/main.dart.js:55772
[ 4607531ms] [LOG] [ApiService] GET Request: labs-api/available-labs @ http://semiconlab-staging-alb-124259420.ap-south-1.elb.amazonaws.com/main.dart.js:55772
[ 4607532ms] [LOG] [ApiService] Headers: {Authorization: Bearer eyJhbGciOiJIUzI1NiIsInR5cCI6IkpXVCJ9.eyJlbWFpbCI6InN1cnlhLm5Ac2VtaWNvbm9zLmFpIiwic3ViIjo5NSwicm9sZSI6IkxlYXJuZXIiLCJvcmdJZCI6bnVsbCwidGVhbUlkIjpudWxsLCJhdmFpbGFibGVSb2xlcyI6W10sInNpZCI6ImI5NGVjYzQ3LTQ2MDItNDE5Zi1iMmY0LTViOTk1ODhhZjc2MSIsImlhdCI6MTc4NDc5OTY3MSwiZXhwIjoxNzg1NDA0NDcxfQ.XtqvvgxYi_43mtsjpbElbbWChpvHhFSh_eG6XYLo8oU} @ http://semiconlab-staging-alb-124259420.ap-south-1.elb.amazonaws.com/main.dart.js:55772
[ 4607617ms] [ERROR] Failed to load resource: the server responded with a status of 401 (Unauthorized) @ http://semiconlab-staging-alb-124259420.ap-south-1.elb.amazonaws.com:3000/v1/labs-api/available-labs:0
[ 4607620ms] [LOG] [ApiService] Error: This exception was thrown because the response has a status code of 401 and RequestOptions.validateStatus was configured to throw for this status code.
The status code of 401 has the following meaning: "Client error - the request contains bad syntax or cannot be fulfilled"
Read more about status codes at https://developer.mozilla.org/en-US/docs/Web/HTTP/Status
In order to resolve this exception you typically have either to verify and fix your request code or you have to fix the server code.
 @ http://semiconlab-staging-alb-124259420.ap-south-1.elb.amazonaws.com/main.dart.js:55772
[ 4607620ms] [LOG] [ApiService] Error Type: DioExceptionType.badResponse @ http://semiconlab-staging-alb-124259420.ap-south-1.elb.amazonaws.com/main.dart.js:55772
[ 4607620ms] [LOG] [ApiService] Error Response: {statusCode: 401, timestamp: 2026-07-27T11:57:24.824+05:30, path: /v1/labs-api/available-labs, method: GET, message: Your session has ended or you signed in elsewhere. Please sign in again., error: Unauthorized} @ http://semiconlab-staging-alb-124259420.ap-south-1.elb.amazonaws.com/main.dart.js:55772
[ 4607621ms] [LOG] [ApiService] Request URL: http://semiconlab-staging-alb-124259420.ap-south-1.elb.amazonaws.com:3000/v1/labs-api/available-labs @ http://semiconlab-staging-alb-124259420.ap-south-1.elb.amazonaws.com/main.dart.js:55772
[ 4607621ms] [LOG] [AuthService] getToken() - token exists: true, token length: 327 @ http://semiconlab-staging-alb-124259420.ap-south-1.elb.amazonaws.com/main.dart.js:55772
[ 4607621ms] [LOG] [ApiService] GET Request: /users/95 @ http://semiconlab-staging-alb-124259420.ap-south-1.elb.amazonaws.com/main.dart.js:55772
[ 4607622ms] [LOG] [ApiService] Headers: {Authorization: Bearer eyJhbGciOiJIUzI1NiIsInR5cCI6IkpXVCJ9.eyJlbWFpbCI6InN1cnlhLm5Ac2VtaWNvbm9zLmFpIiwic3ViIjo5NSwicm9sZSI6IkxlYXJuZXIiLCJvcmdJZCI6bnVsbCwidGVhbUlkIjpudWxsLCJhdmFpbGFibGVSb2xlcyI6W10sInNpZCI6ImI5NGVjYzQ3LTQ2MDItNDE5Zi1iMmY0LTViOTk1ODhhZjc2MSIsImlhdCI6MTc4NDc5OTY3MSwiZXhwIjoxNzg1NDA0NDcxfQ.XtqvvgxYi_43mtsjpbElbbWChpvHhFSh_eG6XYLo8oU} @ http://semiconlab-staging-alb-124259420.ap-south-1.elb.amazonaws.com/main.dart.js:55772
[ 4607695ms] [ERROR] Failed to load resource: the server responded with a status of 401 (Unauthorized) @ http://semiconlab-staging-alb-124259420.ap-south-1.elb.amazonaws.com:3000/v1/users/95:0
[ 4607697ms] [LOG] [ApiService] Error: This exception was thrown because the response has a status code of 401 and RequestOptions.validateStatus was configured to throw for this status code.
The status code of 401 has the following meaning: "Client error - the request contains bad syntax or cannot be fulfilled"
Read more about status codes at https://developer.mozilla.org/en-US/docs/Web/HTTP/Status
In order to resolve this exception you typically have either to verify and fix your request code or you have to fix the server code.
 @ http://semiconlab-staging-alb-124259420.ap-south-1.elb.amazonaws.com/main.dart.js:55772
[ 4607697ms] [LOG] [ApiService] Error Type: DioExceptionType.badResponse @ http://semiconlab-staging-alb-124259420.ap-south-1.elb.amazonaws.com/main.dart.js:55772
[ 4607698ms] [LOG] [ApiService] Error Response: {statusCode: 401, timestamp: 2026-07-27T11:57:24.893+05:30, path: /v1/users/95, method: GET, message: Your session has ended or you signed in elsewhere. Please sign in again., error: Unauthorized} @ http://semiconlab-staging-alb-124259420.ap-south-1.elb.amazonaws.com/main.dart.js:55772
[ 4607698ms] [LOG] [ApiService] Request URL: http://semiconlab-staging-alb-124259420.ap-south-1.elb.amazonaws.com:3000/v1/users/95 @ http://semiconlab-staging-alb-124259420.ap-south-1.elb.amazonaws.com/main.dart.js:55772
[ 4607698ms] [LOG] [LabHoursLiveSync] profile pool merge failed: Exception: Error fetching user profile: Your session has ended or you signed in elsewhere. Please sign in again. @ http://semiconlab-staging-alb-124259420.ap-south-1.elb.amazonaws.com/main.dart.js:55772
[ 4727699ms] [LOG] [AuthService] getToken() - token exists: true, token length: 327 @ http://semiconlab-staging-alb-124259420.ap-south-1.elb.amazonaws.com/main.dart.js:55772
[ 4727700ms] [LOG] [AuthService] getToken() - token exists: true, token length: 327 @ http://semiconlab-staging-alb-124259420.ap-south-1.elb.amazonaws.com/main.dart.js:55772
[ 4727700ms] [LOG] [ApiService] GET Request: labs-api/available-labs @ http://semiconlab-staging-alb-124259420.ap-south-1.elb.amazonaws.com/main.dart.js:55772
[ 4727701ms] [LOG] [ApiService] Headers: {Authorization: Bearer eyJhbGciOiJIUzI1NiIsInR5cCI6IkpXVCJ9.eyJlbWFpbCI6InN1cnlhLm5Ac2VtaWNvbm9zLmFpIiwic3ViIjo5NSwicm9sZSI6IkxlYXJuZXIiLCJvcmdJZCI6bnVsbCwidGVhbUlkIjpudWxsLCJhdmFpbGFibGVSb2xlcyI6W10sInNpZCI6ImI5NGVjYzQ3LTQ2MDItNDE5Zi1iMmY0LTViOTk1ODhhZjc2MSIsImlhdCI6MTc4NDc5OTY3MSwiZXhwIjoxNzg1NDA0NDcxfQ.XtqvvgxYi_43mtsjpbElbbWChpvHhFSh_eG6XYLo8oU} @ http://semiconlab-staging-alb-124259420.ap-south-1.elb.amazonaws.com/main.dart.js:55772
[ 4757716ms] [LOG] [ApiService] Error: The request connection took longer than 0:00:30.000000 and it was aborted. To get rid of this exception, try raising the RequestOptions.connectTimeout above the duration of 0:00:30.000000 or improve the response time of the server. @ http://semiconlab-staging-alb-124259420.ap-south-1.elb.amazonaws.com/main.dart.js:55772
[ 4757716ms] [LOG] [ApiService] Error Type: DioExceptionType.connectionTimeout @ http://semiconlab-staging-alb-124259420.ap-south-1.elb.amazonaws.com/main.dart.js:55772
[ 4757716ms] [LOG] [ApiService] Error Response: null @ http://semiconlab-staging-alb-124259420.ap-south-1.elb.amazonaws.com/main.dart.js:55772
[ 4757716ms] [LOG] [ApiService] Request URL: http://semiconlab-staging-alb-124259420.ap-south-1.elb.amazonaws.com:3000/v1/labs-api/available-labs @ http://semiconlab-staging-alb-124259420.ap-south-1.elb.amazonaws.com/main.dart.js:55772
[ 4757717ms] [LOG] [LabHoursLiveSync] poll failed: Connection timeout. Please check your internet connection. @ http://semiconlab-staging-alb-124259420.ap-south-1.elb.amazonaws.com/main.dart.js:55772
[ 4877718ms] [LOG] [AuthService] getToken() - token exists: true, token length: 327 @ http://semiconlab-staging-alb-124259420.ap-south-1.elb.amazonaws.com/main.dart.js:55772
[ 4877718ms] [LOG] [AuthService] getToken() - token exists: true, token length: 327 @ http://semiconlab-staging-alb-124259420.ap-south-1.elb.amazonaws.com/main.dart.js:55772
[ 4877719ms] [LOG] [ApiService] GET Request: labs-api/available-labs @ http://semiconlab-staging-alb-124259420.ap-south-1.elb.amazonaws.com/main.dart.js:55772
[ 4877719ms] [LOG] [ApiService] Headers: {Authorization: Bearer eyJhbGciOiJIUzI1NiIsInR5cCI6IkpXVCJ9.eyJlbWFpbCI6InN1cnlhLm5Ac2VtaWNvbm9zLmFpIiwic3ViIjo5NSwicm9sZSI6IkxlYXJuZXIiLCJvcmdJZCI6bnVsbCwidGVhbUlkIjpudWxsLCJhdmFpbGFibGVSb2xlcyI6W10sInNpZCI6ImI5NGVjYzQ3LTQ2MDItNDE5Zi1iMmY0LTViOTk1ODhhZjc2MSIsImlhdCI6MTc4NDc5OTY3MSwiZXhwIjoxNzg1NDA0NDcxfQ.XtqvvgxYi_43mtsjpbElbbWChpvHhFSh_eG6XYLo8oU} @ http://semiconlab-staging-alb-124259420.ap-south-1.elb.amazonaws.com/main.dart.js:55772
[ 4877791ms] [ERROR] Failed to load resource: the server responded with a status of 401 (Unauthorized) @ http://semiconlab-staging-alb-124259420.ap-south-1.elb.amazonaws.com:3000/v1/labs-api/available-labs:0
[ 4877793ms] [LOG] [ApiService] Error: This exception was thrown because the response has a status code of 401 and RequestOptions.validateStatus was configured to throw for this status code.
The status code of 401 has the following meaning: "Client error - the request contains bad syntax or cannot be fulfilled"
Read more about status codes at https://developer.mozilla.org/en-US/docs/Web/HTTP/Status
In order to resolve this exception you typically have either to verify and fix your request code or you have to fix the server code.
 @ http://semiconlab-staging-alb-124259420.ap-south-1.elb.amazonaws.com/main.dart.js:55772
[ 4877793ms] [LOG] [ApiService] Error Type: DioExceptionType.badResponse @ http://semiconlab-staging-alb-124259420.ap-south-1.elb.amazonaws.com/main.dart.js:55772
[ 4877793ms] [LOG] [ApiService] Error Response: {statusCode: 401, timestamp: 2026-07-27T12:01:54.998+05:30, path: /v1/labs-api/available-labs, method: GET, message: Your session has ended or you signed in elsewhere. Please sign in again., error: Unauthorized} @ http://semiconlab-staging-alb-124259420.ap-south-1.elb.amazonaws.com/main.dart.js:55772
[ 4877794ms] [LOG] [ApiService] Request URL: http://semiconlab-staging-alb-124259420.ap-south-1.elb.amazonaws.com:3000/v1/labs-api/available-labs @ http://semiconlab-staging-alb-124259420.ap-south-1.elb.amazonaws.com/main.dart.js:55772
[ 4877794ms] [LOG] [AuthService] getToken() - token exists: true, token length: 327 @ http://semiconlab-staging-alb-124259420.ap-south-1.elb.amazonaws.com/main.dart.js:55772
[ 4877794ms] [LOG] [ApiService] GET Request: /users/95 @ http://semiconlab-staging-alb-124259420.ap-south-1.elb.amazonaws.com/main.dart.js:55772
[ 4877795ms] [LOG] [ApiService] Headers: {Authorization: Bearer eyJhbGciOiJIUzI1NiIsInR5cCI6IkpXVCJ9.eyJlbWFpbCI6InN1cnlhLm5Ac2VtaWNvbm9zLmFpIiwic3ViIjo5NSwicm9sZSI6IkxlYXJuZXIiLCJvcmdJZCI6bnVsbCwidGVhbUlkIjpudWxsLCJhdmFpbGFibGVSb2xlcyI6W10sInNpZCI6ImI5NGVjYzQ3LTQ2MDItNDE5Zi1iMmY0LTViOTk1ODhhZjc2MSIsImlhdCI6MTc4NDc5OTY3MSwiZXhwIjoxNzg1NDA0NDcxfQ.XtqvvgxYi_43mtsjpbElbbWChpvHhFSh_eG6XYLo8oU} @ http://semiconlab-staging-alb-124259420.ap-south-1.elb.amazonaws.com/main.dart.js:55772
[ 4877843ms] [ERROR] Failed to load resource: the server responded with a status of 401 (Unauthorized) @ http://semiconlab-staging-alb-124259420.ap-south-1.elb.amazonaws.com:3000/v1/users/95:0
[ 4877845ms] [LOG] [ApiService] Error: This exception was thrown because the response has a status code of 401 and RequestOptions.validateStatus was configured to throw for this status code.
The status code of 401 has the following meaning: "Client error - the request contains bad syntax or cannot be fulfilled"
Read more about status codes at https://developer.mozilla.org/en-US/docs/Web/HTTP/Status
In order to resolve this exception you typically have either to verify and fix your request code or you have to fix the server code.
 @ http://semiconlab-staging-alb-124259420.ap-south-1.elb.amazonaws.com/main.dart.js:55772
[ 4877845ms] [LOG] [ApiService] Error Type: DioExceptionType.badResponse @ http://semiconlab-staging-alb-124259420.ap-south-1.elb.amazonaws.com/main.dart.js:55772
[ 4877845ms] [LOG] [ApiService] Error Response: {statusCode: 401, timestamp: 2026-07-27T12:01:55.051+05:30, path: /v1/users/95, method: GET, message: Your session has ended or you signed in elsewhere. Please sign in again., error: Unauthorized} @ http://semiconlab-staging-alb-124259420.ap-south-1.elb.amazonaws.com/main.dart.js:55772
[ 4877845ms] [LOG] [ApiService] Request URL: http://semiconlab-staging-alb-124259420.ap-south-1.elb.amazonaws.com:3000/v1/users/95 @ http://semiconlab-staging-alb-124259420.ap-south-1.elb.amazonaws.com/main.dart.js:55772
[ 4877846ms] [LOG] [LabHoursLiveSync] profile pool merge failed: Exception: Error fetching user profile: Your session has ended or you signed in elsewhere. Please sign in again. @ http://semiconlab-staging-alb-124259420.ap-south-1.elb.amazonaws.com/main.dart.js:55772
[ 4997847ms] [LOG] [AuthService] getToken() - token exists: true, token length: 327 @ http://semiconlab-staging-alb-124259420.ap-south-1.elb.amazonaws.com/main.dart.js:55772
[ 4997847ms] [LOG] [AuthService] getToken() - token exists: true, token length: 327 @ http://semiconlab-staging-alb-124259420.ap-south-1.elb.amazonaws.com/main.dart.js:55772
[ 4997847ms] [LOG] [ApiService] GET Request: labs-api/available-labs @ http://semiconlab-staging-alb-124259420.ap-south-1.elb.amazonaws.com/main.dart.js:55772
[ 4997848ms] [LOG] [ApiService] Headers: {Authorization: Bearer eyJhbGciOiJIUzI1NiIsInR5cCI6IkpXVCJ9.eyJlbWFpbCI6InN1cnlhLm5Ac2VtaWNvbm9zLmFpIiwic3ViIjo5NSwicm9sZSI6IkxlYXJuZXIiLCJvcmdJZCI6bnVsbCwidGVhbUlkIjpudWxsLCJhdmFpbGFibGVSb2xlcyI6W10sInNpZCI6ImI5NGVjYzQ3LTQ2MDItNDE5Zi1iMmY0LTViOTk1ODhhZjc2MSIsImlhdCI6MTc4NDc5OTY3MSwiZXhwIjoxNzg1NDA0NDcxfQ.XtqvvgxYi_43mtsjpbElbbWChpvHhFSh_eG6XYLo8oU} @ http://semiconlab-staging-alb-124259420.ap-south-1.elb.amazonaws.com/main.dart.js:55772
[ 5027862ms] [LOG] [ApiService] Error: The request connection took longer than 0:00:30.000000 and it was aborted. To get rid of this exception, try raising the RequestOptions.connectTimeout above the duration of 0:00:30.000000 or improve the response time of the server. @ http://semiconlab-staging-alb-124259420.ap-south-1.elb.amazonaws.com/main.dart.js:55772
[ 5027862ms] [LOG] [ApiService] Error Type: DioExceptionType.connectionTimeout @ http://semiconlab-staging-alb-124259420.ap-south-1.elb.amazonaws.com/main.dart.js:55772
[ 5027862ms] [LOG] [ApiService] Error Response: null @ http://semiconlab-staging-alb-124259420.ap-south-1.elb.amazonaws.com/main.dart.js:55772
[ 5027863ms] [LOG] [ApiService] Request URL: http://semiconlab-staging-alb-124259420.ap-south-1.elb.amazonaws.com:3000/v1/labs-api/available-labs @ http://semiconlab-staging-alb-124259420.ap-south-1.elb.amazonaws.com/main.dart.js:55772
[ 5027863ms] [LOG] [LabHoursLiveSync] poll failed: Connection timeout. Please check your internet connection. @ http://semiconlab-staging-alb-124259420.ap-south-1.elb.amazonaws.com/main.dart.js:55772
[ 5147864ms] [LOG] [AuthService] getToken() - token exists: true, token length: 327 @ http://semiconlab-staging-alb-124259420.ap-south-1.elb.amazonaws.com/main.dart.js:55772
[ 5147865ms] [LOG] [AuthService] getToken() - token exists: true, token length: 327 @ http://semiconlab-staging-alb-124259420.ap-south-1.elb.amazonaws.com/main.dart.js:55772
[ 5147865ms] [LOG] [ApiService] GET Request: labs-api/available-labs @ http://semiconlab-staging-alb-124259420.ap-south-1.elb.amazonaws.com/main.dart.js:55772
[ 5147865ms] [LOG] [ApiService] Headers: {Authorization: Bearer eyJhbGciOiJIUzI1NiIsInR5cCI6IkpXVCJ9.eyJlbWFpbCI6InN1cnlhLm5Ac2VtaWNvbm9zLmFpIiwic3ViIjo5NSwicm9sZSI6IkxlYXJuZXIiLCJvcmdJZCI6bnVsbCwidGVhbUlkIjpudWxsLCJhdmFpbGFibGVSb2xlcyI6W10sInNpZCI6ImI5NGVjYzQ3LTQ2MDItNDE5Zi1iMmY0LTViOTk1ODhhZjc2MSIsImlhdCI6MTc4NDc5OTY3MSwiZXhwIjoxNzg1NDA0NDcxfQ.XtqvvgxYi_43mtsjpbElbbWChpvHhFSh_eG6XYLo8oU} @ http://semiconlab-staging-alb-124259420.ap-south-1.elb.amazonaws.com/main.dart.js:55772
[ 5147949ms] [ERROR] Failed to load resource: the server responded with a status of 401 (Unauthorized) @ http://semiconlab-staging-alb-124259420.ap-south-1.elb.amazonaws.com:3000/v1/labs-api/available-labs:0
[ 5147952ms] [LOG] [ApiService] Error: This exception was thrown because the response has a status code of 401 and RequestOptions.validateStatus was configured to throw for this status code.
The status code of 401 has the following meaning: "Client error - the request contains bad syntax or cannot be fulfilled"
Read more about status codes at https://developer.mozilla.org/en-US/docs/Web/HTTP/Status
In order to resolve this exception you typically have either to verify and fix your request code or you have to fix the server code.
 @ http://semiconlab-staging-alb-124259420.ap-south-1.elb.amazonaws.com/main.dart.js:55772
[ 5147952ms] [LOG] [ApiService] Error Type: DioExceptionType.badResponse @ http://semiconlab-staging-alb-124259420.ap-south-1.elb.amazonaws.com/main.dart.js:55772
[ 5147952ms] [LOG] [ApiService] Error Response: {statusCode: 401, timestamp: 2026-07-27T12:06:25.151+05:30, path: /v1/labs-api/available-labs, method: GET, message: Your session has ended or you signed in elsewhere. Please sign in again., error: Unauthorized} @ http://semiconlab-staging-alb-124259420.ap-south-1.elb.amazonaws.com/main.dart.js:55772
[ 5147953ms] [LOG] [ApiService] Request URL: http://semiconlab-staging-alb-124259420.ap-south-1.elb.amazonaws.com:3000/v1/labs-api/available-labs @ http://semiconlab-staging-alb-124259420.ap-south-1.elb.amazonaws.com/main.dart.js:55772
[ 5147953ms] [LOG] [AuthService] getToken() - token exists: true, token length: 327 @ http://semiconlab-staging-alb-124259420.ap-south-1.elb.amazonaws.com/main.dart.js:55772
[ 5147953ms] [LOG] [ApiService] GET Request: /users/95 @ http://semiconlab-staging-alb-124259420.ap-south-1.elb.amazonaws.com/main.dart.js:55772
[ 5147953ms] [LOG] [ApiService] Headers: {Authorization: Bearer eyJhbGciOiJIUzI1NiIsInR5cCI6IkpXVCJ9.eyJlbWFpbCI6InN1cnlhLm5Ac2VtaWNvbm9zLmFpIiwic3ViIjo5NSwicm9sZSI6IkxlYXJuZXIiLCJvcmdJZCI6bnVsbCwidGVhbUlkIjpudWxsLCJhdmFpbGFibGVSb2xlcyI6W10sInNpZCI6ImI5NGVjYzQ3LTQ2MDItNDE5Zi1iMmY0LTViOTk1ODhhZjc2MSIsImlhdCI6MTc4NDc5OTY3MSwiZXhwIjoxNzg1NDA0NDcxfQ.XtqvvgxYi_43mtsjpbElbbWChpvHhFSh_eG6XYLo8oU} @ http://semiconlab-staging-alb-124259420.ap-south-1.elb.amazonaws.com/main.dart.js:55772
[ 5148005ms] [ERROR] Failed to load resource: the server responded with a status of 401 (Unauthorized) @ http://semiconlab-staging-alb-124259420.ap-south-1.elb.amazonaws.com:3000/v1/users/95:0
[ 5148006ms] [LOG] [ApiService] Error: This exception was thrown because the response has a status code of 401 and RequestOptions.validateStatus was configured to throw for this status code.
The status code of 401 has the following meaning: "Client error - the request contains bad syntax or cannot be fulfilled"
Read more about status codes at https://developer.mozilla.org/en-US/docs/Web/HTTP/Status
In order to resolve this exception you typically have either to verify and fix your request code or you have to fix the server code.
 @ http://semiconlab-staging-alb-124259420.ap-south-1.elb.amazonaws.com/main.dart.js:55772
[ 5148006ms] [LOG] [ApiService] Error Type: DioExceptionType.badResponse @ http://semiconlab-staging-alb-124259420.ap-south-1.elb.amazonaws.com/main.dart.js:55772
[ 5148007ms] [LOG] [ApiService] Error Response: {statusCode: 401, timestamp: 2026-07-27T12:06:25.213+05:30, path: /v1/users/95, method: GET, message: Your session has ended or you signed in elsewhere. Please sign in again., error: Unauthorized} @ http://semiconlab-staging-alb-124259420.ap-south-1.elb.amazonaws.com/main.dart.js:55772
[ 5148007ms] [LOG] [ApiService] Request URL: http://semiconlab-staging-alb-124259420.ap-south-1.elb.amazonaws.com:3000/v1/users/95 @ http://semiconlab-staging-alb-124259420.ap-south-1.elb.amazonaws.com/main.dart.js:55772
[ 5148007ms] [LOG] [LabHoursLiveSync] profile pool merge failed: Exception: Error fetching user profile: Your session has ended or you signed in elsewhere. Please sign in again. @ http://semiconlab-staging-alb-124259420.ap-south-1.elb.amazonaws.com/main.dart.js:55772
[ 5268008ms] [LOG] [AuthService] getToken() - token exists: true, token length: 327 @ http://semiconlab-staging-alb-124259420.ap-south-1.elb.amazonaws.com/main.dart.js:55772
[ 5268009ms] [LOG] [AuthService] getToken() - token exists: true, token length: 327 @ http://semiconlab-staging-alb-124259420.ap-south-1.elb.amazonaws.com/main.dart.js:55772
[ 5268009ms] [LOG] [ApiService] GET Request: labs-api/available-labs @ http://semiconlab-staging-alb-124259420.ap-south-1.elb.amazonaws.com/main.dart.js:55772
[ 5268010ms] [LOG] [ApiService] Headers: {Authorization: Bearer eyJhbGciOiJIUzI1NiIsInR5cCI6IkpXVCJ9.eyJlbWFpbCI6InN1cnlhLm5Ac2VtaWNvbm9zLmFpIiwic3ViIjo5NSwicm9sZSI6IkxlYXJuZXIiLCJvcmdJZCI6bnVsbCwidGVhbUlkIjpudWxsLCJhdmFpbGFibGVSb2xlcyI6W10sInNpZCI6ImI5NGVjYzQ3LTQ2MDItNDE5Zi1iMmY0LTViOTk1ODhhZjc2MSIsImlhdCI6MTc4NDc5OTY3MSwiZXhwIjoxNzg1NDA0NDcxfQ.XtqvvgxYi_43mtsjpbElbbWChpvHhFSh_eG6XYLo8oU} @ http://semiconlab-staging-alb-124259420.ap-south-1.elb.amazonaws.com/main.dart.js:55772
[ 5268210ms] [ERROR] Failed to load resource: the server responded with a status of 401 (Unauthorized) @ http://semiconlab-staging-alb-124259420.ap-south-1.elb.amazonaws.com:3000/v1/labs-api/available-labs:0
[ 5268214ms] [LOG] [ApiService] Error: This exception was thrown because the response has a status code of 401 and RequestOptions.validateStatus was configured to throw for this status code.
The status code of 401 has the following meaning: "Client error - the request contains bad syntax or cannot be fulfilled"
Read more about status codes at https://developer.mozilla.org/en-US/docs/Web/HTTP/Status
In order to resolve this exception you typically have either to verify and fix your request code or you have to fix the server code.
 @ http://semiconlab-staging-alb-124259420.ap-south-1.elb.amazonaws.com/main.dart.js:55772
[ 5268215ms] [LOG] [ApiService] Error Type: DioExceptionType.badResponse @ http://semiconlab-staging-alb-124259420.ap-south-1.elb.amazonaws.com/main.dart.js:55772
[ 5268215ms] [LOG] [ApiService] Error Response: {statusCode: 401, timestamp: 2026-07-27T12:08:25.412+05:30, path: /v1/labs-api/available-labs, method: GET, message: Your session has ended or you signed in elsewhere. Please sign in again., error: Unauthorized} @ http://semiconlab-staging-alb-124259420.ap-south-1.elb.amazonaws.com/main.dart.js:55772
[ 5268215ms] [LOG] [ApiService] Request URL: http://semiconlab-staging-alb-124259420.ap-south-1.elb.amazonaws.com:3000/v1/labs-api/available-labs @ http://semiconlab-staging-alb-124259420.ap-south-1.elb.amazonaws.com/main.dart.js:55772
[ 5268216ms] [LOG] [AuthService] getToken() - token exists: true, token length: 327 @ http://semiconlab-staging-alb-124259420.ap-south-1.elb.amazonaws.com/main.dart.js:55772
[ 5268216ms] [LOG] [ApiService] GET Request: /users/95 @ http://semiconlab-staging-alb-124259420.ap-south-1.elb.amazonaws.com/main.dart.js:55772
[ 5268216ms] [LOG] [ApiService] Headers: {Authorization: Bearer eyJhbGciOiJIUzI1NiIsInR5cCI6IkpXVCJ9.eyJlbWFpbCI6InN1cnlhLm5Ac2VtaWNvbm9zLmFpIiwic3ViIjo5NSwicm9sZSI6IkxlYXJuZXIiLCJvcmdJZCI6bnVsbCwidGVhbUlkIjpudWxsLCJhdmFpbGFibGVSb2xlcyI6W10sInNpZCI6ImI5NGVjYzQ3LTQ2MDItNDE5Zi1iMmY0LTViOTk1ODhhZjc2MSIsImlhdCI6MTc4NDc5OTY3MSwiZXhwIjoxNzg1NDA0NDcxfQ.XtqvvgxYi_43mtsjpbElbbWChpvHhFSh_eG6XYLo8oU} @ http://semiconlab-staging-alb-124259420.ap-south-1.elb.amazonaws.com/main.dart.js:55772
[ 5268275ms] [ERROR] Failed to load resource: the server responded with a status of 401 (Unauthorized) @ http://semiconlab-staging-alb-124259420.ap-south-1.elb.amazonaws.com:3000/v1/users/95:0
[ 5268278ms] [LOG] [ApiService] Error: This exception was thrown because the response has a status code of 401 and RequestOptions.validateStatus was configured to throw for this status code.
The status code of 401 has the following meaning: "Client error - the request contains bad syntax or cannot be fulfilled"
Read more about status codes at https://developer.mozilla.org/en-US/docs/Web/HTTP/Status
In order to resolve this exception you typically have either to verify and fix your request code or you have to fix the server code.
 @ http://semiconlab-staging-alb-124259420.ap-south-1.elb.amazonaws.com/main.dart.js:55772
[ 5268278ms] [LOG] [ApiService] Error Type: DioExceptionType.badResponse @ http://semiconlab-staging-alb-124259420.ap-south-1.elb.amazonaws.com/main.dart.js:55772
[ 5268278ms] [LOG] [ApiService] Error Response: {statusCode: 401, timestamp: 2026-07-27T12:08:25.476+05:30, path: /v1/users/95, method: GET, message: Your session has ended or you signed in elsewhere. Please sign in again., error: Unauthorized} @ http://semiconlab-staging-alb-124259420.ap-south-1.elb.amazonaws.com/main.dart.js:55772
[ 5268279ms] [LOG] [ApiService] Request URL: http://semiconlab-staging-alb-124259420.ap-south-1.elb.amazonaws.com:3000/v1/users/95 @ http://semiconlab-staging-alb-124259420.ap-south-1.elb.amazonaws.com/main.dart.js:55772
[ 5268279ms] [LOG] [LabHoursLiveSync] profile pool merge failed: Exception: Error fetching user profile: Your session has ended or you signed in elsewhere. Please sign in again. @ http://semiconlab-staging-alb-124259420.ap-south-1.elb.amazonaws.com/main.dart.js:55772
[ 5388281ms] [LOG] [AuthService] getToken() - token exists: true, token length: 327 @ http://semiconlab-staging-alb-124259420.ap-south-1.elb.amazonaws.com/main.dart.js:55772
[ 5388281ms] [LOG] [AuthService] getToken() - token exists: true, token length: 327 @ http://semiconlab-staging-alb-124259420.ap-south-1.elb.amazonaws.com/main.dart.js:55772
[ 5388281ms] [LOG] [ApiService] GET Request: labs-api/available-labs @ http://semiconlab-staging-alb-124259420.ap-south-1.elb.amazonaws.com/main.dart.js:55772
[ 5388282ms] [LOG] [ApiService] Headers: {Authorization: Bearer eyJhbGciOiJIUzI1NiIsInR5cCI6IkpXVCJ9.eyJlbWFpbCI6InN1cnlhLm5Ac2VtaWNvbm9zLmFpIiwic3ViIjo5NSwicm9sZSI6IkxlYXJuZXIiLCJvcmdJZCI6bnVsbCwidGVhbUlkIjpudWxsLCJhdmFpbGFibGVSb2xlcyI6W10sInNpZCI6ImI5NGVjYzQ3LTQ2MDItNDE5Zi1iMmY0LTViOTk1ODhhZjc2MSIsImlhdCI6MTc4NDc5OTY3MSwiZXhwIjoxNzg1NDA0NDcxfQ.XtqvvgxYi_43mtsjpbElbbWChpvHhFSh_eG6XYLo8oU} @ http://semiconlab-staging-alb-124259420.ap-south-1.elb.amazonaws.com/main.dart.js:55772
[ 5418296ms] [LOG] [ApiService] Error: The request connection took longer than 0:00:30.000000 and it was aborted. To get rid of this exception, try raising the RequestOptions.connectTimeout above the duration of 0:00:30.000000 or improve the response time of the server. @ http://semiconlab-staging-alb-124259420.ap-south-1.elb.amazonaws.com/main.dart.js:55772
[ 5418296ms] [LOG] [ApiService] Error Type: DioExceptionType.connectionTimeout @ http://semiconlab-staging-alb-124259420.ap-south-1.elb.amazonaws.com/main.dart.js:55772
[ 5418297ms] [LOG] [ApiService] Error Response: null @ http://semiconlab-staging-alb-124259420.ap-south-1.elb.amazonaws.com/main.dart.js:55772
[ 5418297ms] [LOG] [ApiService] Request URL: http://semiconlab-staging-alb-124259420.ap-south-1.elb.amazonaws.com:3000/v1/labs-api/available-labs @ http://semiconlab-staging-alb-124259420.ap-south-1.elb.amazonaws.com/main.dart.js:55772
[ 5418297ms] [LOG] [LabHoursLiveSync] poll failed: Connection timeout. Please check your internet connection. @ http://semiconlab-staging-alb-124259420.ap-south-1.elb.amazonaws.com/main.dart.js:55772
[ 5538298ms] [LOG] [AuthService] getToken() - token exists: true, token length: 327 @ http://semiconlab-staging-alb-124259420.ap-south-1.elb.amazonaws.com/main.dart.js:55772
[ 5538298ms] [LOG] [AuthService] getToken() - token exists: true, token length: 327 @ http://semiconlab-staging-alb-124259420.ap-south-1.elb.amazonaws.com/main.dart.js:55772
[ 5538299ms] [LOG] [ApiService] GET Request: labs-api/available-labs @ http://semiconlab-staging-alb-124259420.ap-south-1.elb.amazonaws.com/main.dart.js:55772
[ 5538299ms] [LOG] [ApiService] Headers: {Authorization: Bearer eyJhbGciOiJIUzI1NiIsInR5cCI6IkpXVCJ9.eyJlbWFpbCI6InN1cnlhLm5Ac2VtaWNvbm9zLmFpIiwic3ViIjo5NSwicm9sZSI6IkxlYXJuZXIiLCJvcmdJZCI6bnVsbCwidGVhbUlkIjpudWxsLCJhdmFpbGFibGVSb2xlcyI6W10sInNpZCI6ImI5NGVjYzQ3LTQ2MDItNDE5Zi1iMmY0LTViOTk1ODhhZjc2MSIsImlhdCI6MTc4NDc5OTY3MSwiZXhwIjoxNzg1NDA0NDcxfQ.XtqvvgxYi_43mtsjpbElbbWChpvHhFSh_eG6XYLo8oU} @ http://semiconlab-staging-alb-124259420.ap-south-1.elb.amazonaws.com/main.dart.js:55772
[ 5538379ms] [ERROR] Failed to load resource: the server responded with a status of 401 (Unauthorized) @ http://semiconlab-staging-alb-124259420.ap-south-1.elb.amazonaws.com:3000/v1/labs-api/available-labs:0
[ 5538382ms] [LOG] [ApiService] Error: This exception was thrown because the response has a status code of 401 and RequestOptions.validateStatus was configured to throw for this status code.
The status code of 401 has the following meaning: "Client error - the request contains bad syntax or cannot be fulfilled"
Read more about status codes at https://developer.mozilla.org/en-US/docs/Web/HTTP/Status
In order to resolve this exception you typically have either to verify and fix your request code or you have to fix the server code.
 @ http://semiconlab-staging-alb-124259420.ap-south-1.elb.amazonaws.com/main.dart.js:55772
[ 5538382ms] [LOG] [ApiService] Error Type: DioExceptionType.badResponse @ http://semiconlab-staging-alb-124259420.ap-south-1.elb.amazonaws.com/main.dart.js:55772
[ 5538382ms] [LOG] [ApiService] Error Response: {statusCode: 401, timestamp: 2026-07-27T12:12:55.585+05:30, path: /v1/labs-api/available-labs, method: GET, message: Your session has ended or you signed in elsewhere. Please sign in again., error: Unauthorized} @ http://semiconlab-staging-alb-124259420.ap-south-1.elb.amazonaws.com/main.dart.js:55772
[ 5538382ms] [LOG] [ApiService] Request URL: http://semiconlab-staging-alb-124259420.ap-south-1.elb.amazonaws.com:3000/v1/labs-api/available-labs @ http://semiconlab-staging-alb-124259420.ap-south-1.elb.amazonaws.com/main.dart.js:55772
[ 5538383ms] [LOG] [AuthService] getToken() - token exists: true, token length: 327 @ http://semiconlab-staging-alb-124259420.ap-south-1.elb.amazonaws.com/main.dart.js:55772
[ 5538383ms] [LOG] [ApiService] GET Request: /users/95 @ http://semiconlab-staging-alb-124259420.ap-south-1.elb.amazonaws.com/main.dart.js:55772
[ 5538383ms] [LOG] [ApiService] Headers: {Authorization: Bearer eyJhbGciOiJIUzI1NiIsInR5cCI6IkpXVCJ9.eyJlbWFpbCI6InN1cnlhLm5Ac2VtaWNvbm9zLmFpIiwic3ViIjo5NSwicm9sZSI6IkxlYXJuZXIiLCJvcmdJZCI6bnVsbCwidGVhbUlkIjpudWxsLCJhdmFpbGFibGVSb2xlcyI6W10sInNpZCI6ImI5NGVjYzQ3LTQ2MDItNDE5Zi1iMmY0LTViOTk1ODhhZjc2MSIsImlhdCI6MTc4NDc5OTY3MSwiZXhwIjoxNzg1NDA0NDcxfQ.XtqvvgxYi_43mtsjpbElbbWChpvHhFSh_eG6XYLo8oU} @ http://semiconlab-staging-alb-124259420.ap-south-1.elb.amazonaws.com/main.dart.js:55772
[ 5538441ms] [ERROR] Failed to load resource: the server responded with a status of 401 (Unauthorized) @ http://semiconlab-staging-alb-124259420.ap-south-1.elb.amazonaws.com:3000/v1/users/95:0
[ 5538443ms] [LOG] [ApiService] Error: This exception was thrown because the response has a status code of 401 and RequestOptions.validateStatus was configured to throw for this status code.
The status code of 401 has the following meaning: "Client error - the request contains bad syntax or cannot be fulfilled"
Read more about status codes at https://developer.mozilla.org/en-US/docs/Web/HTTP/Status
In order to resolve this exception you typically have either to verify and fix your request code or you have to fix the server code.
 @ http://semiconlab-staging-alb-124259420.ap-south-1.elb.amazonaws.com/main.dart.js:55772
[ 5538444ms] [LOG] [ApiService] Error Type: DioExceptionType.badResponse @ http://semiconlab-staging-alb-124259420.ap-south-1.elb.amazonaws.com/main.dart.js:55772
[ 5538444ms] [LOG] [ApiService] Error Response: {statusCode: 401, timestamp: 2026-07-27T12:12:55.647+05:30, path: /v1/users/95, method: GET, message: Your session has ended or you signed in elsewhere. Please sign in again., error: Unauthorized} @ http://semiconlab-staging-alb-124259420.ap-south-1.elb.amazonaws.com/main.dart.js:55772
[ 5538444ms] [LOG] [ApiService] Request URL: http://semiconlab-staging-alb-124259420.ap-south-1.elb.amazonaws.com:3000/v1/users/95 @ http://semiconlab-staging-alb-124259420.ap-south-1.elb.amazonaws.com/main.dart.js:55772
[ 5538444ms] [LOG] [LabHoursLiveSync] profile pool merge failed: Exception: Error fetching user profile: Your session has ended or you signed in elsewhere. Please sign in again. @ http://semiconlab-staging-alb-124259420.ap-south-1.elb.amazonaws.com/main.dart.js:55772
[ 5658446ms] [LOG] [AuthService] getToken() - token exists: true, token length: 327 @ http://semiconlab-staging-alb-124259420.ap-south-1.elb.amazonaws.com/main.dart.js:55772
[ 5658446ms] [LOG] [AuthService] getToken() - token exists: true, token length: 327 @ http://semiconlab-staging-alb-124259420.ap-south-1.elb.amazonaws.com/main.dart.js:55772
[ 5658446ms] [LOG] [ApiService] GET Request: labs-api/available-labs @ http://semiconlab-staging-alb-124259420.ap-south-1.elb.amazonaws.com/main.dart.js:55772
[ 5658447ms] [LOG] [ApiService] Headers: {Authorization: Bearer eyJhbGciOiJIUzI1NiIsInR5cCI6IkpXVCJ9.eyJlbWFpbCI6InN1cnlhLm5Ac2VtaWNvbm9zLmFpIiwic3ViIjo5NSwicm9sZSI6IkxlYXJuZXIiLCJvcmdJZCI6bnVsbCwidGVhbUlkIjpudWxsLCJhdmFpbGFibGVSb2xlcyI6W10sInNpZCI6ImI5NGVjYzQ3LTQ2MDItNDE5Zi1iMmY0LTViOTk1ODhhZjc2MSIsImlhdCI6MTc4NDc5OTY3MSwiZXhwIjoxNzg1NDA0NDcxfQ.XtqvvgxYi_43mtsjpbElbbWChpvHhFSh_eG6XYLo8oU} @ http://semiconlab-staging-alb-124259420.ap-south-1.elb.amazonaws.com/main.dart.js:55772
[ 5688462ms] [LOG] [ApiService] Error: The request connection took longer than 0:00:30.000000 and it was aborted. To get rid of this exception, try raising the RequestOptions.connectTimeout above the duration of 0:00:30.000000 or improve the response time of the server. @ http://semiconlab-staging-alb-124259420.ap-south-1.elb.amazonaws.com/main.dart.js:55772
[ 5688462ms] [LOG] [ApiService] Error Type: DioExceptionType.connectionTimeout @ http://semiconlab-staging-alb-124259420.ap-south-1.elb.amazonaws.com/main.dart.js:55772
[ 5688462ms] [LOG] [ApiService] Error Response: null @ http://semiconlab-staging-alb-124259420.ap-south-1.elb.amazonaws.com/main.dart.js:55772
[ 5688462ms] [LOG] [ApiService] Request URL: http://semiconlab-staging-alb-124259420.ap-south-1.elb.amazonaws.com:3000/v1/labs-api/available-labs @ http://semiconlab-staging-alb-124259420.ap-south-1.elb.amazonaws.com/main.dart.js:55772
[ 5688463ms] [LOG] [LabHoursLiveSync] poll failed: Connection timeout. Please check your internet connection. @ http://semiconlab-staging-alb-124259420.ap-south-1.elb.amazonaws.com/main.dart.js:55772
[ 5808464ms] [LOG] [AuthService] getToken() - token exists: true, token length: 327 @ http://semiconlab-staging-alb-124259420.ap-south-1.elb.amazonaws.com/main.dart.js:55772
[ 5808464ms] [LOG] [AuthService] getToken() - token exists: true, token length: 327 @ http://semiconlab-staging-alb-124259420.ap-south-1.elb.amazonaws.com/main.dart.js:55772
[ 5808464ms] [LOG] [ApiService] GET Request: labs-api/available-labs @ http://semiconlab-staging-alb-124259420.ap-south-1.elb.amazonaws.com/main.dart.js:55772
[ 5808465ms] [LOG] [ApiService] Headers: {Authorization: Bearer eyJhbGciOiJIUzI1NiIsInR5cCI6IkpXVCJ9.eyJlbWFpbCI6InN1cnlhLm5Ac2VtaWNvbm9zLmFpIiwic3ViIjo5NSwicm9sZSI6IkxlYXJuZXIiLCJvcmdJZCI6bnVsbCwidGVhbUlkIjpudWxsLCJhdmFpbGFibGVSb2xlcyI6W10sInNpZCI6ImI5NGVjYzQ3LTQ2MDItNDE5Zi1iMmY0LTViOTk1ODhhZjc2MSIsImlhdCI6MTc4NDc5OTY3MSwiZXhwIjoxNzg1NDA0NDcxfQ.XtqvvgxYi_43mtsjpbElbbWChpvHhFSh_eG6XYLo8oU} @ http://semiconlab-staging-alb-124259420.ap-south-1.elb.amazonaws.com/main.dart.js:55772
[ 5808571ms] [ERROR] Failed to load resource: the server responded with a status of 401 (Unauthorized) @ http://semiconlab-staging-alb-124259420.ap-south-1.elb.amazonaws.com:3000/v1/labs-api/available-labs:0
[ 5808574ms] [LOG] [ApiService] Error: This exception was thrown because the response has a status code of 401 and RequestOptions.validateStatus was configured to throw for this status code.
The status code of 401 has the following meaning: "Client error - the request contains bad syntax or cannot be fulfilled"
Read more about status codes at https://developer.mozilla.org/en-US/docs/Web/HTTP/Status
In order to resolve this exception you typically have either to verify and fix your request code or you have to fix the server code.
 @ http://semiconlab-staging-alb-124259420.ap-south-1.elb.amazonaws.com/main.dart.js:55772
[ 5808574ms] [LOG] [ApiService] Error Type: DioExceptionType.badResponse @ http://semiconlab-staging-alb-124259420.ap-south-1.elb.amazonaws.com/main.dart.js:55772
[ 5808574ms] [LOG] [ApiService] Error Response: {statusCode: 401, timestamp: 2026-07-27T12:17:25.773+05:30, path: /v1/labs-api/available-labs, method: GET, message: Your session has ended or you signed in elsewhere. Please sign in again., error: Unauthorized} @ http://semiconlab-staging-alb-124259420.ap-south-1.elb.amazonaws.com/main.dart.js:55772
[ 5808575ms] [LOG] [ApiService] Request URL: http://semiconlab-staging-alb-124259420.ap-south-1.elb.amazonaws.com:3000/v1/labs-api/available-labs @ http://semiconlab-staging-alb-124259420.ap-south-1.elb.amazonaws.com/main.dart.js:55772
[ 5808575ms] [LOG] [AuthService] getToken() - token exists: true, token length: 327 @ http://semiconlab-staging-alb-124259420.ap-south-1.elb.amazonaws.com/main.dart.js:55772
[ 5808575ms] [LOG] [ApiService] GET Request: /users/95 @ http://semiconlab-staging-alb-124259420.ap-south-1.elb.amazonaws.com/main.dart.js:55772
[ 5808576ms] [LOG] [ApiService] Headers: {Authorization: Bearer eyJhbGciOiJIUzI1NiIsInR5cCI6IkpXVCJ9.eyJlbWFpbCI6InN1cnlhLm5Ac2VtaWNvbm9zLmFpIiwic3ViIjo5NSwicm9sZSI6IkxlYXJuZXIiLCJvcmdJZCI6bnVsbCwidGVhbUlkIjpudWxsLCJhdmFpbGFibGVSb2xlcyI6W10sInNpZCI6ImI5NGVjYzQ3LTQ2MDItNDE5Zi1iMmY0LTViOTk1ODhhZjc2MSIsImlhdCI6MTc4NDc5OTY3MSwiZXhwIjoxNzg1NDA0NDcxfQ.XtqvvgxYi_43mtsjpbElbbWChpvHhFSh_eG6XYLo8oU} @ http://semiconlab-staging-alb-124259420.ap-south-1.elb.amazonaws.com/main.dart.js:55772
[ 5808626ms] [ERROR] Failed to load resource: the server responded with a status of 401 (Unauthorized) @ http://semiconlab-staging-alb-124259420.ap-south-1.elb.amazonaws.com:3000/v1/users/95:0
[ 5808628ms] [LOG] [ApiService] Error: This exception was thrown because the response has a status code of 401 and RequestOptions.validateStatus was configured to throw for this status code.
The status code of 401 has the following meaning: "Client error - the request contains bad syntax or cannot be fulfilled"
Read more about status codes at https://developer.mozilla.org/en-US/docs/Web/HTTP/Status
In order to resolve this exception you typically have either to verify and fix your request code or you have to fix the server code.
 @ http://semiconlab-staging-alb-124259420.ap-south-1.elb.amazonaws.com/main.dart.js:55772
[ 5808628ms] [LOG] [ApiService] Error Type: DioExceptionType.badResponse @ http://semiconlab-staging-alb-124259420.ap-south-1.elb.amazonaws.com/main.dart.js:55772
[ 5808629ms] [LOG] [ApiService] Error Response: {statusCode: 401, timestamp: 2026-07-27T12:17:25.834+05:30, path: /v1/users/95, method: GET, message: Your session has ended or you signed in elsewhere. Please sign in again., error: Unauthorized} @ http://semiconlab-staging-alb-124259420.ap-south-1.elb.amazonaws.com/main.dart.js:55772
[ 5808629ms] [LOG] [ApiService] Request URL: http://semiconlab-staging-alb-124259420.ap-south-1.elb.amazonaws.com:3000/v1/users/95 @ http://semiconlab-staging-alb-124259420.ap-south-1.elb.amazonaws.com/main.dart.js:55772
[ 5808629ms] [LOG] [LabHoursLiveSync] profile pool merge failed: Exception: Error fetching user profile: Your session has ended or you signed in elsewhere. Please sign in again. @ http://semiconlab-staging-alb-124259420.ap-south-1.elb.amazonaws.com/main.dart.js:55772
[ 5928630ms] [LOG] [AuthService] getToken() - token exists: true, token length: 327 @ http://semiconlab-staging-alb-124259420.ap-south-1.elb.amazonaws.com/main.dart.js:55772
[ 5928631ms] [LOG] [AuthService] getToken() - token exists: true, token length: 327 @ http://semiconlab-staging-alb-124259420.ap-south-1.elb.amazonaws.com/main.dart.js:55772
[ 5928631ms] [LOG] [ApiService] GET Request: labs-api/available-labs @ http://semiconlab-staging-alb-124259420.ap-south-1.elb.amazonaws.com/main.dart.js:55772
[ 5928631ms] [LOG] [ApiService] Headers: {Authorization: Bearer eyJhbGciOiJIUzI1NiIsInR5cCI6IkpXVCJ9.eyJlbWFpbCI6InN1cnlhLm5Ac2VtaWNvbm9zLmFpIiwic3ViIjo5NSwicm9sZSI6IkxlYXJuZXIiLCJvcmdJZCI6bnVsbCwidGVhbUlkIjpudWxsLCJhdmFpbGFibGVSb2xlcyI6W10sInNpZCI6ImI5NGVjYzQ3LTQ2MDItNDE5Zi1iMmY0LTViOTk1ODhhZjc2MSIsImlhdCI6MTc4NDc5OTY3MSwiZXhwIjoxNzg1NDA0NDcxfQ.XtqvvgxYi_43mtsjpbElbbWChpvHhFSh_eG6XYLo8oU} @ http://semiconlab-staging-alb-124259420.ap-south-1.elb.amazonaws.com/main.dart.js:55772
[ 5928796ms] [ERROR] Failed to load resource: the server responded with a status of 401 (Unauthorized) @ http://semiconlab-staging-alb-124259420.ap-south-1.elb.amazonaws.com:3000/v1/labs-api/available-labs:0
[ 5928798ms] [LOG] [ApiService] Error: This exception was thrown because the response has a status code of 401 and RequestOptions.validateStatus was configured to throw for this status code.
The status code of 401 has the following meaning: "Client error - the request contains bad syntax or cannot be fulfilled"
Read more about status codes at https://developer.mozilla.org/en-US/docs/Web/HTTP/Status
In order to resolve this exception you typically have either to verify and fix your request code or you have to fix the server code.
 @ http://semiconlab-staging-alb-124259420.ap-south-1.elb.amazonaws.com/main.dart.js:55772
[ 5928798ms] [LOG] [ApiService] Error Type: DioExceptionType.badResponse @ http://semiconlab-staging-alb-124259420.ap-south-1.elb.amazonaws.com/main.dart.js:55772
[ 5928799ms] [LOG] [ApiService] Error Response: {statusCode: 401, timestamp: 2026-07-27T12:19:26.000+05:30, path: /v1/labs-api/available-labs, method: GET, message: Your session has ended or you signed in elsewhere. Please sign in again., error: Unauthorized} @ http://semiconlab-staging-alb-124259420.ap-south-1.elb.amazonaws.com/main.dart.js:55772
[ 5928799ms] [LOG] [ApiService] Request URL: http://semiconlab-staging-alb-124259420.ap-south-1.elb.amazonaws.com:3000/v1/labs-api/available-labs @ http://semiconlab-staging-alb-124259420.ap-south-1.elb.amazonaws.com/main.dart.js:55772
[ 5928799ms] [LOG] [AuthService] getToken() - token exists: true, token length: 327 @ http://semiconlab-staging-alb-124259420.ap-south-1.elb.amazonaws.com/main.dart.js:55772
[ 5928800ms] [LOG] [ApiService] GET Request: /users/95 @ http://semiconlab-staging-alb-124259420.ap-south-1.elb.amazonaws.com/main.dart.js:55772
[ 5928800ms] [LOG] [ApiService] Headers: {Authorization: Bearer eyJhbGciOiJIUzI1NiIsInR5cCI6IkpXVCJ9.eyJlbWFpbCI6InN1cnlhLm5Ac2VtaWNvbm9zLmFpIiwic3ViIjo5NSwicm9sZSI6IkxlYXJuZXIiLCJvcmdJZCI6bnVsbCwidGVhbUlkIjpudWxsLCJhdmFpbGFibGVSb2xlcyI6W10sInNpZCI6ImI5NGVjYzQ3LTQ2MDItNDE5Zi1iMmY0LTViOTk1ODhhZjc2MSIsImlhdCI6MTc4NDc5OTY3MSwiZXhwIjoxNzg1NDA0NDcxfQ.XtqvvgxYi_43mtsjpbElbbWChpvHhFSh_eG6XYLo8oU} @ http://semiconlab-staging-alb-124259420.ap-south-1.elb.amazonaws.com/main.dart.js:55772
[ 5928855ms] [ERROR] Failed to load resource: the server responded with a status of 401 (Unauthorized) @ http://semiconlab-staging-alb-124259420.ap-south-1.elb.amazonaws.com:3000/v1/users/95:0
[ 5928857ms] [LOG] [ApiService] Error: This exception was thrown because the response has a status code of 401 and RequestOptions.validateStatus was configured to throw for this status code.
The status code of 401 has the following meaning: "Client error - the request contains bad syntax or cannot be fulfilled"
Read more about status codes at https://developer.mozilla.org/en-US/docs/Web/HTTP/Status
In order to resolve this exception you typically have either to verify and fix your request code or you have to fix the server code.
 @ http://semiconlab-staging-alb-124259420.ap-south-1.elb.amazonaws.com/main.dart.js:55772
[ 5928857ms] [LOG] [ApiService] Error Type: DioExceptionType.badResponse @ http://semiconlab-staging-alb-124259420.ap-south-1.elb.amazonaws.com/main.dart.js:55772
[ 5928858ms] [LOG] [ApiService] Error Response: {statusCode: 401, timestamp: 2026-07-27T12:19:26.060+05:30, path: /v1/users/95, method: GET, message: Your session has ended or you signed in elsewhere. Please sign in again., error: Unauthorized} @ http://semiconlab-staging-alb-124259420.ap-south-1.elb.amazonaws.com/main.dart.js:55772
[ 5928858ms] [LOG] [ApiService] Request URL: http://semiconlab-staging-alb-124259420.ap-south-1.elb.amazonaws.com:3000/v1/users/95 @ http://semiconlab-staging-alb-124259420.ap-south-1.elb.amazonaws.com/main.dart.js:55772
[ 5928858ms] [LOG] [LabHoursLiveSync] profile pool merge failed: Exception: Error fetching user profile: Your session has ended or you signed in elsewhere. Please sign in again. @ http://semiconlab-staging-alb-124259420.ap-south-1.elb.amazonaws.com/main.dart.js:55772
